"OCR","ENSEMBL","SYMBOL","GENENAME","chr","start","end","annotation_simplified","distanceToTSS","spearman_rho","spearman_padj","rna_lrt_padj","rna_donor_log2FC_range","atac_lrt_padj","atac_donor_log2FC_range"
"chr6_32529816_32530818","ENSG00000198502","HLA-DRB5","major histocompatibility complex, class II, DR beta 5","chr6",32529816,32530818,"Promoter",0,0.422150789012274,0.00200792681752153,3.62969020342198e-174,6.57158086616893,1.89066824232506e-29,1.30568245857567
"chr6_32224642_32225027","ENSG00000198502","HLA-DRB5","major histocompatibility complex, class II, DR beta 5","chr6",32224642,32225027,"Distal Intergenic",305260,0.305669199298656,0.0319764417922883,3.62969020342198e-174,6.57158086616893,0.00154176621328718,1.16814607379221
"chr6_37696311_37698146","ENSG00000112139","MDGA1","MAM domain containing glycosylphosphatidylinositol anchor 1","chr6",37696311,37698146,"5' UTR",1160,0.831783861966444,3.29773657078723e-14,6.75969137617459e-65,9.63933561412485,1.063333033455e-57,1.53989811677698
"chr6_37698288_37699188","ENSG00000112139","MDGA1","MAM domain containing glycosylphosphatidylinositol anchor 1","chr6",37698288,37699188,"Promoter",118,0.8090338169613,5.24460252882781e-13,6.75969137617459e-65,9.63933561412485,3.76673873513748e-37,1.33134870427553
"chr6_37648980_37649172","ENSG00000112139","MDGA1","MAM domain containing glycosylphosphatidylinositol anchor 1","chr6",37648980,37649172,"Exon",50134,-0.313047655367182,0.0276905346278585,6.75969137617459e-65,9.63933561412485,5.60763450142206e-06,1.40886988497699
"chr6_37667470_37667825","ENSG00000112139","MDGA1","MAM domain containing glycosylphosphatidylinositol anchor 1","chr6",37667470,37667825,"Intron",31481,-0.399977684866913,0.00369113845028159,6.75969137617459e-65,9.63933561412485,0.000231098267324983,2.49210271927633
"chr1_78619565_78620783","ENSG00000137959","IFI44L","interferon induced protein 44 like","chr1",78619565,78620783,"Promoter",0,0.45255775099213,0.000813298192365505,2.38955745036435e-42,7.64022062311503,3.70141632263772e-13,1.39864167658383
"chr1_78490905_78491662","ENSG00000137959","IFI44L","interferon induced protein 44 like","chr1",78490905,78491662,"5' UTR",-128260,-0.295590417571342,0.0387604819094829,2.38955745036435e-42,7.64022062311503,1.33938690204322e-05,1.86915194056302
"chr22_50530073_50530381","ENSG00000025708","TYMP","thymidine phosphorylase","chr22",50530073,50530381,"Promoter",-17,0.612098188194039,1.32753296981487e-06,1.62780074259629e-33,3.22746070637453,3.32714785437025e-13,1.12133125849172
"chr1_78651142_78651711","ENSG00000137965","IFI44","interferon induced protein 44","chr1",78651142,78651711,"Intron",1346,0.284428469178071,0.0477067736607919,5.07097871103467e-31,5.91419225637454,6.72441161371296e-11,1.03688801967661
"chr1_78645851_78646204","ENSG00000137965","IFI44","interferon induced protein 44","chr1",78645851,78646204,"3' UTR",-3592,0.296702172769439,0.037985551315297,5.07097871103467e-31,5.91419225637454,0.000166509812799735,1.02324019370409
"chr2_231680844_231681358","ENSG00000187514","PTMA","prothymosin alpha","chr2",231680844,231681358,"Distal Intergenic",-25537,0.455406195207481,0.000742357607398117,2.86648237860406e-29,1.87785407361997,1.64735648681621e-05,1.10416673669917
"chr6_144653945_144654723","ENSG00000152818","UTRN","utrophin","chr6",144653945,144654723,"Intron",368244,0.725482174167154,1.10354606583372e-09,6.34663150529678e-29,2.0226977759248,1.37097329587517e-14,1.13031481656995
"chr6_144886572_144887208","ENSG00000152818","UTRN","utrophin","chr6",144886572,144887208,"Distal Intergenic",600871,-0.447308434921522,0.000957724791377887,6.34663150529678e-29,2.0226977759248,3.01773633512327e-09,3.01154468674891
"chr6_144990607_144991148","ENSG00000152818","UTRN","utrophin","chr6",144990607,144991148,"Distal Intergenic",704906,-0.52492840115382,6.59630056678857e-05,6.34663150529678e-29,2.0226977759248,5.20287047251039e-08,3.50515055733218
"chr6_144588705_144588967","ENSG00000152818","UTRN","utrophin","chr6",144588705,144588967,"Intron",303004,0.472946711720733,0.000421761919608535,6.34663150529678e-29,2.0226977759248,1.01462857716178e-05,1.25705154072249
"chr6_144675248_144675861","ENSG00000152818","UTRN","utrophin","chr6",144675248,144675861,"Intron",389547,-0.545178258328463,2.94847524672749e-05,6.34663150529678e-29,2.0226977759248,0.000994805280984064,1.23740001279295
"chr6_144857303_144857680","ENSG00000152818","UTRN","utrophin","chr6",144857303,144857680,"Distal Intergenic",571602,-0.447106954997078,0.000963776728038457,6.34663150529678e-29,2.0226977759248,0.0012074982805706,1.73391544060626
"chr6_144298248_144298479","ENSG00000152818","UTRN","utrophin","chr6",144298248,144298479,"Intron",12547,-0.380596142606663,0.00610339149597767,6.34663150529678e-29,2.0226977759248,0.00696045628309181,1.01456937878788
"chr10_3482396_3482626","ENSG00000067082","KLF6","Kruppel like factor 6","chr10",3482396,3482626,"Distal Intergenic",302655,0.321098772647575,0.0234825091718199,1.46218001877329e-26,2.22872995282056,1.47028990544839e-21,2.3718005233441
"chr10_3668495_3669142","ENSG00000067082","KLF6","Kruppel like factor 6","chr10",3668495,3669142,"Distal Intergenic",116139,0.424488603156049,0.00188534720349815,1.46218001877329e-26,2.22872995282056,4.58008111859527e-12,1.37531191739264
"chr10_3775525_3776382","ENSG00000067082","KLF6","Kruppel like factor 6","chr10",3775525,3776382,"3' UTR",8899,0.797369959088253,1.81299136687478e-12,1.46218001877329e-26,2.22872995282056,1.31837221319139e-11,2.15653135276805
"chr10_3666805_3667315","ENSG00000067082","KLF6","Kruppel like factor 6","chr10",3666805,3667315,"Distal Intergenic",117966,0.380479251899474,0.00612048748495568,1.46218001877329e-26,2.22872995282056,1.54579250189779e-07,1.24522140362332
"chr10_3720421_3720900","ENSG00000067082","KLF6","Kruppel like factor 6","chr10",3720421,3720900,"Distal Intergenic",64381,0.580479251899474,6.28024385372851e-06,1.46218001877329e-26,2.22872995282056,0.00326608362114089,1.2274605451521
"chr10_3739984_3740576","ENSG00000067082","KLF6","Kruppel like factor 6","chr10",3739984,3740576,"Distal Intergenic",44705,0.305902980713033,0.0318308490501701,1.46218001877329e-26,2.22872995282056,0.00421871569028743,1.08175499196814
"chr11_320048_321086","ENSG00000142089","IFITM3","interferon induced transmembrane protein 3","chr11",320048,321086,"5' UTR",6451,0.528462887200468,5.75577396045945e-05,6.48769808949141e-26,4.62956442917345,1.04707871493187e-09,1.10915831586695
"chr14_35352051_35353031","ENSG00000100906","NFKBIA","NFKB inhibitor alpha","chr14",35352051,35353031,"Distal Intergenic",51718,-0.470601987142022,0.000455608262039872,1.34834529348231e-24,2.39800904366751,0.000418163122489504,1.00069157802021
"chr6_116392341_116392934","ENSG00000188820","CALHM6","calcium homeostasis modulator family member 6","chr6",116392341,116392934,"Intron",-68436,0.409292811221508,0.00287442089782637,1.34834529348231e-24,2.05932013945022,0.00288741949841658,1.11623238804829
"chr14_35349927_35350135","ENSG00000100906","NFKBIA","NFKB inhibitor alpha","chr14",35349927,35350135,"Distal Intergenic",54614,-0.545799909466642,2.87198006254371e-05,1.34834529348231e-24,2.39800904366751,0.00361149485963144,1.66683710138927
"chr14_35385521_35385918","ENSG00000100906","NFKBIA","NFKB inhibitor alpha","chr14",35385521,35385918,"Distal Intergenic",18831,-0.324113444123495,0.0220916926948985,1.34834529348231e-24,2.39800904366751,0.00768661122923314,1.35263475077715
"chrX_107712426_107713191","ENSG00000157514","TSC22D3","TSC22 domain family member 3","chrX",107712426,107713191,"Downstream (<1kb)",64151,0.846288720046756,5.13456438538649e-15,1.67913649082845e-24,1.84640192970065,5.06206695381401e-09,1.58363283618696
"chr12_112791355_112791822","ENSG00000089127","OAS1","2'-5'-oligoadenylate synthetase 1","chr12",112791355,112791822,"5' UTR",-114955,-0.569842197545295,1.02485522206247e-05,3.00660498772858e-22,2.40228016519148,7.78973230396803e-05,1.88143104117762
"chr12_112797798_112798704","ENSG00000089127","OAS1","2'-5'-oligoadenylate synthetase 1","chr12",112797798,112798704,"Intron",-108073,-0.643950905902981,2.43255672026587e-07,3.00660498772858e-22,2.40228016519148,0.00104320147001837,2.09882378981878
"chr19_2490906_2491818","ENSG00000099860","GADD45B","growth arrest and DNA damage inducible beta","chr19",2490906,2491818,"Distal Intergenic",14779,0.381823495032145,0.00592512727161632,1.01274773104079e-20,2.53374319993878,2.36286253755785e-10,1.37655485759862
"chr19_2507085_2507644","ENSG00000099860","GADD45B","growth arrest and DNA damage inducible beta","chr19",2507085,2507644,"Distal Intergenic",30958,0.747106954997078,1.92440898464546e-10,1.01274773104079e-20,2.53374319993878,3.7651514893295e-08,1.24141229649982
"chr19_2486067_2486580","ENSG00000099860","GADD45B","growth arrest and DNA damage inducible beta","chr19",2486067,2486580,"Distal Intergenic",9940,0.787784921098773,4.92453299157317e-12,1.01274773104079e-20,2.53374319993878,1.46269335220454e-05,1.17737780914378
"chr20_41064476_41064661","ENSG00000198900","TOP1","DNA topoisomerase I","chr20",41064476,41064661,"Intron",35658,-0.453945061367621,0.000777986316564486,1.52025482208739e-19,1.13304611051286,1.22858780402675e-10,1.615436433761
"chr20_40931244_40932050","ENSG00000198900","TOP1","DNA topoisomerase I","chr20",40931244,40932050,"Distal Intergenic",-96768,0.543483343074226,3.16359073671631e-05,1.52025482208739e-19,1.13304611051286,0.00518630137536038,1.57800914807123
"chr12_9773385_9774007","ENSG00000110848","CD69","CD69 molecule","chr12",9773385,9774007,"Distal Intergenic",-12484,-0.493512565751023,0.000210212114616177,2.40709687678387e-19,2.7872181016369,0.000821792147249101,1.02669985490961
"chr1_1000066_1000320","ENSG00000188290","HES4","hes family bHLH transcription factor 4","chr1",1000066,1000320,"Promoter",0,0.5800640205604,6.404410443093e-06,3.48609563568981e-17,9.12647809544838,2.93439945824124e-19,1.60753857370407
"chr1_998960_999403","ENSG00000188290","HES4","hes family bHLH transcription factor 4","chr1",998960,999403,"Promoter",769,0.344246675156786,0.0143902571502583,3.48609563568981e-17,9.12647809544838,1.89212502611594e-15,1.2194664829404
"chr18_55671594_55671782","ENSG00000196628","TCF4","transcription factor 4","chr18",55671594,55671782,"Distal Intergenic",-6807,0.421858562244302,0.00202397955506065,6.91938735125802e-17,0.956144545081393,4.93762444989727e-07,1.85280486811117
"chr18_55657516_55658362","ENSG00000196628","TCF4","transcription factor 4","chr18",55657516,55658362,"Intron",6425,0.588077147866745,4.36435098357482e-06,6.91938735125802e-17,0.956144545081393,4.85589088083006e-05,1.73875942271126
"chr18_55763687_55764107","ENSG00000196628","TCF4","transcription factor 4","chr18",55763687,55764107,"Intron",-98900,0.307047151510735,0.0311279403084126,6.91938735125802e-17,0.956144545081393,0.000575884117370889,1.0728886519832
"chr18_55577927_55578069","ENSG00000196628","TCF4","transcription factor 4","chr18",55577927,55578069,"Intron",86718,-0.568497954412624,1.09132717459438e-05,6.91938735125802e-17,0.956144545081393,0.000579815971294821,1.02015521204539
"chr18_55759362_55759766","ENSG00000196628","TCF4","transcription factor 4","chr18",55759362,55759766,"Intron",-94575,0.334253861138269,0.0178320436610269,6.91938735125802e-17,0.956144545081393,0.00242190740375462,1.96795386448803
"chr7_74781286_74781599","ENSG00000158517","NCF1","neutrophil cytosolic factor 1","chr7",74781286,74781599,"Exon",7324,0.434208082565745,0.00142278512987503,2.13437106169214e-16,2.7914104768928,1.16981934169585e-06,2.4624033245563
"chr7_74761782_74762244","ENSG00000158517","NCF1","neutrophil cytosolic factor 1","chr7",74761782,74762244,"Distal Intergenic",-11718,0.722209234365868,1.41811787900906e-09,2.13437106169214e-16,2.7914104768928,1.33831624629379e-06,1.18323325429729
"chr14_75283260_75284376","ENSG00000170345","FOS","Fos proto-oncogene, AP-1 transcription factor subunit","chr14",75283260,75284376,"Distal Intergenic",4486,0.852133255406195,2.23902692796708e-15,5.32339478786156e-16,4.25193771046397,1.80281983952881e-11,2.67761380931033
"chr5_172789049_172789576","ENSG00000120129","DUSP1","dual specificity phosphatase 1","chr5",172789049,172789576,"Distal Intergenic",-17854,-0.598246639392168,2.67400691597623e-06,7.13090121345099e-16,2.22391958925046,3.3169619629776e-10,1.2033499942854
"chr5_172792694_172793499","ENSG00000120129","DUSP1","dual specificity phosphatase 1","chr5",172792694,172793499,"Distal Intergenic",-21499,-0.458679135008767,0.000670432874426854,7.13090121345099e-16,2.22391958925046,0.000151340099423018,1.14130608777663
"chr20_50450870_50451614","ENSG00000196396","PTPN1","protein tyrosine phosphatase, non-receptor type 1","chr20",50450870,50451614,"Distal Intergenic",-58707,-0.483284628872005,0.000298653953782002,1.09850201098406e-15,1.34029913469375,4.9292748693461e-08,1.17911354871859
"chr20_50543460_50543603","ENSG00000196396","PTPN1","protein tyrosine phosphatase, non-receptor type 1","chr20",50543460,50543603,"Intron",33139,0.339192565678605,0.015992444349075,1.09850201098406e-15,1.34029913469375,0.000284056297107804,1.23905441200897
"chr10_63872296_63872743","ENSG00000171988","JMJD1C","jumonji domain containing 1C","chr10",63872296,63872743,"Intron",-350446,-0.4239625949737,0.00191000221675906,1.11725562754436e-15,1.77255700374337,7.84517463812837e-14,1.58523644294588
"chr10_63976660_63977151","ENSG00000171988","JMJD1C","jumonji domain containing 1C","chr10",63976660,63977151,"Intron",-454810,-0.405961426066628,0.00315225987985525,1.11725562754436e-15,1.77255700374337,1.1829763764887e-10,1.22853310904517
"chr10_64037477_64038325","ENSG00000171988","JMJD1C","jumonji domain containing 1C","chr10",64037477,64038325,"Distal Intergenic",-515627,-0.377206312098188,0.00662759528131381,1.11725562754436e-15,1.77255700374337,1.2421049771661e-06,1.62722866318166
"chr10_63977298_63977667","ENSG00000171988","JMJD1C","jumonji domain containing 1C","chr10",63977298,63977667,"Intron",-455448,-0.464640561075395,0.00055320274281959,1.11725562754436e-15,1.77255700374337,1.3926037586298e-05,1.04808108255274
"chr10_64039304_64039450","ENSG00000171988","JMJD1C","jumonji domain containing 1C","chr10",64039304,64039450,"Distal Intergenic",-517454,-0.532729398012858,4.88368948688764e-05,1.11725562754436e-15,1.77255700374337,6.90490226631863e-05,1.42219151797796
"chr10_63603819_63603999","ENSG00000171988","JMJD1C","jumonji domain containing 1C","chr10",63603819,63603999,"Intron",-81969,0.682933956750438,2.27469518867157e-08,1.11725562754436e-15,1.77255700374337,0.000172786525138604,1.19796927980975
"chr10_64067116_64067433","ENSG00000171988","JMJD1C","jumonji domain containing 1C","chr10",64067116,64067433,"Distal Intergenic",-545266,-0.63385851592855,4.24718811242378e-07,1.11725562754436e-15,1.77255700374337,0.00628937758321835,2.54602612933488
"chr15_77189537_77189745","ENSG00000140391","TSPAN3","tetraspanin 3","chr15",77189537,77189745,"Intron",-105553,0.593980128579778,3.28870575280397e-06,5.67515665080883e-15,1.3455137345258,2.10342496226561e-06,1.88753145912021
"chr22_50530781_50531979","ENSG00000177989","ODF3B","outer dense fiber of sperm tails 3B","chr22",50530781,50531979,"Promoter",601,0.596960841613092,2.84066243490917e-06,1.01049329563237e-13,4.07204175459043,5.45914730302939e-14,1.46716856599684
"chr8_117669669_117670047","ENSG00000164758","MED30","mediator complex subunit 30","chr8",117669669,117670047,"Distal Intergenic",148956,-0.477030976037405,0.00036831700245595,1.02902708365422e-13,1.67769033064975,1.92304177608456e-05,2.25024350357519
"chr8_117697800_117698262","ENSG00000164758","MED30","mediator complex subunit 30","chr8",117697800,117698262,"Distal Intergenic",177087,-0.557065620444735,1.78231650904434e-05,1.02902708365422e-13,1.67769033064975,0.000165824068005224,2.63449197370349
"chr1_178718679_178718898","ENSG00000116191","RALGPS2","Ral GEF with PH domain and SH3 binding motif 2","chr1",178718679,178718898,"Distal Intergenic",-6249,0.700350672121566,7.04362059252572e-09,1.33429857139279e-13,1.33169130997228,0.00175532096269448,1.37405657841022
"chr5_159187801_159188208","ENSG00000145860","RNF145","ring finger protein 145","chr5",159187801,159188208,"Intron",21845,0.624956165984804,6.77528914511446e-07,2.23072948886132e-13,1.71831392957474,0.00691345436310483,1.1157376323101
"chr6_16031278_16031632","ENSG00000007944","MYLIP","myosin regulatory light chain interacting protein","chr6",16031278,16031632,"Distal Intergenic",-97493,-0.695668520404995,9.74975430243276e-09,3.98624668747482e-13,1.43775133242013,5.39617519215394e-08,3.91706716240957
"chr6_15922423_15923041","ENSG00000007944","MYLIP","myosin regulatory light chain interacting protein","chr6",15922423,15923041,"Distal Intergenic",-206084,-0.611805961426067,1.34852117485328e-06,3.98624668747482e-13,1.43775133242013,0.00137222844485725,2.07588636462969
"chr6_16004873_16005359","ENSG00000007944","MYLIP","myosin regulatory light chain interacting protein","chr6",16004873,16005359,"Distal Intergenic",-123766,-0.632387965993368,4.58584431971034e-07,3.98624668747482e-13,1.43775133242013,0.0016543685779362,2.11255746525282
"chr2_20478065_20478522","ENSG00000143878","RHOB","ras homolog family member B","chr2",20478065,20478522,"Distal Intergenic",30991,-0.360251355592959,0.0100009429739134,4.552355606711e-13,2.65833768274247,1.37657468168677e-08,2.05115883050323
"chr2_20429489_20430038","ENSG00000143878","RHOB","ras homolog family member B","chr2",20429489,20430038,"Distal Intergenic",-17036,0.300058445353594,0.0356520610906037,4.552355606711e-13,2.65833768274247,0.00707048815798392,1.038520229648
"chr3_122721493_122721810","ENSG00000173193","PARP14","poly(ADP-ribose) polymerase family member 14","chr3",122721493,122721810,"3' UTR",40875,0.60572764465225,1.83541158281316e-06,4.74496956069942e-13,1.23202540491489,2.22839843017323e-14,1.71656553467134
"chr3_122683036_122683230","ENSG00000173193","PARP14","poly(ADP-ribose) polymerase family member 14","chr3",122683036,122683230,"Intron",2418,0.835827001753361,1.9855785331123e-14,4.74496956069942e-13,1.23202540491489,3.83360284370198e-13,1.74456304637292
"chr2_61450130_61450411","ENSG00000115464","USP34","ubiquitin specific peptidase 34","chr2",61450130,61450411,"Intron",20358,0.332612507305669,0.0184656037240885,4.89783389782965e-13,1.10875401512773,8.87826173538459e-05,1.24955299132316
"chr1_24011674_24012479","ENSG00000188529","SRSF10","serine and arginine rich splicing factor 10","chr1",24011674,24012479,"Distal Intergenic",-30747,0.428404441846873,0.00168688209849123,6.40582512620864e-13,1.31482019694281,7.0007263416962e-05,1.4173185334377
"chr3_40278761_40279164","ENSG00000114784","EIF1B","eukaryotic translation initiation factor 1B","chr3",40278761,40279164,"Intron",-30520,-0.401113030911851,0.00358309379340048,1.62427329272627e-12,2.0203661043081,0.0004627274253934,2.35182500454333
"chr17_83144436_83145323","ENSG00000176845","METRNL","meteorin like, glial cell differentiation regulator","chr17",83144436,83145323,"Exon",64745,0.382355089974918,0.00584976299017374,2.11314846283985e-12,3.39230899540417,1.03350945241868e-05,1.85873531690963
"chr17_83155307_83155954","ENSG00000176845","METRNL","meteorin like, glial cell differentiation regulator","chr17",83155307,83155954,"Intron",75616,0.44004149685435,0.00119638369081714,2.11314846283985e-12,3.39230899540417,0.00112174791491672,1.38502079740264
"chr6_158843816_158844297","ENSG00000092820","EZR","ezrin","chr6",158843816,158844297,"Distal Intergenic",-24404,0.615020455873758,1.14435117444534e-06,3.05643657970356e-12,1.49742585175243,0.000832252212517482,1.15725443861526
"chr1_27865442_27865685","ENSG00000130775","THEMIS2","thymocyte selection associated family member 2","chr1",27865442,27865685,"Distal Intergenic",-6858,0.478791332478528,0.000347650095818835,3.05643657970356e-12,2.66130063794732,0.00746661249092698,1.19465744269613
"chr3_72557945_72558390","ENSG00000163602","RYBP","RING1 and YY1 binding protein","chr3",72557945,72558390,"Distal Intergenic",-111027,-0.283459964932788,0.0485389786258174,3.6575835700588e-12,1.52059236072481,0.000883712344201636,1.13326632534775
"chr3_72419893_72420457","ENSG00000163602","RYBP","RING1 and YY1 binding protein","chr3",72419893,72420457,"Intron",26461,0.292172591682148,0.0413467864692834,3.6575835700588e-12,1.52059236072481,0.00641200082847601,1.31038925239277
"chr17_7836439_7836669","ENSG00000132510","KDM6B","lysine demethylase 6B","chr17",7836439,7836669,"Distal Intergenic",-3235,-0.56697837521917,1.16303963486393e-05,3.87847967415941e-12,2.103547705336,0.000133598499689715,1.25178907278869
"chr10_124546144_124546335","ENSG00000107902","LHPP","phospholysine phosphohistidine inorganic pyrophosphate phosphatase","chr10",124546144,124546335,"Exon",84310,0.617650496785506,9.95193221510897e-07,4.54393716550873e-12,2.03793001094376,1.1518164326074e-11,1.84324746502258
"chr10_124493692_124494610","ENSG00000107902","LHPP","phospholysine phosphohistidine inorganic pyrophosphate phosphatase","chr10",124493692,124494610,"Exon",31858,-0.397253068381064,0.00397222620021982,4.54393716550873e-12,2.03793001094376,2.61749501195164e-11,1.58226720808263
"chr10_124550315_124550838","ENSG00000107902","LHPP","phospholysine phosphohistidine inorganic pyrophosphate phosphatase","chr10",124550315,124550838,"Intron",88481,0.736528345996493,4.58791305404125e-10,4.54393716550873e-12,2.03793001094376,8.91896583432807e-08,1.37531941830549
"chr6_130131956_130132725","ENSG00000198945","L3MBTL3","L3MBTL3, histone methyl-lysine binding protein","chr6",130131956,130132725,"Intron",118257,0.76937463471654,2.77083783880015e-11,5.62180426592868e-12,1.82156634657783,1.37205358911785e-10,1.74045838710774
"chr19_13817438_13818293","ENSG00000267519","LOC284454","uncharacterized LOC284454","chr19",13817438,13818293,"Exon",17996,0.640561075394506,2.93002418949936e-07,1.19124793791617e-11,5.43758020737025,2.12223147869185e-73,2.13773673373281
"chr5_50535499_50535706","ENSG00000170571","EMB","embigin","chr5",50535499,50535706,"Distal Intergenic",-92251,0.486740016709128,0.000265071716063622,1.43001660723209e-11,1.64095770209583,6.04627870749285e-12,2.47384080570799
"chr5_50306038_50307001","ENSG00000170571","EMB","embigin","chr5",50306038,50307001,"Distal Intergenic",136247,0.414204300783986,0.00250984218626705,1.43001660723209e-11,1.64095770209583,1.3926037586298e-05,1.60824979505635
"chr6_32668222_32668819","ENSG00000196735","HLA-DQA1","major histocompatibility complex, class II, DQ alpha 1","chr6",32668222,32668819,"5' UTR",30865,0.841028638223261,1.03035742015207e-14,1.46019909211511e-11,1.6279300193259,1.23576241012782e-40,1.51327622174183
"chr6_32692038_32692275","ENSG00000196735","HLA-DQA1","major histocompatibility complex, class II, DQ alpha 1","chr6",32692038,32692275,"Distal Intergenic",54681,0.833326027646343,2.7886001843904e-14,1.46019909211511e-11,1.6279300193259,1.11771351198934e-33,2.20765233290849
"chr6_33018602_33019789","ENSG00000196735","HLA-DQA1","major histocompatibility complex, class II, DQ alpha 1","chr6",33018602,33019789,"Distal Intergenic",381245,0.717475160724723,2.0496596962879e-09,1.46019909211511e-11,1.6279300193259,3.733036779814e-27,1.11874514363802
"chr6_32637042_32637779","ENSG00000196735","HLA-DQA1","major histocompatibility complex, class II, DQ alpha 1","chr6",32637042,32637779,"Promoter",0,0.903156049094097,3.31832691197006e-19,1.46019909211511e-11,1.6279300193259,1.11399896354388e-21,1.15087882199467
"chr6_32627975_32628356","ENSG00000196735","HLA-DQA1","major histocompatibility complex, class II, DQ alpha 1","chr6",32627975,32628356,"5' UTR",-9001,0.735125657510228,5.15172974050914e-10,1.46019909211511e-11,1.6279300193259,3.42386559444797e-20,3.5151890175841
"chr6_32638475_32638653","ENSG00000196735","HLA-DQA1","major histocompatibility complex, class II, DQ alpha 1","chr6",32638475,32638653,"Intron",1118,0.890778649695464,3.44082409318735e-18,1.46019909211511e-11,1.6279300193259,8.16513163610132e-18,1.76124173721221
"chr6_32603511_32604955","ENSG00000196735","HLA-DQA1","major histocompatibility complex, class II, DQ alpha 1","chr6",32603511,32604955,"Distal Intergenic",-32402,0.863413208649912,3.91288508374728e-16,1.46019909211511e-11,1.6279300193259,8.96063687595825e-16,1.28257128808054
"chr6_32815678_32816484","ENSG00000196735","HLA-DQA1","major histocompatibility complex, class II, DQ alpha 1","chr6",32815678,32816484,"Intron",178321,0.842197545295149,8.85415583584632e-15,1.46019909211511e-11,1.6279300193259,2.5373558736738e-12,1.0497993600284
"chr6_32816811_32817204","ENSG00000196735","HLA-DQA1","major histocompatibility complex, class II, DQ alpha 1","chr6",32816811,32817204,"5' UTR",179454,0.894506136762128,1.6843081174528e-18,1.46019909211511e-11,1.6279300193259,8.69734793536114e-12,1.01681139328418
"chr6_32659665_32660416","ENSG00000196735","HLA-DQA1","major histocompatibility complex, class II, DQ alpha 1","chr6",32659665,32660416,"3' UTR",22308,0.529573348918761,5.5184902250963e-05,1.46019909211511e-11,1.6279300193259,1.13122621887042e-11,1.49805976229027
"chr6_33000166_33000519","ENSG00000196735","HLA-DQA1","major histocompatibility complex, class II, DQ alpha 1","chr6",33000166,33000519,"Distal Intergenic",362809,0.549327878433665,2.47905166965473e-05,1.46019909211511e-11,1.6279300193259,2.00238102513374e-11,1.02930336457382
"chr6_32690235_32690496","ENSG00000196735","HLA-DQA1","major histocompatibility complex, class II, DQ alpha 1","chr6",32690235,32690496,"Distal Intergenic",52878,0.844126241963764,7.01226181321141e-15,1.46019909211511e-11,1.6279300193259,2.243335049506e-11,1.0154589709662
"chr6_32780649_32780819","ENSG00000196735","HLA-DQA1","major histocompatibility complex, class II, DQ alpha 1","chr6",32780649,32780819,"Distal Intergenic",143292,0.438541119458536,0.0012502039220628,1.46019909211511e-11,1.6279300193259,5.61647028389912e-08,2.16836486161304
"chr6_33057190_33058097","ENSG00000196735","HLA-DQA1","major histocompatibility complex, class II, DQ alpha 1","chr6",33057190,33058097,"Distal Intergenic",419833,0.873933372296903,7.70822017064279e-17,1.46019909211511e-11,1.6279300193259,7.97315393811568e-05,1.01576760160748
"chr6_32920753_32920925","ENSG00000196735","HLA-DQA1","major histocompatibility complex, class II, DQ alpha 1","chr6",32920753,32920925,"Distal Intergenic",283396,0.760549386323787,6.12643794038702e-11,1.46019909211511e-11,1.6279300193259,0.000489072791054358,1.46116316758582
"chr6_32744867_32745180","ENSG00000196735","HLA-DQA1","major histocompatibility complex, class II, DQ alpha 1","chr6",32744867,32745180,"Exon",107510,-0.557744009351257,1.73310121317513e-05,1.46019909211511e-11,1.6279300193259,0.00074756583835029,1.43091723652849
"chr20_37758022_37758810","ENSG00000132792","CTNNBL1","catenin beta like 1","chr20",37758022,37758810,"Intron",64067,0.477907656341321,0.000357944832196824,2.62269280957507e-11,1.08171225856932,1.80148340878674e-06,1.47072710939279
"chr20_37777033_37777673","ENSG00000132792","CTNNBL1","catenin beta like 1","chr20",37777033,37777673,"5' UTR",83078,0.350613676212741,0.0124792463834013,2.62269280957507e-11,1.08171225856932,0.000151107915318796,1.04891171376615
"chr20_37774298_37774701","ENSG00000132792","CTNNBL1","catenin beta like 1","chr20",37774298,37774701,"Intron",80343,0.339689358443018,0.0158250606500254,2.62269280957507e-11,1.08171225856932,0.000535094172828033,1.358023932958
"chr2_8653334_8654045","ENSG00000115738","ID2","inhibitor of DNA binding 2","chr2",8653334,8654045,"Distal Intergenic",-24800,0.49520748100526,0.000197809615998332,4.09634937333594e-11,2.92779396537302,0.00069018021116786,1.34874757024892
"chr2_8657248_8657820","ENSG00000115738","ID2","inhibitor of DNA binding 2","chr2",8657248,8657820,"Distal Intergenic",-21025,0.563822326125073,1.33348122498229e-05,4.09634937333594e-11,2.92779396537302,0.00362367218624303,1.34346433535337
"chr19_13665192_13665490","ENSG00000141837","CACNA1A","calcium voltage-gated channel subunit alpha1 A","chr19",13665192,13665490,"Distal Intergenic",-41202,0.602609623232405,2.1523422821078e-06,4.71361922717819e-11,2.24979001676755,6.31693141425001e-09,1.54365047095548
"chr17_78718781_78719025","ENSG00000108669","CYTH1","cytohesin 1","chr17",78718781,78719025,"Intron",63272,0.811338398597312,4.00406064289598e-13,4.79188518434158e-11,0.905267752688378,4.2989262222062e-09,1.06047601827033
"chr17_78766807_78767011","ENSG00000108669","CYTH1","cytohesin 1","chr17",78766807,78767011,"Intron",15286,0.698421975452952,8.03491486867213e-09,4.79188518434158e-11,0.905267752688378,1.32539985932929e-05,1.08241407932832
"chr17_78767903_78768225","ENSG00000108669","CYTH1","cytohesin 1","chr17",78767903,78768225,"Intron",14072,0.680479251899474,2.66655192384331e-08,4.79188518434158e-11,0.905267752688378,6.45315045564558e-05,1.05202730922879
"chr17_78803382_78804022","ENSG00000108669","CYTH1","cytohesin 1","chr17",78803382,78804022,"Exon",-21085,-0.491116306253653,0.000227968839663154,4.79188518434158e-11,0.905267752688378,0.000379713879774027,1.0768731734881
"chr7_75725281_75725604","ENSG00000127946","HIP1","huntingtin interacting protein 1","chr7",75725281,75725604,"Intron",13358,0.285914669783752,0.0464798032255248,5.83218149701089e-11,1.48156310007658,9.42715837189687e-12,1.59549941861308
"chr7_75620948_75621503","ENSG00000127946","HIP1","huntingtin interacting protein 1","chr7",75620948,75621503,"Intron",117459,0.689713617767388,1.45419120004156e-08,5.83218149701089e-11,1.48156310007658,1.02462572810506e-11,1.24107493077843
"chr7_75689569_75690593","ENSG00000127946","HIP1","huntingtin interacting protein 1","chr7",75689569,75690593,"Intron",48369,0.677966101694915,3.13265332564223e-08,5.83218149701089e-11,1.48156310007658,1.19009242054298e-09,1.16408022758677
"chr7_75688035_75688953","ENSG00000127946","HIP1","huntingtin interacting protein 1","chr7",75688035,75688953,"Intron",50009,0.580187025131502,6.36970284193197e-06,5.83218149701089e-11,1.48156310007658,0.000116222658577567,1.01787840642452
"chr7_75748304_75748541","ENSG00000127946","HIP1","huntingtin interacting protein 1","chr7",75748304,75748541,"Distal Intergenic",-9342,0.297262617220941,0.0375764766767799,5.83218149701089e-11,1.48156310007658,0.00186018294761231,2.00159686168515
"chr7_75682811_75683224","ENSG00000127946","HIP1","huntingtin interacting protein 1","chr7",75682811,75683224,"Intron",55738,0.742431326709527,2.87611859234146e-10,5.83218149701089e-11,1.48156310007658,0.00226353664137502,1.3031346362156
"chr7_75662549_75663664","ENSG00000127946","HIP1","huntingtin interacting protein 1","chr7",75662549,75663664,"Intron",75298,0.636411455289305,3.70364250217455e-07,5.83218149701089e-11,1.48156310007658,0.00259976752237846,1.01432009709493
"chr1_67479121_67479607","ENSG00000142864","SERBP1","SERPINE1 mRNA binding protein 1","chr1",67479121,67479607,"Distal Intergenic",-48706,0.362302746931619,0.00954000029856423,6.73032686179201e-11,0.766107674650268,0.00447136107480378,1.19369532472573
"chr1_67537741_67538216","ENSG00000142864","SERBP1","SERPINE1 mRNA binding protein 1","chr1",67537741,67538216,"Distal Intergenic",-107326,0.328287551139684,0.0202532559249067,6.73032686179201e-11,0.766107674650268,0.00698581087602841,1.14661503774725
"chr1_226157760_226158039","ENSG00000182827","ACBD3","acyl-CoA binding domain containing 3","chr1",226157760,226158039,"Intron",28691,0.819286966686149,1.57174514783474e-13,1.03046288786063e-10,1.39530352048776,1.21156001128582e-07,1.08560268787216
"chr1_84538522_84539086","ENSG00000174021","GNG5","G protein subunit gamma 5","chr1",84538522,84539086,"Distal Intergenic",-31957,0.284570426651081,0.0476013700945733,1.04271112280314e-10,1.76529148809773,0.00778233106318866,1.12640868178382
"chr9_107905983_107906592","ENSG00000136826","KLF4","Kruppel like factor 4","chr9",107905983,107906592,"Distal Intergenic",-415501,-0.466335476329632,0.000523927984180876,1.76164658265417e-10,3.79878439960577,1.87582547521933e-16,1.38606547836503
"chr9_107938925_107939647","ENSG00000136826","KLF4","Kruppel like factor 4","chr9",107938925,107939647,"Distal Intergenic",-448443,0.297082073118696,0.0377074217243985,1.76164658265417e-10,3.79878439960577,8.5872153005342e-08,2.60780273924
"chr9_107717566_107718010","ENSG00000136826","KLF4","Kruppel like factor 4","chr9",107717566,107718010,"Distal Intergenic",-227084,0.404582384231906,0.00327012356796485,1.76164658265417e-10,3.79878439960577,4.57785576251816e-05,2.69235389533755
"chr9_107929438_107929754","ENSG00000136826","KLF4","Kruppel like factor 4","chr9",107929438,107929754,"Distal Intergenic",-438956,0.576388077147867,7.59248034758307e-06,1.76164658265417e-10,3.79878439960577,0.000107369591059193,2.08036531015937
"chr9_107587335_107587738","ENSG00000136826","KLF4","Kruppel like factor 4","chr9",107587335,107587738,"Distal Intergenic",-96853,0.439801285797779,0.00120501563075295,1.76164658265417e-10,3.79878439960577,0.0011986296589913,1.62557985698904
"chrX_78092318_78092633","ENSG00000102144","PGK1","phosphoglycerate kinase 1","chrX",78092318,78092633,"Intron",27130,0.60666277030976,1.75305939454516e-06,1.86136778368251e-10,1.428031344729,5.22557136138468e-05,1.51619416131344
"chr3_113660925_113661143","ENSG00000176542","USF3","upstream transcription factor family member 3","chr3",113660925,113661143,"Exon",35503,0.679777907656341,2.78520649803848e-08,2.91802382962259e-10,1.88982842366855,3.04637034755929e-16,1.15710717921467
"chr7_12643666_12644050","ENSG00000122644","ARL4A","ADP ribosylation factor like GTPase 4A","chr7",12643666,12644050,"Intron",-42806,0.702513150204559,6.02190715893947e-09,3.9960183180362e-10,2.30166825351056,3.4678528640621e-08,1.13661001079165
"chr7_13262877_13263393","ENSG00000122644","ARL4A","ADP ribosylation factor like GTPase 4A","chr7",13262877,13263393,"Intron",576021,0.519637638807715,8.09987857234838e-05,3.9960183180362e-10,2.30166825351056,1.15616731955076e-05,1.04836190019558
"chr2_84782087_84782655","ENSG00000034510","TMSB10","thymosin beta 10","chr2",84782087,84782655,"Intron",-122970,0.549503214494448,2.46080598109783e-05,4.3475972479363e-10,1.28311628004186,7.50333761607316e-06,1.10919067402026
"chr2_84817324_84817594","ENSG00000034510","TMSB10","thymosin beta 10","chr2",84817324,84817594,"Intron",-88031,0.68636390321226,1.80948092001323e-08,4.3475972479363e-10,1.28311628004186,9.70994439055874e-05,1.61611764470934
"chr2_84807101_84807445","ENSG00000034510","TMSB10","thymosin beta 10","chr2",84807101,84807445,"Intron",-98180,-0.334955215629204,0.0175511462016031,4.3475972479363e-10,1.28311628004186,0.000205767776124032,1.92938383832823
"chr2_26256003_26256457","ENSG00000084754","HADHA","hydroxyacyl-CoA dehydrogenase trifunctional multienzyme complex subunit alpha","chr2",26256003,26256457,"Intron",-11277,0.472362249644953,0.000429804511838215,5.67808198351562e-10,1.16126947696015,0.00525325627722456,1.97349948262227
"chr12_32005355_32005909","ENSG00000174718","KIAA1551","KIAA1551","chr12",32005355,32005909,"Distal Intergenic",45985,-0.456399766218586,0.000720204836298327,1.49748023135294e-09,1.61093602185457,0.00367467663511683,1.40079691094988
"chr19_48875053_48875602","ENSG00000087074","PPP1R15A","protein phosphatase 1 regulatory subunit 15A","chr19",48875053,48875602,"3' UTR",2661,0.476504967855056,0.000374713231285362,1.55063998191629e-09,2.42441974532981,1.26802754751239e-10,1.56976862782817
"chr3_12924472_12924943","ENSG00000144713","RPL32","ribosomal protein L32","chr3",12924472,12924943,"Exon",-82884,-0.289187609585038,0.0436810644111771,1.62414790479415e-09,1.15613446539857,1.09189813765289e-05,1.11715526693973
"chr3_12853589_12853786","ENSG00000144713","RPL32","ribosomal protein L32","chr3",12853589,12853786,"Intron",-12001,-0.444678240282626,0.00103962419132224,1.62414790479415e-09,1.15613446539857,0.00122697968055137,1.44733451219542
"chr3_12885242_12885608","ENSG00000144713","RPL32","ribosomal protein L32","chr3",12885242,12885608,"Distal Intergenic",-43654,-0.296084161309176,0.0384052239646466,1.62414790479415e-09,1.15613446539857,0.00627144701725736,1.05585739562938
"chr5_96566994_96567775","ENSG00000153113","CAST","calpastatin","chr5",96566994,96567775,"Intron",37173,-0.52437171244886,6.74446021714433e-05,1.92497711283352e-09,1.22244166003749,1.96656440905849e-06,1.38924517742393
"chr5_119220412_119221063","ENSG00000145779","TNFAIP8","TNF alpha induced protein 8","chr5",119220412,119221063,"Exon",-47629,0.794155464640561,2.52634281729717e-12,2.49113589332584e-09,1.00901830975917,0.00343198729170654,1.29029636406833
"chr12_101665702_101666273","ENSG00000111666","CHPT1","choline phosphotransferase 1","chr12",101665702,101666273,"Exon",-30674,-0.35897660694374,0.0102920798021951,2.71016435002706e-09,1.30556682862406,2.54064922083168e-05,1.97499013505245
"chr12_101707307_101707562","ENSG00000111666","CHPT1","choline phosphotransferase 1","chr12",101707307,101707562,"Intron",10360,0.384745762711865,0.00551105833343242,2.71016435002706e-09,1.30556682862406,0.00136402914336987,1.02666494305765
"chr12_89319692_89320029","ENSG00000139318","DUSP6","dual specificity phosphatase 6","chr12",89319692,89320029,"Distal Intergenic",33242,-0.438983050847458,0.00123336520753939,5.11431490457236e-09,2.01747988568096,5.12217980622554e-07,1.20808964010997
"chr12_89214518_89214671","ENSG00000139318","DUSP6","dual specificity phosphatase 6","chr12",89214518,89214671,"Intron",138600,-0.497624507795366,0.000181962852296896,5.11431490457236e-09,2.01747988568096,0.000226375763826314,1.55716802380911
"chr12_89273503_89273711","ENSG00000139318","DUSP6","dual specificity phosphatase 6","chr12",89273503,89273711,"Intron",79560,0.410714919259471,0.00276634116590171,5.11431490457236e-09,2.01747988568096,0.00271698823458066,1.90012072093076
"chr12_89383397_89384567","ENSG00000139318","DUSP6","dual specificity phosphatase 6","chr12",89383397,89384567,"Distal Intergenic",-30126,0.434132086499123,0.0014255991242137,5.11431490457236e-09,2.01747988568096,0.00880850975954469,1.02487346557612
"chr5_10275299_10275954","ENSG00000150753","CCT5","chaperonin containing TCP1 subunit 5","chr5",10275299,10275954,"Exon",25378,0.643717124488603,2.46113538879023e-07,5.38872571313204e-09,1.24586873694286,1.55248675677751e-08,2.32208567194454
"chr5_10272381_10273185","ENSG00000150753","CCT5","chaperonin containing TCP1 subunit 5","chr5",10272381,10273185,"Downstream (2-3kb)",22460,0.499276728234597,0.000171229189375052,5.38872571313204e-09,1.24586873694286,1.53371808546451e-05,2.39134213339052
"chr2_233370288_233370794","ENSG00000077044","DGKD","diacylglycerol kinase delta","chr2",233370288,233370794,"Intron",15781,0.717358270017534,2.06491419373389e-09,5.52682169759854e-09,1.16102806530317,2.43316752983038e-25,3.06252157741266
"chr2_233379880_233380539","ENSG00000077044","DGKD","diacylglycerol kinase delta","chr2",233379880,233380539,"Exon",25373,0.864348334307423,3.45764116712627e-16,5.52682169759854e-09,1.16102806530317,0.000124062805634252,1.15290986316672
"chr2_233363804_233364147","ENSG00000077044","DGKD","diacylglycerol kinase delta","chr2",233363804,233364147,"Intron",9297,0.592928112215079,3.45870379251345e-06,5.52682169759854e-09,1.16102806530317,0.000308081945754178,1.03726506411769
"chr19_14384426_14384498","ENSG00000123146","ADGRE5","adhesion G protein-coupled receptor E5","chr19",14384426,14384498,"Intron",3925,0.688836937463472,1.53965500028074e-08,6.18314364279939e-09,1.58709489859324,1.9599722520381e-06,1.31120515877875
"chr20_63657656_63657811","ENSG00000197457","STMN3","stathmin 3","chr20",63657656,63657811,"Promoter",0,-0.549803474685731,2.43318898728423e-05,6.56159236322257e-09,1.44545904698352,0.00218209140357082,1.2713552480525
"chr13_108326046_108326667","ENSG00000102524","TNFSF13B","TNF superfamily member 13b","chr13",108326046,108326667,"Distal Intergenic",56417,0.486616014026885,0.000266173515144463,6.66449285402003e-09,2.85763815361548,7.06073953123933e-06,1.0323746444655
"chr13_108408800_108409147","ENSG00000102524","TNFSF13B","TNF superfamily member 13b","chr13",108408800,108409147,"Distal Intergenic",139171,0.560406804394035,1.55055884277409e-05,6.66449285402003e-09,2.85763815361548,0.000314461682410734,2.10369535385915
"chr13_108415013_108415246","ENSG00000102524","TNFSF13B","TNF superfamily member 13b","chr13",108415013,108415246,"Distal Intergenic",145384,0.524883713636659,6.6044682887206e-05,6.66449285402003e-09,2.85763815361548,0.000398403599768835,2.41832600295113
"chr8_29371197_29371640","ENSG00000120875","DUSP4","dual specificity phosphatase 4","chr8",29371197,29371640,"Distal Intergenic",-20529,0.521188969413079,7.62513281157622e-05,8.73209037281166e-09,9.12823988711845,9.96091578193978e-30,2.63974382134236
"chr8_29436906_29437564","ENSG00000120875","DUSP4","dual specificity phosphatase 4","chr8",29436906,29437564,"Distal Intergenic",-86238,0.536533171588113,4.19417505407421e-05,8.73209037281166e-09,9.12823988711845,0.0004459445905595,1.95396916095111
"chr22_35676071_35676641","ENSG00000221963","APOL6","apolipoprotein L6","chr22",35676071,35676641,"Distal Intergenic",27676,-0.653185271770894,1.4303522384388e-07,1.01654569277366e-08,2.423318719203,0.0011055453616505,1.04984040867804
"chr1_181077434_181078200","ENSG00000162783","IER5","immediate early response 5","chr1",181077434,181078200,"Distal Intergenic",-10512,-0.479602571595558,0.000338154369600347,1.21025473544546e-08,1.58426489280674,0.000484573612189202,2.16658537046166
"chr16_2963031_2963738","ENSG00000131650","KREMEN2","kringle containing transmembrane protein 2","chr16",2963031,2963738,"Promoter",-206,0.729183114610477,8.28910768164315e-10,1.28223046146413e-08,3.22135115526118,2.96558283305445e-27,1.99802335965136
"chr16_2953765_2954363","ENSG00000131650","KREMEN2","kringle containing transmembrane protein 2","chr16",2953765,2954363,"Exon",-9581,0.694870678178046,1.03122135586272e-08,1.28223046146413e-08,3.22135115526118,1.97062517847501e-10,2.16694127373075
"chr16_2964220_2965123","ENSG00000131650","KREMEN2","kringle containing transmembrane protein 2","chr16",2964220,2965123,"Promoter",276,0.835861473195119,1.9855785331123e-14,1.28223046146413e-08,3.22135115526118,1.17027274287834e-08,1.0111179789264
"chr16_2950868_2951130","ENSG00000131650","KREMEN2","kringle containing transmembrane protein 2","chr16",2950868,2951130,"3' UTR",-12814,0.627297975425254,6.00774553530106e-07,1.28223046146413e-08,3.22135115526118,0.000828717842898266,1.91148946050475
"chr9_136714184_136715130","ENSG00000165716","DIPK1B","divergent protein kinase domain 1B","chr9",136714184,136715130,"Intron",1614,0.856516656925775,1.09884180058752e-15,1.87518910057493e-08,2.44579441763075,5.50943253348315e-13,1.39381670394475
"chr9_136711770_136712352","ENSG00000165716","DIPK1B","divergent protein kinase domain 1B","chr9",136711770,136712352,"Promoter",-218,0.783635300993571,7.32518848419727e-12,1.87518910057493e-08,2.44579441763075,2.3187044095415e-11,1.33957579259182
"chr9_136713489_136713814","ENSG00000165716","DIPK1B","divergent protein kinase domain 1B","chr9",136713489,136713814,"Promoter",919,0.757802454704851,7.79909342218853e-11,1.87518910057493e-08,2.44579441763075,0.0004613404319551,1.23922675908833
"chr16_53181818_53182354","ENSG00000177200","CHD9","chromodomain helicase DNA binding protein 9","chr16",53181818,53182354,"Intron",126785,0.307382080132273,0.0309443949223883,1.97624474623278e-08,1.29730092940887,0.00141238267311813,1.4979736989117
"chr3_183878087_183878611","ENSG00000175193","PARL","presenilin associated rhomboid like","chr3",183878087,183878611,"Intron",6322,0.371712448860316,0.00759524109081959,2.85472011399285e-08,1.17309746782792,0.00133579254656892,1.13510146178848
"chr12_52027566_52027732","ENSG00000123358","NR4A1","nuclear receptor subfamily 4 group A member 1","chr12",52027566,52027732,"Intron",4734,0.297954412624196,0.0370867772623615,3.91957906662665e-08,2.96783143498496,4.32931684286572e-30,1.88959695735354
"chr16_27298080_27298705","ENSG00000077238","IL4R","interleukin 4 receptor","chr16",27298080,27298705,"Distal Intergenic",-14963,0.818702513150205,1.68375554328599e-13,4.03350279462569e-08,2.18821777463566,0.000223802349901324,1.75334392839919
"chr18_59876003_59876518","ENSG00000141682","PMAIP1","phorbol-12-myristate-13-acetate-induced protein 1","chr18",59876003,59876518,"Distal Intergenic",-23430,0.326241963763881,0.0211176591158948,4.28282009315716e-08,1.75876297737837,5.33587091424351e-14,1.58450402724413
"chr18_59927362_59927943","ENSG00000141682","PMAIP1","phorbol-12-myristate-13-acetate-induced protein 1","chr18",59927362,59927943,"Distal Intergenic",27414,-0.329573348918761,0.0196954971804619,4.28282009315716e-08,1.75876297737837,1.55362857854729e-09,1.21032218587921
"chr18_59957717_59958546","ENSG00000141682","PMAIP1","phorbol-12-myristate-13-acetate-induced protein 1","chr18",59957717,59958546,"Distal Intergenic",57769,-0.307422559906487,0.0309224538285948,4.28282009315716e-08,1.75876297737837,6.60350872793408e-08,1.00351631011835
"chr18_60090271_60090703","ENSG00000141682","PMAIP1","phorbol-12-myristate-13-acetate-induced protein 1","chr18",60090271,60090703,"Distal Intergenic",190323,-0.282232612507306,0.0495751028356617,4.28282009315716e-08,1.75876297737837,1.95302856846428e-07,1.67192999619296
"chr18_59911766_59911918","ENSG00000141682","PMAIP1","phorbol-12-myristate-13-acetate-induced protein 1","chr18",59911766,59911918,"Distal Intergenic",11818,0.396843950905903,0.00401696130136694,4.28282009315716e-08,1.75876297737837,0.000511150497580117,1.61839671185007
"chr18_59847097_59847613","ENSG00000141682","PMAIP1","phorbol-12-myristate-13-acetate-induced protein 1","chr18",59847097,59847613,"Distal Intergenic",-52335,0.298012857977791,0.0370695534566022,4.28282009315716e-08,1.75876297737837,0.00059867553892278,1.01406106362213
"chr11_44634729_44635058","ENSG00000085117","CD82","CD82 molecule","chr11",44634729,44635058,"Distal Intergenic",70302,-0.474108708357686,0.000405993227824524,4.44387835137837e-08,1.75423356837701,1.01206026005456e-05,1.13199545370577
"chr1_192756337_192756625","ENSG00000116741","RGS2","regulator of G protein signaling 2","chr1",192756337,192756625,"Distal Intergenic",-52414,0.629573348918761,5.3321732767078e-07,4.46122430211317e-08,2.75138996359812,9.74079025949317e-14,1.49283175706337
"chr1_192800707_192801389","ENSG00000116741","RGS2","regulator of G protein signaling 2","chr1",192800707,192801389,"Distal Intergenic",-7650,0.691681643581193,1.27672976649077e-08,4.46122430211317e-08,2.75138996359812,0.0001748937812406,1.33654043104967
"chr5_14181359_14181604","ENSG00000038382","TRIO","trio Rho guanine nucleotide exchange factor","chr5",14181359,14181604,"Intron",37657,-0.440561075394506,0.00117746173410749,4.72473669334666e-08,1.25718246608153,4.67345734362873e-05,1.31893507843892
"chr5_14286879_14287450","ENSG00000038382","TRIO","trio Rho guanine nucleotide exchange factor","chr5",14286879,14287450,"Exon",143177,0.708591466978375,3.88050420245868e-09,4.72473669334666e-08,1.25718246608153,0.000441079307687983,1.22102837464753
"chr5_14357390_14357682","ENSG00000038382","TRIO","trio Rho guanine nucleotide exchange factor","chr5",14357390,14357682,"Intron",213688,-0.481851657845685,0.000313774393138846,4.72473669334666e-08,1.25718246608153,0.00099776667103209,1.81509614334324
"chr1_150760136_150760379","ENSG00000163131","CTSS","cathepsin S","chr1",150760136,150760379,"Intron",5578,0.676836306856395,3.36563463158517e-08,6.34511481286442e-08,1.37227665144268,1.51891456734585e-05,1.27393376853652
"chr20_23632162_23632570","ENSG00000101439","CST3","cystatin C","chr20",23632162,23632570,"Exon",5903,0.533684062398786,4.70556136076253e-05,7.00620802255449e-08,2.5766574813659,9.49315518794128e-05,1.89847452104212
"chr3_75671932_75672717","ENSG00000242516","LINC00960","long intergenic non-protein coding RNA 960","chr3",75671932,75672717,"Promoter",0,0.888130007924222,5.46943464379276e-18,7.12949977185377e-08,4.96787425620629,4.61225651026229e-57,3.493032853193
"chr3_75669279_75670696","ENSG00000242516","LINC00960","long intergenic non-protein coding RNA 960","chr3",75669279,75670696,"Distal Intergenic",-1695,0.736165522480298,4.73777567428567e-10,7.12949977185377e-08,4.96787425620629,3.63387556526242e-16,2.48300828889157
"chr17_28737974_28739017","ENSG00000076604","TRAF4","TNF receptor associated factor 4","chr17",28737974,28739017,"3' UTR",-4967,0.542723553477499,3.25558670047337e-05,7.12949977185377e-08,1.5232155726807,3.11237625334059e-13,1.04488365785581
"chr3_75668099_75668705","ENSG00000242516","LINC00960","long intergenic non-protein coding RNA 960","chr3",75668099,75668705,"Distal Intergenic",-3686,0.714189503077715,2.59652889141335e-09,7.12949977185377e-08,4.96787425620629,2.20230336438298e-11,1.68761198050115
"chr2_119383583_119384153","ENSG00000155368","DBI","diazepam binding inhibitor, acyl-CoA binding protein","chr2",119383583,119384153,"Distal Intergenic",16662,0.337112799532437,0.0167270070310702,7.18417684864967e-08,1.42573403719461,1.41898576239548e-09,1.44139051207794
"chr2_119372783_119373116","ENSG00000155368","DBI","diazepam binding inhibitor, acyl-CoA binding protein","chr2",119372783,119373116,"Distal Intergenic",5862,0.332787843366452,0.0183958165918097,7.18417684864967e-08,1.42573403719461,0.000165451497766912,1.06759297839974
"chr12_122822530_122822733","ENSG00000130787","HIP1R","huntingtin interacting protein 1 related","chr12",122822530,122822733,"Intron",-11720,0.486966686148451,0.000263249200266374,8.74599548548363e-08,1.26246709244527,0.000449644937358018,1.14369595437841
"chr12_112988291_112988638","ENSG00000111335","OAS2","2'-5'-oligoadenylate synthetase 2","chr12",112988291,112988638,"3' UTR",9896,-0.284395090590298,0.0477230828509659,8.89199064915846e-08,1.72165956115311,8.47306014985754e-08,1.13338645613009
"chr4_143473704_143474014","ENSG00000153147","SMARCA5","SWI/SNF related, matrix associated, actin dependent regulator of chromatin, subfamily a, member 5","chr4",143473704,143474014,"3' UTR",-39449,-0.339918176504968,0.015755431901599,8.89199064915846e-08,1.48650947150471,3.89622814947611e-05,1.06476170390807
"chr6_166325484_166325917","ENSG00000198818","SFT2D1","SFT2 domain containing 1","chr6",166325484,166325917,"Exon",16674,0.579777907656341,6.4848282802804e-06,8.89199064915846e-08,1.11338844577177,6.8276682388101e-05,1.97734555603175
"chr14_49924836_49925126","ENSG00000165527","ARF6","ADP ribosylation factor 6","chr14",49924836,49925126,"Distal Intergenic",31744,0.578141437755699,6.98971550853254e-06,8.97499776641178e-08,1.13521407029842,2.21532456082766e-05,1.98828505034495
"chr14_49920880_49921215","ENSG00000165527","ARF6","ADP ribosylation factor 6","chr14",49920880,49921215,"Distal Intergenic",27788,0.590824079485681,3.83824587405715e-06,8.97499776641178e-08,1.13521407029842,0.000588853658324828,1.03913691596879
"chr12_46089726_46090482","ENSG00000139218","SCAF11","SR-related CTD associated factor 11","chr12",46089726,46090482,"Distal Intergenic",-97606,0.561952074810053,1.44958762442375e-05,8.97499776641178e-08,0.617048921422558,0.00258772684063263,1.16495600273447
"chr17_44511507_44511758","ENSG00000186566","GPATCH8","G-patch domain containing 8","chr17",44511507,44511758,"Distal Intergenic",-8077,-0.406604324956166,0.00309519437594475,8.97499776641178e-08,0.822996253337802,0.00843282678206649,1.19968876602173
"chr21_46295390_46295755","ENSG00000182362","YBEY","ybeY metalloendoribonuclease","chr21",46295390,46295755,"Intron",9053,-0.420397428404442,0.00210503237518684,9.98340314179615e-08,1.6507840270601,3.4124807897343e-06,1.80970206417178
"chr9_33177440_33178106","ENSG00000086062","B4GALT1","beta-1,4-galactosyltransferase 1","chr9",33177440,33178106,"Exon",-10084,0.284570426651081,0.0476013700945733,1.02842104880518e-07,1.13840007579542,0.000170261373343436,1.52694750896948
"chr17_73567200_73567836","ENSG00000069188","SDK2","sidekick cell adhesion molecule 2","chr17",73567200,73567836,"Intron",76253,0.697398451309277,8.63748868457385e-09,1.09461909513934e-07,4.00290347516549,2.11213246071052e-24,2.08734303460679
"chr17_73644361_73645508","ENSG00000069188","SDK2","sidekick cell adhesion molecule 2","chr17",73644361,73645508,"Promoter",-272,0.376498116055976,0.00674398269752621,1.09461909513934e-07,4.00290347516549,4.17782204106277e-16,2.3955373250221
"chr17_73643012_73643791","ENSG00000069188","SDK2","sidekick cell adhesion molecule 2","chr17",73643012,73643791,"Promoter",298,0.428763537756915,0.00166967207407655,1.09461909513934e-07,4.00290347516549,5.4270686173015e-16,2.13528636002418
"chr17_73611910_73612541","ENSG00000069188","SDK2","sidekick cell adhesion molecule 2","chr17",73611910,73612541,"Intron",31548,-0.320145001309468,0.0239516601291558,1.09461909513934e-07,4.00290347516549,2.88234431810766e-06,2.18910715815087
"chr17_73521587_73521802","ENSG00000069188","SDK2","sidekick cell adhesion molecule 2","chr17",73521587,73521802,"Intron",122287,0.329311991544204,0.0198057312117767,1.09461909513934e-07,4.00290347516549,1.86994767388667e-05,2.43429271859203
"chr17_73532448_73532901","ENSG00000069188","SDK2","sidekick cell adhesion molecule 2","chr17",73532448,73532901,"Intron",111188,0.463224989281032,0.00057912378672985,1.09461909513934e-07,4.00290347516549,3.04049925813902e-05,1.71701939216365
"chr17_73492360_73492558","ENSG00000069188","SDK2","sidekick cell adhesion molecule 2","chr17",73492360,73492558,"Intron",151531,0.404130885124112,0.00330896931853669,1.09461909513934e-07,4.00290347516549,0.000311313197767518,1.9710710310755
"chr17_73616710_73616924","ENSG00000069188","SDK2","sidekick cell adhesion molecule 2","chr17",73616710,73616924,"Intron",27165,0.413248529353428,0.00257516787626297,1.09461909513934e-07,4.00290347516549,0.00113354538862275,2.39587048853003
"chr9_93133487_93135021","ENSG00000131669","NINJ1","ninjurin 1","chr9",93133487,93135021,"Promoter",0,0.350847457627119,0.012408611793942,1.11629128683415e-07,3.21019352190672,3.79173005842294e-13,1.04414428378948
"chr9_93138041_93138688","ENSG00000131669","NINJ1","ninjurin 1","chr9",93138041,93138688,"Distal Intergenic",-3753,0.560549386323787,1.54181215837881e-05,1.11629128683415e-07,3.21019352190672,4.49702498991551e-12,1.36056896560609
"chr9_93116140_93116304","ENSG00000131669","NINJ1","ninjurin 1","chr9",93116140,93116304,"Distal Intergenic",17984,0.312507305669199,0.0279806754652348,1.11629128683415e-07,3.21019352190672,0.00308147074695179,1.53231452580833
"chr13_77415378_77416024","ENSG00000005810","MYCBP2","MYC binding protein 2, E3 ubiquitin protein ligase","chr13",77415378,77416024,"Distal Intergenic",-88328,0.366160140268849,0.00868817632847371,1.20805050221898e-07,1.02088421049307,0.000235676465507199,1.09995005940922
"chr1_64924504_64924920","ENSG00000162434","JAK1","Janus kinase 1","chr1",64924504,64924920,"Intron",41584,0.500467562828755,0.000164373035479895,1.28896208998174e-07,0.749922715025527,2.57795139779954e-05,1.07237093819554
"chr14_95523642_95524469","ENSG00000182512","GLRX5","glutaredoxin 5","chr14",95523642,95524469,"Distal Intergenic",-9034,0.61917007597896,9.20433061521454e-07,1.56173827320451e-07,0.939205196982015,9.64566138650997e-17,1.43662214474837
"chr2_216486745_216487145","ENSG00000197756","RPL37A","ribosomal protein L37a","chr2",216486745,216487145,"Exon",-11044,0.291091336841956,0.0422296115996183,1.5670691000479e-07,0.950958731225441,0.00287021140151451,1.91092213020717
"chr20_40765982_40766226","ENSG00000204103","MAFB","MAF bZIP transcription factor B","chr20",40765982,40766226,"Distal Intergenic",-76742,-0.319829127445865,0.0241028037884825,1.81642784655537e-07,7.52274823473276,0.000307114134597268,2.82208637251384
"chr20_40757057_40757410","ENSG00000204103","MAFB","MAF bZIP transcription factor B","chr20",40757057,40757410,"Distal Intergenic",-67817,-0.286867588065333,0.0456677160241988,1.81642784655537e-07,7.52274823473276,0.00776780152121593,2.42965156501865
"chr7_73154562_73155055","ENSG00000130305","NSUN5","NOP2/Sun RNA methyltransferase family member 5","chr7",73154562,73155055,"Distal Intergenic",153812,0.634599649327878,4.08418252221449e-07,1.83178346243402e-07,1.10619244175026,3.08153695299938e-16,1.03882895729597
"chr19_2052281_2052704","ENSG00000099875","MKNK2","MAP kinase interacting serine/threonine kinase 2","chr19",2052281,2052704,"Distal Intergenic",-1037,0.755639976621859,9.3700767759026e-11,1.83178346243402e-07,1.24829734624368,4.65656547134391e-07,1.00709359263955
"chr19_2044040_2044324","ENSG00000099875","MKNK2","MAP kinase interacting serine/threonine kinase 2","chr19",2044040,2044324,"Intron",6920,0.794038573933372,2.54469351820932e-12,1.83178346243402e-07,1.24829734624368,7.19004841037642e-05,1.01048016103232
"chr7_73212393_73212662","ENSG00000130305","NSUN5","NOP2/Sun RNA methyltransferase family member 5","chr7",73212393,73212662,"Distal Intergenic",96205,-0.637755698421976,3.43065074138844e-07,1.83178346243402e-07,1.10619244175026,0.00200359939051617,1.28479201123797
"chr9_136757415_136758621","ENSG00000204001","LCN8","lipocalin 8","chr9",136757415,136758621,"Promoter",0,0.759518878523757,6.69753849696092e-11,2.00130955317213e-07,4.63971677035803,1.56952761021637e-28,1.76500541697335
"chr4_16532000_16532827","ENSG00000169762","TAPT1","transmembrane anterior posterior transformation 1","chr4",16532000,16532827,"Intron",-304590,-0.526454275634172,6.2146056398222e-05,2.04715318369004e-07,0.874802848706451,2.23912151339109e-05,2.88427699317864
"chr4_16516896_16517270","ENSG00000169762","TAPT1","transmembrane anterior posterior transformation 1","chr4",16516896,16517270,"Intron",-289486,-0.558146407392099,1.70279423445904e-05,2.04715318369004e-07,0.874802848706451,0.00567936934459249,1.95182060627983
"chr4_16265886_16266064","ENSG00000169762","TAPT1","transmembrane anterior posterior transformation 1","chr4",16265886,16266064,"Intron",-38476,0.658094681472823,1.06133593736315e-07,2.04715318369004e-07,0.874802848706451,0.00719757636423812,1.14041262676513
"chr2_105738395_105739246","ENSG00000071051","NCK2","NCK adaptor protein 2","chr2",105738395,105739246,"Distal Intergenic",-5651,0.757042665108124,8.29350234581912e-11,2.12090287022453e-07,1.09872071229977,1.06254095143794e-07,1.22934028699286
"chr2_105777149_105777373","ENSG00000071051","NCK2","NCK adaptor protein 2","chr2",105777149,105777373,"Intron",32252,0.49041496201052,0.000233746483075253,2.12090287022453e-07,1.09872071229977,6.10370141026398e-07,1.01847698613961
"chr2_105625410_105626306","ENSG00000071051","NCK2","NCK adaptor protein 2","chr2",105625410,105626306,"Distal Intergenic",-118591,-0.340619520748101,0.015521671599535,2.12090287022453e-07,1.09872071229977,1.43419459187401e-06,1.57463914149856
"chr2_105828596_105828796","ENSG00000071051","NCK2","NCK adaptor protein 2","chr2",105828596,105828796,"Intron",83699,0.770485096434834,2.53414515920821e-11,2.12090287022453e-07,1.09872071229977,1.66469201527019e-06,1.16647742038727
"chr10_12412770_12413147","ENSG00000183049","CAMK1D","calcium/calmodulin dependent protein kinase ID","chr10",12412770,12413147,"Intron",63288,-0.71254693968652,2.92934250774495e-09,2.12090287022453e-07,0.893785574305588,3.3183666029156e-05,1.41758290340337
"chr2_105725597_105726480","ENSG00000071051","NCK2","NCK adaptor protein 2","chr2",105725597,105726480,"Distal Intergenic",-18417,0.293804792518995,0.0400974750446007,2.12090287022453e-07,1.09872071229977,0.000183606136453989,1.53964663214827
"chr2_105809166_105809348","ENSG00000071051","NCK2","NCK adaptor protein 2","chr2",105809166,105809348,"Intron",64269,0.779310344827586,1.13383885627224e-11,2.12090287022453e-07,1.09872071229977,0.00022569879254226,1.41172653172437
"chr2_105708922_105708957","ENSG00000071051","NCK2","NCK adaptor protein 2","chr2",105708922,105708957,"Distal Intergenic",-35940,0.645012346830204,2.29036641291922e-07,2.12090287022453e-07,1.09872071229977,0.000697441313023104,1.36947092859972
"chr10_12405038_12405458","ENSG00000183049","CAMK1D","calcium/calmodulin dependent protein kinase ID","chr10",12405038,12405458,"Intron",55556,-0.758211572180012,7.54986269263738e-11,2.12090287022453e-07,0.893785574305588,0.00160343272287919,1.15549990108027
"chr2_105598935_105599159","ENSG00000071051","NCK2","NCK adaptor protein 2","chr2",105598935,105599159,"Distal Intergenic",-145738,-0.283238348779115,0.0487245385258871,2.12090287022453e-07,1.09872071229977,0.00976666242867907,2.30497655138256
"chr10_129192947_129193405","ENSG00000170430","MGMT","O-6-methylguanine-DNA methyltransferase","chr10",129192947,129193405,"Distal Intergenic",-273779,0.410147187790178,0.00280903831009701,2.12968881287068e-07,1.09230993558851,1.06674730291842e-09,3.46718085125936
"chr10_129606139_129606377","ENSG00000170430","MGMT","O-6-methylguanine-DNA methyltransferase","chr10",129606139,129606377,"Intron",138955,0.382764213427963,0.00579490271557817,2.12968881287068e-07,1.09230993558851,2.91492040904079e-08,2.16894138316318
"chr10_129371931_129372731","ENSG00000170430","MGMT","O-6-methylguanine-DNA methyltransferase","chr10",129371931,129372731,"Distal Intergenic",-94453,0.458705945023403,0.000669981422317971,2.12968881287068e-07,1.09230993558851,4.74060298863037e-08,3.00428024438863
"chr10_129101382_129102016","ENSG00000170430","MGMT","O-6-methylguanine-DNA methyltransferase","chr10",129101382,129102016,"Distal Intergenic",-365168,0.544806323937817,2.99242913751562e-05,2.12968881287068e-07,1.09230993558851,7.99333859880852e-08,2.62008655236097
"chr10_129386669_129387270","ENSG00000170430","MGMT","O-6-methylguanine-DNA methyltransferase","chr10",129386669,129387270,"Distal Intergenic",-79914,0.648217416715371,1.91342472883299e-07,2.12968881287068e-07,1.09230993558851,4.82695522434906e-07,2.21481694384453
"chr10_129461651_129462101","ENSG00000170430","MGMT","O-6-methylguanine-DNA methyltransferase","chr10",129461651,129462101,"Distal Intergenic",-5083,0.625895081942497,6.4420923500697e-07,2.12968881287068e-07,1.09230993558851,6.50305207373793e-07,2.37996980332583
"chr10_129057362_129058715","ENSG00000170430","MGMT","O-6-methylguanine-DNA methyltransferase","chr10",129057362,129058715,"Distal Intergenic",-408469,0.527001753360608,6.08173052343145e-05,2.12968881287068e-07,1.09230993558851,2.87054760696987e-06,1.7586976796148
"chr10_129140732_129141396","ENSG00000170430","MGMT","O-6-methylguanine-DNA methyltransferase","chr10",129140732,129141396,"Distal Intergenic",-325788,0.530157802454705,5.39069487251155e-05,2.12968881287068e-07,1.09230993558851,8.14231153821322e-06,1.84169581884167
"chr10_129532609_129533638","ENSG00000170430","MGMT","O-6-methylguanine-DNA methyltransferase","chr10",129532609,129533638,"Intron",65425,0.65645821157218,1.17043948952333e-07,2.12968881287068e-07,1.09230993558851,9.163720265858e-06,1.02790456997724
"chr10_129035445_129036025","ENSG00000170430","MGMT","O-6-methylguanine-DNA methyltransferase","chr10",129035445,129036025,"Distal Intergenic",-431159,0.581005260081824,6.12598681676583e-06,2.12968881287068e-07,1.09230993558851,1.7397258857767e-05,1.61086688414027
"chr10_129626914_129627753","ENSG00000170430","MGMT","O-6-methylguanine-DNA methyltransferase","chr10",129626914,129627753,"Intron",159730,0.66031560490941,9.34811508903203e-08,2.12968881287068e-07,1.09230993558851,3.86202307845092e-05,1.82285183102826
"chr10_129033956_129034327","ENSG00000170430","MGMT","O-6-methylguanine-DNA methyltransferase","chr10",129033956,129034327,"Distal Intergenic",-432857,0.569933953863813,1.02105895394254e-05,2.12968881287068e-07,1.09230993558851,4.47210906769008e-05,2.16212751846421
"chr10_129517765_129518393","ENSG00000170430","MGMT","O-6-methylguanine-DNA methyltransferase","chr10",129517765,129518393,"Intron",50581,0.532787843366452,4.87285549718652e-05,2.12968881287068e-07,1.09230993558851,7.10729833959987e-05,1.93696114073592
"chr10_129642969_129643805","ENSG00000170430","MGMT","O-6-methylguanine-DNA methyltransferase","chr10",129642969,129643805,"Intron",175785,0.533596381556113,4.71540387925198e-05,2.12968881287068e-07,1.09230993558851,9.76859750280116e-05,2.53667035106785
"chr10_129036447_129037236","ENSG00000170430","MGMT","O-6-methylguanine-DNA methyltransferase","chr10",129036447,129037236,"Distal Intergenic",-429948,0.644710695499708,2.32903964070697e-07,2.12968881287068e-07,1.09230993558851,0.000113153879634319,1.70762133532724
"chr10_129512545_129512907","ENSG00000170430","MGMT","O-6-methylguanine-DNA methyltransferase","chr10",129512545,129512907,"Intron",45361,0.315504898882524,0.0263646982720333,2.12968881287068e-07,1.09230993558851,0.00013684317062225,2.11371583911322
"chr10_129654850_129655308","ENSG00000170430","MGMT","O-6-methylguanine-DNA methyltransferase","chr10",129654850,129655308,"Intron",187666,0.629025660084335,5.49338952692472e-07,2.12968881287068e-07,1.09230993558851,0.000346684584080919,2.37502756964338
"chr10_129144302_129144537","ENSG00000170430","MGMT","O-6-methylguanine-DNA methyltransferase","chr10",129144302,129144537,"Distal Intergenic",-322647,0.64013092633745,2.99933793543156e-07,2.12968881287068e-07,1.09230993558851,0.000578626537554466,2.23591239498991
"chr10_129031573_129031823","ENSG00000170430","MGMT","O-6-methylguanine-DNA methyltransferase","chr10",129031573,129031823,"Distal Intergenic",-435361,0.627586206896552,5.93151976895586e-07,2.12968881287068e-07,1.09230993558851,0.000707869945648181,1.13527039951256
"chr10_129090725_129090926","ENSG00000170430","MGMT","O-6-methylguanine-DNA methyltransferase","chr10",129090725,129090926,"Distal Intergenic",-376258,0.323595346934725,0.0223122615580656,2.12968881287068e-07,1.09230993558851,0.00109214272028794,2.34570984315488
"chr10_129194165_129194891","ENSG00000170430","MGMT","O-6-methylguanine-DNA methyltransferase","chr10",129194165,129194891,"Distal Intergenic",-272293,0.551410745394124,2.26952027667675e-05,2.12968881287068e-07,1.09230993558851,0.00111842239793307,1.77889028304104
"chr10_129426646_129426988","ENSG00000170430","MGMT","O-6-methylguanine-DNA methyltransferase","chr10",129426646,129426988,"Distal Intergenic",-40196,0.567951022138683,1.1179255480632e-05,2.12968881287068e-07,1.09230993558851,0.00185950016175094,2.0105915634308
"chr10_129524740_129525479","ENSG00000170430","MGMT","O-6-methylguanine-DNA methyltransferase","chr10",129524740,129525479,"Intron",57556,0.420458867561278,0.00210214482095454,2.12968881287068e-07,1.09230993558851,0.00245109953346286,2.15994185841185
"chr10_129042580_129043714","ENSG00000170430","MGMT","O-6-methylguanine-DNA methyltransferase","chr10",129042580,129043714,"Distal Intergenic",-423470,0.680343079311072,2.68859723589777e-08,2.12968881287068e-07,1.09230993558851,0.005022471640616,1.73345650270627
"chr10_129434144_129434456","ENSG00000170430","MGMT","O-6-methylguanine-DNA methyltransferase","chr10",129434144,129434456,"Distal Intergenic",-32728,0.360675872081804,0.00990759614633116,2.12968881287068e-07,1.09230993558851,0.00902278093364586,2.44575186703589
"chr2_230449827_230450103","ENSG00000067066","SP100","SP100 nuclear antigen","chr2",230449827,230450103,"Intron",33885,0.757042665108124,8.29350234581912e-11,2.24955170827501e-07,0.889447447681428,1.23945977889318e-08,1.25192899740664
"chr2_230496619_230497293","ENSG00000067066","SP100","SP100 nuclear antigen","chr2",230496619,230497293,"Intron",80677,0.451198129748685,0.000847926171252677,2.24955170827501e-07,0.889447447681428,1.30671820503167e-06,1.63218591616973
"chr2_230505295_230505669","ENSG00000067066","SP100","SP100 nuclear antigen","chr2",230505295,230505669,"Intron",89353,0.687005946974958,1.73208888865953e-08,2.24955170827501e-07,0.889447447681428,9.7119699285267e-06,1.8570737034519
"chr2_230471134_230471485","ENSG00000067066","SP100","SP100 nuclear antigen","chr2",230471134,230471485,"Intron",55192,0.797895967270602,1.725043785732e-12,2.24955170827501e-07,0.889447447681428,0.000215444500160183,1.44750204093904
"chr2_230525653_230526000","ENSG00000067066","SP100","SP100 nuclear antigen","chr2",230525653,230526000,"Intron",109711,0.796434833430742,1.99345663642484e-12,2.24955170827501e-07,0.889447447681428,0.00124618078878462,1.4988208635165
"chr7_76101934_76102348","ENSG00000146701","MDH2","malate dehydrogenase 2","chr7",76101934,76102348,"Distal Intergenic",53883,0.47593750230367,0.000381687255555974,2.25476365055119e-07,0.833556766621265,0.00088833852790049,1.93436715924699
"chr12_14283514_14284067","ENSG00000171681","ATF7IP","activating transcription factor 7 interacting protein","chr12",14283514,14284067,"Distal Intergenic",-81565,0.855815312682642,1.19803059750199e-15,2.39413199921189e-07,0.604252261736437,5.58341738467694e-18,1.20705874668845
"chr6_38676436_38677220","ENSG00000124767","GLO1","glyoxalase I","chr6",38676436,38677220,"3' UTR",25921,0.508533021624781,0.0001222036299445,2.39413199921189e-07,0.917766421350063,6.85881003235154e-10,1.75813130364936
"chr6_38678465_38678897","ENSG00000124767","GLO1","glyoxalase I","chr6",38678465,38678897,"Intron",24244,0.630040911747516,5.19769958026586e-07,2.39413199921189e-07,0.917766421350063,8.02211675658505e-08,2.03724070709622
"chr12_14278463_14278937","ENSG00000171681","ATF7IP","activating transcription factor 7 interacting protein","chr12",14278463,14278937,"Distal Intergenic",-86695,0.822618351841029,1.03175545540042e-13,2.39413199921189e-07,0.604252261736437,7.67215579756748e-06,1.32420310563765
"chr12_14314932_14315364","ENSG00000171681","ATF7IP","activating transcription factor 7 interacting protein","chr12",14314932,14315364,"Distal Intergenic",-50268,0.541788427819988,3.38310756042224e-05,2.39413199921189e-07,0.604252261736437,0.000817657626459961,1.14408835369349
"chr22_49945206_49945766","ENSG00000198355","PIM3","Pim-3 proto-oncogene, serine/threonine kinase","chr22",49945206,49945766,"Distal Intergenic",-14747,0.389304500292227,0.00489438414908873,2.94503007535211e-07,1.86746809233359,6.35660143875898e-15,1.438395880632
"chr20_62832567_62833343","ENSG00000092758","COL9A3","collagen type IX alpha 3 chain","chr20",62832567,62833343,"Exon",16323,0.737035985887841,4.40399169386696e-10,2.99161508536108e-07,3.77384554127619,4.4017729254176e-85,2.05685754191506
"chr20_62825013_62826632","ENSG00000092758","COL9A3","collagen type IX alpha 3 chain","chr20",62825013,62826632,"Exon",8769,0.504823172693068,0.000139890217028179,2.99161508536108e-07,3.77384554127619,8.21034211013109e-35,1.6210616085017
"chr20_62837921_62838758","ENSG00000092758","COL9A3","collagen type IX alpha 3 chain","chr20",62837921,62838758,"Exon",21677,0.57269806597583,8.99735636491534e-06,2.99161508536108e-07,3.77384554127619,1.23555672776264e-05,1.28354010715503
"chr8_102617618_102618031","ENSG00000155090","KLF10","Kruppel like factor 10","chr8",102617618,102618031,"Distal Intergenic",37871,-0.715498473169206,2.36661222908444e-09,3.25030346754509e-07,3.65571199734962,1.02594516826009e-12,1.45216303071167
"chr8_102734695_102735732","ENSG00000155090","KLF10","Kruppel like factor 10","chr8",102734695,102735732,"Distal Intergenic",-78793,0.471456333427495,0.000442645461067944,3.25030346754509e-07,3.65571199734962,4.3377906890477e-06,1.39921521400275
"chr8_102738236_102739018","ENSG00000155090","KLF10","Kruppel like factor 10","chr8",102738236,102739018,"Distal Intergenic",-82334,0.679291047574669,2.88388933696814e-08,3.25030346754509e-07,3.65571199734962,6.01537474274563e-05,1.06786180942047
"chr8_102740219_102740695","ENSG00000155090","KLF10","Kruppel like factor 10","chr8",102740219,102740695,"Distal Intergenic",-84317,0.576951738105687,7.39096439081774e-06,3.25030346754509e-07,3.65571199734962,0.000826496822147613,1.88727605141901
"chr8_102742583_102743123","ENSG00000155090","KLF10","Kruppel like factor 10","chr8",102742583,102743123,"Distal Intergenic",-86681,0.692266105656973,1.22785420440354e-08,3.25030346754509e-07,3.65571199734962,0.000898614918714191,1.28658456690611
"chr8_102700583_102700884","ENSG00000155090","KLF10","Kruppel like factor 10","chr8",102700583,102700884,"Distal Intergenic",-44681,0.556878790627866,1.79540773221616e-05,3.25030346754509e-07,3.65571199734962,0.0042133215792318,1.96064234830108
"chr1_89166628_89167149","ENSG00000213512","GBP7","guanylate binding protein 7","chr1",89166628,89167149,"Intron",8891,0.343875993179066,0.0144911872008914,3.51375331239299e-07,7.94881996477559,0.00542360492352362,1.00137399466766
"chr10_16891207_16892207","ENSG00000148484","RSU1","Ras suppressor protein 1","chr10",16891207,16892207,"Intron",-73679,0.41531268264173,0.00243398886714489,3.51595234732665e-07,1.10996492567503,1.17518289432397e-46,2.02448011634071
"chr2_205904538_205905744","ENSG00000114933","INO80D","INO80 complex subunit D","chr2",205904538,205905744,"Distal Intergenic",180559,-0.546230274693162,2.82100442911231e-05,3.51595234732665e-07,1.14374873190181,3.52987839433283e-06,2.383785989505
"chr10_16865668_16866462","ENSG00000148484","RSU1","Ras suppressor protein 1","chr10",16865668,16866462,"Intron",-48140,0.308434157987831,0.030286803312037,3.51595234732665e-07,1.10996492567503,1.73754132318307e-05,2.00536127211123
"chr2_205946334_205946564","ENSG00000114933","INO80D","INO80 complex subunit D","chr2",205946334,205946564,"Distal Intergenic",139739,-0.54913448454746,2.49856230270661e-05,3.51595234732665e-07,1.14374873190181,1.84929895954498e-05,2.32514638042961
"chr10_16770865_16771219","ENSG00000148484","RSU1","Ras suppressor protein 1","chr10",16770865,16771219,"Intron",46309,0.491057860900059,0.000228416953458096,3.51595234732665e-07,1.10996492567503,0.00224984083170805,1.4271243312804
"chr4_82213508_82213868","ENSG00000138668","HNRNPD","heterogeneous nuclear ribonucleoprotein D","chr4",82213508,82213868,"Distal Intergenic",160635,0.533138515488019,4.80488928727429e-05,3.51649024108327e-07,0.692351668588475,0.000331424710860548,1.04953678097899
"chr4_82382834_82383132","ENSG00000138668","HNRNPD","heterogeneous nuclear ribonucleoprotein D","chr4",82382834,82383132,"Intron",-8331,-0.497136177673875,0.000184879563887184,3.51649024108327e-07,0.692351668588475,0.00556440765339047,1.45326048007211
"chr15_101701522_101702497","ENSG00000185418","TARSL2","threonyl-tRNA synthetase like 2","chr15",101701522,101702497,"Exon",22107,0.347749853886616,0.0132929178861657,3.85628348046047e-07,1.33804803496563,0.00531738445217937,1.56880869729973
"chr12_46131887_46132067","ENSG00000111371","SLC38A1","solute carrier family 38 member 1","chr12",46131887,46132067,"Distal Intergenic",137884,0.34301578024547,0.0147605591444749,3.93167126421887e-07,1.47652995749624,6.39481325986026e-06,1.15259100334527
"chr12_46227793_46228066","ENSG00000111371","SLC38A1","solute carrier family 38 member 1","chr12",46227793,46228066,"Intron",41885,0.432320280537697,0.00150435356685064,3.93167126421887e-07,1.47652995749624,0.00164906839226325,1.04820078443198
"chr12_46184828_46185048","ENSG00000111371","SLC38A1","solute carrier family 38 member 1","chr12",46184828,46185048,"3' UTR",84903,0.4613743626203,0.000614541403582629,3.93167126421887e-07,1.47652995749624,0.00255765566101859,1.15648099681411
"chr1_225453967_225454504","ENSG00000143815","LBR","lamin B receptor","chr1",225453967,225454504,"Intron",-25042,0.357218001168907,0.0107335305770279,4.41357606122112e-07,1.07211991646122,2.96934335185122e-06,1.10618864628465
"chr1_225485367_225485534","ENSG00000143815","LBR","lamin B receptor","chr1",225485367,225485534,"Downstream (1-2kb)",-56442,0.38855038797818,0.0049869002989682,4.41357606122112e-07,1.07211991646122,8.17255077538676e-06,1.63790064703354
"chr10_110153512_110154023","ENSG00000119950","MXI1","MAX interactor 1, dimerization protein","chr10",110153512,110154023,"Distal Intergenic",-53582,0.547106954997078,2.72058572609832e-05,4.73883000487384e-07,1.55841606562371,1.5241637024303e-10,1.25002229018164
"chr16_87868481_87868617","ENSG00000103257","SLC7A5","solute carrier family 7 member 5","chr16",87868481,87868617,"Promoter",871,0.342414513313642,0.0149392429050523,5.43604600508601e-07,3.75080922438224,7.78451582733027e-08,1.02942002970924
"chr13_41456941_41457682","ENSG00000102760","RGCC","regulator of cell cycle","chr13",41456941,41457682,"Promoter",0,0.346054938632379,0.0138128680096549,6.76533850130479e-07,4.56563758019328,1.41358668357492e-20,1.07041365129856
"chr13_41427854_41428405","ENSG00000102760","RGCC","regulator of cell cycle","chr13",41427854,41428405,"Distal Intergenic",-29154,0.459906487434249,0.000645258060431609,6.76533850130479e-07,4.56563758019328,5.15669615199792e-20,1.52494939997603
"chr13_41402842_41403406","ENSG00000102760","RGCC","regulator of cell cycle","chr13",41402842,41403406,"Distal Intergenic",-54153,0.296434833430742,0.0381678882281277,6.76533850130479e-07,4.56563758019328,0.0002739244215275,1.24091551081169
"chr13_41488091_41488387","ENSG00000102760","RGCC","regulator of cell cycle","chr13",41488091,41488387,"Distal Intergenic",30532,0.304617182933957,0.0326413249270923,6.76533850130479e-07,4.56563758019328,0.00416243094623861,1.24395122546515
"chr16_34975_35527","ENSG00000231439","WASIR2","WASH and IL9R antisense RNA 2","chr16",34975,35527,"Exon",12065,0.427250871961178,0.00174201055363443,7.081951928474e-07,4.90467247542793,1.22191208281706e-09,1.1717349598675
"chr19_9858047_9858456","ENSG00000127445","PIN1","peptidylprolyl cis/trans isomerase, NIMA-interacting 1","chr19",9858047,9858456,"5' UTR",22790,-0.33115137346581,0.0190511949586691,7.33331806339674e-07,0.777779472515281,1.34440044448441e-07,1.57460487209165
"chr7_93944120_93945346","ENSG00000127920","GNG11","G protein subunit gamma 11","chr7",93944120,93945346,"Distal Intergenic",22421,0.288836937463472,0.0439682891891412,7.36631221648919e-07,1.94938757988674,3.44058211965764e-07,1.40145801247299
"chr1_145999765_146000106","ENSG00000265972","TXNIP","thioredoxin interacting protein","chr1",145999765,146000106,"Distal Intergenic",-3165,0.878725891291642,3.02028647721413e-17,8.21940142702488e-07,1.20726654939237,4.1493935780558e-07,1.13391361619319
"chr5_173847717_173847982","ENSG00000113742","CPEB4","cytoplasmic polyadenylation element binding protein 4","chr5",173847717,173847982,"Distal Intergenic",-40298,0.575971962637186,7.73422663466257e-06,9.2310200579472e-07,2.05850514812047,1.00476513125438e-09,2.33323790775925
"chr5_173864554_173865135","ENSG00000113742","CPEB4","cytoplasmic polyadenylation element binding protein 4","chr5",173864554,173865135,"Distal Intergenic",-23145,-0.5177089421391,8.68714227544903e-05,9.2310200579472e-07,2.05850514812047,2.020634502965e-05,1.61076552767763
"chr4_74430980_74431689","ENSG00000109321","AREG","amphiregulin","chr4",74430980,74431689,"Intron",-13445,0.549620105201637,2.45027806294406e-05,9.2310200579472e-07,3.77163670329472,0.000303850889337237,1.01863374504488
"chr4_74500045_74500993","ENSG00000109321","AREG","amphiregulin","chr4",74500045,74500993,"Distal Intergenic",54911,-0.321858562244302,0.0231068781565045,9.2310200579472e-07,3.77163670329472,0.00113407345910444,1.4588567531773
"chr15_78931512_78931648","ENSG00000103811","CTSH","cathepsin H","chr15",78931512,78931648,"3' UTR",17926,-0.473758036236119,0.000410678040784878,9.2310200579472e-07,3.76547737231801,0.00262168577810147,1.56330510131849
"chr5_173923477_173923891","ENSG00000113742","CPEB4","cytoplasmic polyadenylation element binding protein 4","chr5",173923477,173923891,"Intron",35197,-0.340619520748101,0.015521671599535,9.2310200579472e-07,2.05850514812047,0.00574614384243753,1.17274759107053
"chr6_88615669_88616872","ENSG00000111880","RNGTT","RNA guanylyltransferase and 5'-phosphatase","chr6",88615669,88616872,"Intron",346849,0.695850379894798,9.63199843575978e-09,1.07138672612443e-06,1.88078783118276,1.51506081643526e-17,1.40753864717131
"chr6_88612609_88613038","ENSG00000111880","RNGTT","RNA guanylyltransferase and 5'-phosphatase","chr6",88612609,88613038,"3' UTR",350683,0.704393693729396,5.2784420805757e-09,1.07138672612443e-06,1.88078783118276,4.88323488225746e-13,1.60745335640967
"chr6_88641277_88642110","ENSG00000111880","RNGTT","RNA guanylyltransferase and 5'-phosphatase","chr6",88641277,88642110,"Intron",321611,0.643015780245471,2.55054253758377e-07,1.07138672612443e-06,1.88078783118276,4.20978979842349e-12,1.30641415035172
"chr6_88614250_88614721","ENSG00000111880","RNGTT","RNA guanylyltransferase and 5'-phosphatase","chr6",88614250,88614721,"Exon",349000,0.632415688730023,4.58079774001772e-07,1.07138672612443e-06,1.88078783118276,3.97207503349866e-11,2.01993901144122
"chr6_88631555_88632399","ENSG00000111880","RNGTT","RNA guanylyltransferase and 5'-phosphatase","chr6",88631555,88632399,"Intron",331322,0.497136177673875,0.000184879563887184,1.07138672612443e-06,1.88078783118276,6.73358460082808e-11,1.39963216926094
"chr19_55421173_55422126","ENSG00000108106","UBE2S","ubiquitin conjugating enzyme E2 S","chr19",55421173,55422126,"Distal Intergenic",-13396,0.446113383985973,0.000994346847843336,1.14495542620196e-06,2.137681790327,0.00140572183111482,1.20395211217594
"chr11_61833584_61834067","ENSG00000149485","FADS1","fatty acid desaturase 1","chr11",61833584,61834067,"Intron",-4266,-0.646209598391787,2.14008911472972e-07,1.17496866051507e-06,2.78046867304015,0.00011741549838551,1.16243119967783
"chr15_88647469_88648093","ENSG00000172183","ISG20","interferon stimulated exonuclease gene 20","chr15",88647469,88648093,"Exon",11316,0.707305669199299,4.25875822593076e-09,1.2394588237999e-06,1.33939155534137,1.28520512386369e-08,1.19328475867976
"chr15_88649490_88649751","ENSG00000172183","ISG20","interferon stimulated exonuclease gene 20","chr15",88649490,88649751,"Exon",13337,0.660374050263004,9.32497711846886e-08,1.2394588237999e-06,1.33939155534137,5.78892636325853e-06,1.42709254484749
"chr12_89742500_89743077","ENSG00000271614","ATP2B1-AS1","ATP2B1 antisense RNA 1","chr12",89742500,89743077,"Distal Intergenic",33541,0.677732320280538,3.17536527201708e-08,1.27357868285808e-06,1.76251134968531,1.17808744839605e-05,1.1731820424186
"chr12_89752410_89752787","ENSG00000271614","ATP2B1-AS1","ATP2B1 antisense RNA 1","chr12",89752410,89752787,"Distal Intergenic",43451,0.707481005260082,4.20760291050458e-09,1.27357868285808e-06,1.76251134968531,3.41127626343619e-05,1.16673192975718
"chr12_89736583_89737130","ENSG00000271614","ATP2B1-AS1","ATP2B1 antisense RNA 1","chr12",89736583,89737130,"Distal Intergenic",27624,-0.529047340736411,5.62880367721677e-05,1.27357868285808e-06,1.76251134968531,0.0071007210745347,1.53238044850092
"chr2_6880324_6880747","ENSG00000134326","CMPK2","cytidine/uridine monophosphate kinase 2","chr2",6880324,6880747,"Intron",-13689,0.55124235035587,2.28306067420714e-05,1.56385446173778e-06,4.23989935132993,4.04114409204136e-06,1.43453705201277
"chr2_6878671_6878839","ENSG00000134326","CMPK2","cytidine/uridine monophosphate kinase 2","chr2",6878671,6878839,"Exon",-12036,0.487379255554489,0.000259815349731397,1.56385446173778e-06,4.23989935132993,0.000475725089316035,1.89184467072318
"chr4_85531656_85532376","ENSG00000138639","ARHGAP24","Rho GTPase activating protein 24","chr4",85531656,85532376,"Intron",56542,0.802936628609181,9.87039683216879e-13,1.67784210419811e-06,3.23843366245771,2.2879690393696e-13,1.8791512199957
"chr4_85491539_85492213","ENSG00000138639","ARHGAP24","Rho GTPase activating protein 24","chr4",85491539,85492213,"Intron",16425,0.511406348359442,0.000109838030167765,1.67784210419811e-06,3.23843366245771,2.31124182343919e-13,1.75998708796421
"chr4_85566216_85567023","ENSG00000138639","ARHGAP24","Rho GTPase activating protein 24","chr4",85566216,85567023,"Intron",91102,0.763219722451562,4.84997128185973e-11,1.67784210419811e-06,3.23843366245771,1.08617011285379e-08,2.71866865196141
"chr4_85555248_85555528","ENSG00000138639","ARHGAP24","Rho GTPase activating protein 24","chr4",85555248,85555528,"Intron",80134,0.790123566340814,3.84745021331718e-12,1.67784210419811e-06,3.23843366245771,3.486036363827e-08,3.08998759036344
"chr4_85449005_85449770","ENSG00000138639","ARHGAP24","Rho GTPase activating protein 24","chr4",85449005,85449770,"Distal Intergenic",-25344,0.604937030165087,1.91073555459568e-06,1.67784210419811e-06,3.23843366245771,1.32393974394507e-07,1.30557288429846
"chr4_85557161_85557628","ENSG00000138639","ARHGAP24","Rho GTPase activating protein 24","chr4",85557161,85557628,"Intron",82047,0.789366198228374,4.15127878784367e-12,1.67784210419811e-06,3.23843366245771,1.07488802332028e-05,1.83513395634265
"chr11_117202163_117202311","ENSG00000149591","TAGLN","transgelin","chr11",117202163,117202311,"5' UTR",2842,0.803798947983635,8.96173809735331e-13,1.75633191752362e-06,1.54888372745209,2.09336397998102e-07,1.61495086651764
"chr15_94631655_94632252","ENSG00000140563","MCTP2","multiple C2 and transmembrane domain containing 2","chr15",94631655,94632252,"Distal Intergenic",400117,-0.575978959672706,7.73422663466257e-06,1.98301117969349e-06,1.52188362691523,1.29473283162895e-08,1.79026625729004
"chr15_94478880_94479120","ENSG00000140563","MCTP2","multiple C2 and transmembrane domain containing 2","chr15",94478880,94479120,"3' UTR",247342,0.644360023378142,2.37580308307354e-07,1.98301117969349e-06,1.52188362691523,2.85344770473341e-08,2.32906748784083
"chr15_94613293_94613835","ENSG00000140563","MCTP2","multiple C2 and transmembrane domain containing 2","chr15",94613293,94613835,"Distal Intergenic",381755,-0.574141693965378,8.42530503565107e-06,1.98301117969349e-06,1.52188362691523,1.08784207561422e-05,3.04838340365507
"chr15_94584694_94585337","ENSG00000140563","MCTP2","multiple C2 and transmembrane domain containing 2","chr15",94584694,94585337,"Distal Intergenic",353156,-0.544710695499708,3.004439924446e-05,1.98301117969349e-06,1.52188362691523,1.7178063416655e-05,1.77855267074848
"chr15_94382998_94383378","ENSG00000140563","MCTP2","multiple C2 and transmembrane domain containing 2","chr15",94382998,94383378,"Intron",151460,0.421683226183519,0.00203222516720778,1.98301117969349e-06,1.52188362691523,5.29443922540244e-05,1.51030926396663
"chr15_94610138_94610482","ENSG00000140563","MCTP2","multiple C2 and transmembrane domain containing 2","chr15",94610138,94610482,"Distal Intergenic",378600,-0.596959978734096,2.84066243490917e-06,1.98301117969349e-06,1.52188362691523,5.53039180323229e-05,2.02627827976316
"chr15_94576943_94577518","ENSG00000140563","MCTP2","multiple C2 and transmembrane domain containing 2","chr15",94576943,94577518,"Distal Intergenic",345405,-0.542781998831093,3.24935028300143e-05,1.98301117969349e-06,1.52188362691523,6.91721002771611e-05,1.59280630427626
"chr15_94606993_94607811","ENSG00000140563","MCTP2","multiple C2 and transmembrane domain containing 2","chr15",94606993,94607811,"Distal Intergenic",375455,-0.48375219170076,0.000293847090582081,1.98301117969349e-06,1.52188362691523,0.00045502381366602,1.93498976018838
"chr11_82969689_82970213","ENSG00000137509","PRCP","prolylcarboxypeptidase","chr11",82969689,82970213,"Promoter",371,0.596376388077148,2.91953406849414e-06,2.12046571483577e-06,1.49367453354245,9.46821693804652e-10,1.51787643834859
"chr2_182649238_182649532","ENSG00000077232","DNAJC10","DnaJ heat shock protein family (Hsp40) member C10","chr2",182649238,182649532,"Distal Intergenic",-66509,-0.611396843950906,1.37559726990359e-06,2.4356160101155e-06,1.01763905244723,0.00127830618103766,1.22839358556288
"chr2_127064654_127065252","ENSG00000136717","BIN1","bridging integrator 1","chr2",127064654,127065252,"Exon",42103,-0.538573933372297,3.86574011835185e-05,2.79765396830097e-06,1.17274768386143,5.40493098224425e-08,1.74515839538215
"chr2_126885990_126886987","ENSG00000136717","BIN1","bridging integrator 1","chr2",126885990,126886987,"Distal Intergenic",220368,-0.766627703097604,3.58629070253832e-11,2.79765396830097e-06,1.17274768386143,1.22790098559692e-07,1.08944830676455
"chr2_126963222_126963959","ENSG00000136717","BIN1","bridging integrator 1","chr2",126963222,126963959,"Distal Intergenic",143396,-0.471946230274693,0.000435534552217247,2.79765396830097e-06,1.17274768386143,6.39273107784809e-06,2.00470308166073
"chr2_126935022_126936529","ENSG00000136717","BIN1","bridging integrator 1","chr2",126935022,126936529,"Distal Intergenic",170826,-0.302746931618936,0.0338463396295669,2.79765396830097e-06,1.17274768386143,2.03518896412517e-05,1.70175960767866
"chr2_126939636_126940136","ENSG00000136717","BIN1","bridging integrator 1","chr2",126939636,126940136,"Distal Intergenic",167219,-0.415523312775402,0.0024194377235668,2.79765396830097e-06,1.17274768386143,7.8456259361202e-05,2.04387466598085
"chr17_65569063_65569410","ENSG00000168646","AXIN2","axin 2","chr17",65569063,65569410,"Intron",71623,0.542280311636378,3.31572853055708e-05,2.91572113207269e-06,5.8434170424458,3.23315333362206e-09,2.92703590983784
"chr17_65559867_65560399","ENSG00000168646","AXIN2","axin 2","chr17",65559867,65560399,"5' UTR",80634,0.477031648136764,0.00036831700245595,2.91572113207269e-06,5.8434170424458,8.26233736816149e-07,1.19840717853449
"chr17_65560978_65561208","ENSG00000168646","AXIN2","axin 2","chr17",65560978,65561208,"5' UTR",79825,0.481923203159807,0.000313021356230113,2.91572113207269e-06,5.8434170424458,4.4092606879674e-05,1.18223020552436
"chr17_65774953_65775227","ENSG00000168646","AXIN2","axin 2","chr17",65774953,65775227,"Intron",-133920,-0.543384490804843,3.17428651310937e-05,2.91572113207269e-06,5.8434170424458,5.54619042408454e-05,4.20452610071783
"chr17_65560819_65560827","ENSG00000168646","AXIN2","axin 2","chr17",65560819,65560827,"5' UTR",80206,0.572912128496412,8.91655371325696e-06,2.91572113207269e-06,5.8434170424458,0.008254845839844,1.2302008176215
"chr2_100174003_100174161","ENSG00000144218","AFF3","AF4/FMR2 family member 3","chr2",100174003,100174161,"Distal Intergenic",-31264,0.654159178316152,1.34836455130879e-07,2.96822786055218e-06,0.786558105635764,1.9245017431183e-14,1.23012991679149
"chr2_99864841_99865117","ENSG00000144218","AFF3","AF4/FMR2 family member 3","chr2",99864841,99865117,"Intron",277622,-0.319929865575687,0.0240606747778758,2.96822786055218e-06,0.786558105635764,0.00251940518523922,1.04189592786496
"chr16_11560668_11560936","ENSG00000189067","LITAF","lipopolysaccharide induced TNF factor","chr16",11560668,11560936,"Intron",75445,0.288895382817066,0.0439227954442283,3.20132513287289e-06,0.754431523869543,1.55915031786819e-16,1.77414739401377
"chr16_11640208_11640729","ENSG00000189067","LITAF","lipopolysaccharide induced TNF factor","chr16",11640208,11640729,"Distal Intergenic",-3827,-0.448217416715371,0.000932275309693306,3.20132513287289e-06,0.754431523869543,0.000198691533474141,1.52798738239347
"chr3_52837175_52837876","ENSG00000055955","ITIH4","inter-alpha-trypsin inhibitor heavy chain family member 4","chr3",52837175,52837876,"3' UTR",-1446,0.364874342489772,0.00896388058030344,3.20132513287289e-06,2.79300975406988,0.0013959303871817,2.03208642516366
"chr5_79275856_79276183","ENSG00000152409","JMY","junction mediating and regulatory protein, p53 cofactor","chr5",79275856,79276183,"Intron",39667,0.372185449856355,0.00750722066144451,3.23811725605087e-06,2.73088011925496,0.00377136205637989,1.20191287715994
"chr5_96734812_96735506","ENSG00000164307","ERAP1","endoplasmic reticulum aminopeptidase 1","chr5",96734812,96735506,"Intron",72594,0.342957334891876,0.0147760250000819,3.41475478712151e-06,1.40997182334711,0.00734971596668612,1.13254305800811
"chr2_74945214_74945412","ENSG00000115350","POLE4","DNA polymerase epsilon 4, accessory subunit","chr2",74945214,74945412,"Distal Intergenic",-13080,0.64541203974284,2.23961126767162e-07,3.48342768216814e-06,0.884494090351078,0.00253652852916316,1.12903788812368
"chr22_21950525_21950733","ENSG00000100034","PPM1F","protein phosphatase, Mg2+/Mn2+ dependent 1F","chr22",21950525,21950733,"Exon",2104,0.738047925189948,4.05186587403161e-10,3.91942613808589e-06,1.05676345527013,1.17996704886018e-21,2.52256979190607
"chr19_45455748_45456511","ENSG00000125740","FOSB","FosB proto-oncogene, AP-1 transcription factor subunit","chr19",45455748,45456511,"Intron",-11484,0.602045587375804,2.21294638550055e-06,4.21651583536142e-06,4.42046254254191,4.17549459243258e-05,1.22041315852395
"chr16_1713719_1714383","ENSG00000138834","MAPK8IP3","mitogen-activated protein kinase 8 interacting protein 3","chr16",1713719,1714383,"Exon",7536,0.702220923436587,6.15143794313922e-09,4.58660529629357e-06,1.03873368710218,1.50243230203536e-22,1.67044089964319
"chr16_1719886_1720178","ENSG00000138834","MAPK8IP3","mitogen-activated protein kinase 8 interacting protein 3","chr16",1719886,1720178,"Intron",13703,0.581706604324956,5.9134350656001e-06,4.58660529629357e-06,1.03873368710218,4.70087166087572e-06,1.14039941568853
"chr8_55927737_55928260","ENSG00000254087","LYN","LYN proto-oncogene, Src family tyrosine kinase","chr8",55927737,55928260,"Intron",47924,0.595265926358855,3.08580616349781e-06,5.08090528637385e-06,1.16404177747867,1.08751595076207e-06,1.00821085098914
"chr9_19173977_19174830","ENSG00000147872","PLIN2","perilipin 2","chr9",19173977,19174830,"Distal Intergenic",-24699,0.362419637638808,0.00951485930283644,5.48715754397283e-06,2.04294761336285,1.74446699738709e-10,1.03208702536471
"chr2_88281758_88282192","ENSG00000144115","THNSL2","threonine synthase like 2","chr2",88281758,88282192,"Distal Intergenic",111463,0.297964536033741,0.0370867772623615,5.48715754397283e-06,3.91384144619201,4.09108116948311e-09,2.67704177124612
"chr19_9430033_9430561","ENSG00000174652","ZNF266","zinc finger protein 266","chr19",9430033,9430561,"Intron",5017,0.422618351841029,0.00198342001379189,6.25369556770742e-06,2.14029612547372,5.75599867352362e-06,2.16890025213444
"chr10_30505329_30505874","ENSG00000107968","MAP3K8","mitogen-activated protein kinase kinase kinase 8","chr10",30505329,30505874,"Distal Intergenic",71392,0.744009351256575,2.51140608698686e-10,6.78268113057654e-06,1.30809844566362,7.97426963699403e-46,1.52719490503722
"chr10_30490322_30490625","ENSG00000107968","MAP3K8","mitogen-activated protein kinase kinase kinase 8","chr10",30490322,30490625,"Distal Intergenic",56385,0.704208065458796,5.34041605529724e-09,6.78268113057654e-06,1.30809844566362,8.33972498609557e-07,1.35875529666331
"chr5_169686209_169686666","ENSG00000134516","DOCK2","dedicator of cytokinesis 2","chr5",169686209,169686666,"Intron",48962,-0.353652834599649,0.0116498135690315,6.95230633377163e-06,0.804362862795033,2.34781068770649e-05,1.97599897413799
"chr11_57604189_57604763","ENSG00000149131","SERPING1","serpin family G member 1","chr11",57604189,57604763,"Intron",6802,0.703046028384439,5.78820256015623e-09,7.01297971431567e-06,7.4229070156722,0.000634433869756586,1.36609613271124
"chr7_2950189_2951074","ENSG00000198286","CARD11","caspase recruitment domain family member 11","chr7",2950189,2951074,"Intron",92871,0.592051431911163,3.6097228960772e-06,8.2399847162246e-06,1.10410506732905,0.000165327788251227,1.15785014742997
"chr19_18416586_18417501","ENSG00000130511","SSBP4","single stranded DNA binding protein 4","chr19",18416586,18417501,"Distal Intergenic",-1363,0.348509643483343,0.0130716944881177,8.25761443234241e-06,0.840278026777364,1.34681914986698e-09,1.36239483043571
"chr20_23258196_23259023","ENSG00000132661","NXT1","nuclear transport factor 2 like export factor 1","chr20",23258196,23259023,"Distal Intergenic",-91713,0.47701197677329,0.000368472368861986,8.27816989166547e-06,1.74267055671118,0.000726766831071533,2.46586054877232
"chr20_23257326_23258045","ENSG00000132661","NXT1","nuclear transport factor 2 like export factor 1","chr20",23257326,23258045,"Distal Intergenic",-92691,0.311356596475493,0.0286308656405418,8.27816989166547e-06,1.74267055671118,0.0038317234081465,1.94980841453539
"chr10_3064293_3064817","ENSG00000067057","PFKP","phosphofructokinase, platelet","chr10",3064293,3064817,"Distal Intergenic",-1516,-0.622092343658679,7.87562711376743e-07,9.09159042797198e-06,1.40670082583144,2.40101313509563e-11,1.99666098606639
"chr10_2700599_2701166","ENSG00000067057","PFKP","phosphofructokinase, platelet","chr10",2700599,2701166,"Distal Intergenic",-365167,-0.348047166126664,0.0132068596244845,9.09159042797198e-06,1.40670082583144,1.84533068698815e-08,1.56813000751807
"chr15_99514927_99515720","ENSG00000068305","MEF2A","myocyte enhancer factor 2A","chr15",99514927,99515720,"Distal Intergenic",-49697,0.673699590882525,4.11343271989822e-08,9.09159042797198e-06,1.08881834957424,0.000400108843875708,1.04438641808345
"chr10_2792063_2792313","ENSG00000067057","PFKP","phosphofructokinase, platelet","chr10",2792063,2792313,"Distal Intergenic",-274020,0.590705837083344,3.86041879840396e-06,9.09159042797198e-06,1.40670082583144,0.000747635708172438,2.16009908667358
"chr10_3085955_3086449","ENSG00000067057","PFKP","phosphofructokinase, platelet","chr10",3085955,3086449,"Intron",19622,0.292435599616249,0.0411558599702208,9.09159042797198e-06,1.40670082583144,0.000940995319695589,1.81848204772566
"chr15_99535168_99535698","ENSG00000068305","MEF2A","myocyte enhancer factor 2A","chr15",99535168,99535698,"Distal Intergenic",-29719,0.390846923339895,0.00470005479582574,9.09159042797198e-06,1.08881834957424,0.00291443877904246,1.94322502033099
"chr1_40901941_40902766","ENSG00000179862","CITED4","Cbp/p300 interacting transactivator with Glu/Asp rich carboxy-terminal domain 4","chr1",40901941,40902766,"Distal Intergenic",-39575,0.605435417884278,1.86382337696085e-06,9.09816648020037e-06,1.49724319518174,0.000793668380915646,1.76640686944258
"chr1_40840676_40841535","ENSG00000179862","CITED4","Cbp/p300 interacting transactivator with Glu/Asp rich carboxy-terminal domain 4","chr1",40840676,40841535,"Distal Intergenic",20831,0.673348918760959,4.20038560469834e-08,9.09816648020037e-06,1.49724319518174,0.00422459451673423,1.23974407166149
"chr10_74034391_74034812","ENSG00000035403","VCL","vinculin","chr10",74034391,74034812,"Intron",39198,0.361309175920514,0.00976591065085711,9.5842058199876e-06,1.46765569127759,3.965312704193e-08,1.43095631485312
"chr10_74039919_74040468","ENSG00000035403","VCL","vinculin","chr10",74039919,74040468,"Intron",44726,0.335008766803039,0.0175365670089053,9.5842058199876e-06,1.46765569127759,0.000158993900321321,1.15401848231706
"chr4_150135366_150135937","ENSG00000170390","DCLK2","doublecortin like kinase 2","chr4",150135366,150135937,"Intron",57092,0.364406779661017,0.00906277296681855,9.75911585996294e-06,2.45734516692314,5.13410648686033e-18,1.10602781103439
"chr4_150126084_150127302","ENSG00000170390","DCLK2","doublecortin like kinase 2","chr4",150126084,150127302,"Intron",47810,0.354763296317943,0.0113551588468806,9.75911585996294e-06,2.45734516692314,1.44764083748493e-08,1.02922717013309
"chr4_150230210_150231226","ENSG00000170390","DCLK2","doublecortin like kinase 2","chr4",150230210,150231226,"Intron",151936,-0.393512565751023,0.00438025751822279,9.75911585996294e-06,2.45734516692314,1.00427087227553e-06,1.64659128856085
"chr17_1498969_1499193","ENSG00000197879","MYO1C","myosin IC","chr17",1498969,1499193,"Intron",-6157,-0.335651665692578,0.0172818228081305,1.0675544034349e-05,1.61199512359234,0.00245990717781306,1.43017054428018
"chr20_17615251_17616611","ENSG00000125868","DSTN","destrin, actin depolymerizing factor","chr20",17615251,17616611,"Exon",45388,0.690648743424898,1.37119393797844e-08,1.12821820129556e-05,1.35127627200144,2.15386143806806e-80,3.73993534085751
"chr20_17616728_17616853","ENSG00000125868","DSTN","destrin, actin depolymerizing factor","chr20",17616728,17616853,"Exon",46865,0.482875511396844,0.000303038909178386,1.12821820129556e-05,1.35127627200144,7.90333908495056e-20,2.70560004304977
"chr20_17571115_17571402","ENSG00000125868","DSTN","destrin, actin depolymerizing factor","chr20",17571115,17571402,"Intron",1252,0.764699006428989,4.27355471660814e-11,1.12821820129556e-05,1.35127627200144,4.18032393200155e-14,1.40613544846308
"chr20_17612426_17612799","ENSG00000125868","DSTN","destrin, actin depolymerizing factor","chr20",17612426,17612799,"Downstream (<1kb)",42563,0.704324956165985,5.29602847094548e-09,1.12821820129556e-05,1.35127627200144,1.0136471890541e-06,1.18019266892883
"chr20_17622491_17622817","ENSG00000125868","DSTN","destrin, actin depolymerizing factor","chr20",17622491,17622817,"Intron",52628,0.31679935751055,0.0256860741955093,1.12821820129556e-05,1.35127627200144,0.000184551602840702,2.57188970456176
"chr1_93042233_93042878","ENSG00000143033","MTF2","metal response element binding transcription factor 2","chr1",93042233,93042878,"Distal Intergenic",-36357,-0.310052600818235,0.0293510380406422,1.13664671387842e-05,0.920414963648117,4.52112688791142e-28,1.45652307951113
"chr1_93033693_93034079","ENSG00000143033","MTF2","metal response element binding transcription factor 2","chr1",93033693,93034079,"Distal Intergenic",-45156,-0.420455873758036,0.00210214482095454,1.13664671387842e-05,0.920414963648117,2.03060227069823e-07,1.06180898528893
"chr20_44997636_44998119","ENSG00000101109","STK4","serine/threonine kinase 4","chr20",44997636,44998119,"Intron",31162,0.650621079576088,1.66663881323459e-07,1.16984432361677e-05,0.878384651854502,0.000157956316615728,1.73890462748107
"chr1_153880927_153881631","ENSG00000198837","DENND4B","DENN domain containing 4B","chr1",153880927,153881631,"Intron",65065,-0.435885447106955,0.00135247049672571,1.29851977217767e-05,0.793741043878117,1.30035123307451e-08,1.04032340407192
"chr1_153840887_153841079","ENSG00000198837","DENND4B","DENN domain containing 4B","chr1",153840887,153841079,"Intron",105617,0.621429302072503,8.15486134868623e-07,1.29851977217767e-05,0.793741043878117,0.00166305680356809,1.20648783481536
"chr3_152084642_152085262","ENSG00000152601","MBNL1","muscleblind like splicing regulator 1","chr3",152084642,152085262,"Distal Intergenic",-158566,-0.47834473166049,0.000352575604906391,1.29851977217767e-05,1.42448702347422,0.00857586298956029,1.72095858331165
"chr1_232546597_232547039","ENSG00000116991","SIPA1L2","signal induced proliferation associated 1 like 2","chr1",232546597,232547039,"Intron",14519,0.441762397881653,0.0011357223111926,1.32910158217925e-05,6.0116374635451,3.13476668122565e-13,3.84310287003033
"chr1_232600420_232600703","ENSG00000116991","SIPA1L2","signal induced proliferation associated 1 like 2","chr1",232600420,232600703,"Distal Intergenic",-38862,0.41236228464868,0.00264068661418271,1.32910158217925e-05,6.0116374635451,3.43833875120379e-13,2.05255871689334
"chr1_232561326_232561839","ENSG00000116991","SIPA1L2","signal induced proliferation associated 1 like 2","chr1",232561326,232561839,"Promoter",0,0.295410741858839,0.0389007856521069,1.32910158217925e-05,6.0116374635451,2.23131717300772e-08,2.86318564376034
"chr1_232552610_232553215","ENSG00000116991","SIPA1L2","signal induced proliferation associated 1 like 2","chr1",232552610,232553215,"Intron",8343,0.452374683464303,0.000817791209012006,1.32910158217925e-05,6.0116374635451,6.83290961834996e-08,3.25601632197397
"chr1_232578396_232579239","ENSG00000116991","SIPA1L2","signal induced proliferation associated 1 like 2","chr1",232578396,232579239,"Distal Intergenic",-16838,0.361299980696941,0.00976626400498844,1.32910158217925e-05,6.0116374635451,3.58129699577185e-06,1.92068009000091
"chr1_232634159_232634345","ENSG00000116991","SIPA1L2","signal induced proliferation associated 1 like 2","chr1",232634159,232634345,"Distal Intergenic",-72601,0.432394876536616,0.0015018372557942,1.32910158217925e-05,6.0116374635451,6.08397244839827e-05,1.36746447817526
"chr19_51646884_51647130","ENSG00000105501","SIGLEC5","sialic acid binding Ig like lectin 5","chr19",51646884,51647130,"Promoter",0,0.320872082936072,0.0235916489452472,1.32910158217925e-05,4.9501247038979,0.000875822567714528,1.23175152339806
"chr1_232589611_232590247","ENSG00000116991","SIPA1L2","signal induced proliferation associated 1 like 2","chr1",232589611,232590247,"Distal Intergenic",-28053,0.326941410633955,0.020811175211504,1.32910158217925e-05,6.0116374635451,0.00163135203511753,1.17856891684343
"chr1_232596940_232597408","ENSG00000116991","SIPA1L2","signal induced proliferation associated 1 like 2","chr1",232596940,232597408,"Distal Intergenic",-35382,0.304531063032318,0.0326851332177072,1.32910158217925e-05,6.0116374635451,0.00786443725660183,1.00686625881723
"chr19_16369004_16369221","ENSG00000127528","KLF2","Kruppel like factor 2","chr19",16369004,16369221,"Intron",44187,0.606078316773817,1.80514130888345e-06,1.32953837757936e-05,1.59847891419805,0.00019159815764131,1.11239710414264
"chr21_29238779_29239348","ENSG00000156273","BACH1","BTB domain and CNC homolog 1","chr21",29238779,29239348,"Intron",44632,-0.31823495032145,0.024937676782091,1.32953837757936e-05,2.60817296150429,0.000962939346573915,1.35991499462138
"chr6_107618705_107619065","ENSG00000112320","SOBP","sine oculis binding protein homolog","chr6",107618705,107619065,"Intron",128747,0.711338290955647,3.17880991259644e-09,1.503508734794e-05,5.5470452972609,4.06055098402059e-05,2.18061465164814
"chr7_105204690_105205041","ENSG00000005483","KMT2E","lysine methyltransferase 2E","chr7",105204690,105205041,"Intron",190511,0.393430646310938,0.00438863858072718,1.58667866945138e-05,0.764242811264254,3.2829070117672e-06,2.12246449874724
"chr1_65690337_65691815","ENSG00000184588","PDE4B","phosphodiesterase 4B","chr1",65690337,65691815,"Distal Intergenic",-100699,-0.349035651665693,0.0129163032552842,1.79790096481157e-05,1.39356760490453,3.28256804262416e-13,1.85995984425543
"chr1_65703500_65704572","ENSG00000184588","PDE4B","phosphodiesterase 4B","chr1",65703500,65704572,"Distal Intergenic",-87942,-0.407247223845704,0.00304250455125264,1.79790096481157e-05,1.39356760490453,1.17570182440655e-09,1.65765108495889
"chr1_65792405_65793647","ENSG00000184588","PDE4B","phosphodiesterase 4B","chr1",65792405,65793647,"Promoter",0,-0.446931618936295,0.000969187851415534,1.79790096481157e-05,1.39356760490453,1.20815235550408e-09,2.31107204674136
"chr2_28391731_28393434","ENSG00000075426","FOSL2","FOS like 2, AP-1 transcription factor subunit","chr2",28391731,28393434,"Promoter",0,0.546113383985973,2.83407934175514e-05,1.83725587023039e-05,4.065406291891,2.32472661299758e-05,1.04361246674095
"chr1_41379487_41379713","ENSG00000204060","FOXO6","forkhead box O6","chr1",41379487,41379713,"Intron",17565,0.820812662954334,1.33097891084823e-13,1.89364246945578e-05,4.46629021532083,3.04457824030262e-32,4.71816574722017
"chr1_41365894_41366964","ENSG00000204060","FOXO6","forkhead box O6","chr1",41365894,41366964,"Intron",3972,0.602864685212613,2.12421526351619e-06,1.89364246945578e-05,4.46629021532083,1.20914320112528e-24,1.28083783102
"chr1_41377599_41377847","ENSG00000204060","FOXO6","forkhead box O6","chr1",41377599,41377847,"Intron",15677,0.574627326508415,8.23209974186794e-06,1.89364246945578e-05,4.46629021532083,4.02441185014023e-13,2.76501021096961
"chr1_41399050_41400566","ENSG00000204060","FOXO6","forkhead box O6","chr1",41399050,41400566,"Distal Intergenic",37128,0.794796876984627,2.40392298759807e-12,1.89364246945578e-05,4.46629021532083,7.90334742023592e-10,1.95411959852183
"chr1_41381197_41381424","ENSG00000204060","FOXO6","forkhead box O6","chr1",41381197,41381424,"Intron",19275,0.822975773248444,9.94838325751636e-14,1.89364246945578e-05,4.46629021532083,2.47462969980801e-09,1.41137163647661
"chr1_41391919_41392102","ENSG00000204060","FOXO6","forkhead box O6","chr1",41391919,41392102,"Distal Intergenic",29997,0.335632870229404,0.0172863401333005,1.89364246945578e-05,4.46629021532083,1.59146810748755e-07,1.9532711650147
"chr1_41371913_41372794","ENSG00000204060","FOXO6","forkhead box O6","chr1",41371913,41372794,"Intron",9991,0.531131270864681,5.19303759370699e-05,1.89364246945578e-05,4.46629021532083,6.23612095117284e-07,1.57576267377018
"chr1_41394802_41395571","ENSG00000204060","FOXO6","forkhead box O6","chr1",41394802,41395571,"Distal Intergenic",32880,0.562057901826422,1.44276423340143e-05,1.89364246945578e-05,4.46629021532083,9.95206216282619e-06,1.21243917326837
"chr1_41308601_41308818","ENSG00000204060","FOXO6","forkhead box O6","chr1",41308601,41308818,"Distal Intergenic",-53104,0.367027200714196,0.00851424434209464,1.89364246945578e-05,4.46629021532083,2.24500808801371e-05,1.3103766180888
"chr1_41368333_41368661","ENSG00000204060","FOXO6","forkhead box O6","chr1",41368333,41368661,"Intron",6411,0.531014345983918,5.21605403518332e-05,1.89364246945578e-05,4.46629021532083,3.06421509978904e-05,1.19685247432426
"chr1_41416130_41416380","ENSG00000204060","FOXO6","forkhead box O6","chr1",41416130,41416380,"Distal Intergenic",54208,0.399415392685471,0.00374647495040553,1.89364246945578e-05,4.46629021532083,0.000164353618352831,1.71637412651109
"chr1_41322997_41323158","ENSG00000204060","FOXO6","forkhead box O6","chr1",41322997,41323158,"Distal Intergenic",-38764,0.336100569752455,0.0171097390200904,1.89364246945578e-05,4.46629021532083,0.00238825929756768,1.09385819793969
"chr6_157647494_157647969","ENSG00000130340","SNX9","sorting nexin 9","chr6",157647494,157647969,"Intron",-52418,-0.816715371127996,2.1533295321255e-13,1.97030337003618e-05,1.87409520065889,0.000841332653121349,1.56577789270772
"chr6_157799661_157799744","ENSG00000130340","SNX9","sorting nexin 9","chr6",157799661,157799744,"Intron",99274,0.68057747500669,2.64970874187422e-08,1.97030337003618e-05,1.87409520065889,0.00165756608266153,1.38991979653556
"chr6_157646060_157646571","ENSG00000130340","SNX9","sorting nexin 9","chr6",157646060,157646571,"Exon",-53816,-0.632554061952075,4.55572897988788e-07,1.97030337003618e-05,1.87409520065889,0.00502282757811902,1.24321535506632
"chr22_50445203_50445643","ENSG00000100241","SBF1","SET binding factor 1","chr22",50445203,50445643,"3' UTR",29381,-0.356575102279369,0.0108833775796203,2.13410566321014e-05,1.16178125239164,4.29602165649169e-21,1.20047309330997
"chr1_80915753_80916393","ENSG00000234184","LINC01781","long intergenic non-protein coding RNA 1781","chr1",80915753,80916393,"Distal Intergenic",379998,-0.366747256031535,0.00856865811250999,2.13410566321014e-05,3.3139173879668,8.66760525085992e-07,2.72593487368405
"chr1_79777763_79778170","ENSG00000234184","LINC01781","long intergenic non-protein coding RNA 1781","chr1",79777763,79778170,"Distal Intergenic",-757585,0.677752915254535,3.17337044534781e-08,2.13410566321014e-05,3.3139173879668,2.26027522333256e-06,1.89231409281401
"chr1_80639701_80640447","ENSG00000234184","LINC01781","long intergenic non-protein coding RNA 1781","chr1",80639701,80640447,"Intron",103946,0.806637172643637,6.78195981039448e-13,2.13410566321014e-05,3.3139173879668,4.21086509733603e-06,1.43979875581545
"chr1_80892392_80893434","ENSG00000234184","LINC01781","long intergenic non-protein coding RNA 1781","chr1",80892392,80893434,"Distal Intergenic",356637,-0.665602904229267,6.79812947402793e-08,2.13410566321014e-05,3.3139173879668,1.57884438175483e-05,1.62025040362206
"chr1_80531340_80531461","ENSG00000234184","LINC01781","long intergenic non-protein coding RNA 1781","chr1",80531340,80531461,"Distal Intergenic",-4294,-0.537396954779535,4.05444717518764e-05,2.13410566321014e-05,3.3139173879668,3.29244488553105e-05,2.74799655908479
"chr22_50449734_50450182","ENSG00000100241","SBF1","SET binding factor 1","chr22",50449734,50450182,"Intron",24842,0.383576855639977,0.0056740270488242,2.13410566321014e-05,1.16178125239164,0.0011813161366537,1.15980848906665
"chr21_33940287_33940713","ENSG00000241837","ATP5PO","ATP synthase peripheral stalk subunit OSCP","chr21",33940287,33940713,"Intron",-8680,0.565751022793688,1.22407084927701e-05,2.13410566321014e-05,0.957026494941598,0.00448030858634264,1.01858185319554
"chr16_3798149_3798435","ENSG00000126602","TRAP1","TNF receptor associated protein 1","chr16",3798149,3798435,"Intron",-80552,-0.525131502045588,6.54563323545081e-05,2.16916812252679e-05,1.15895037980302,5.5359335836347e-06,1.31410802105535
"chr9_93053189_93053365","ENSG00000157303","SUSD3","sushi domain containing 3","chr9",93053189,93053365,"Distal Intergenic",-5323,-0.309384999813853,0.0297388437444981,2.37466298244265e-05,0.885276169784369,1.38157291029793e-09,1.34201166566324
"chr1_209675222_209676097","ENSG00000123689","G0S2","G0/G1 switch 2","chr1",209675222,209676097,"Promoter",0,-0.398912853565842,0.00379760752913783,2.41895974419622e-05,5.29251972330906,0.00762216309955462,1.22002854257051
"chr1_228457295_228458723","ENSG00000181218","HIST3H2A","histone cluster 3 H2A","chr1",228457295,228458723,"Promoter",0,0.712156633547633,2.99021613750833e-09,2.42637401591515e-05,3.42834459189101,3.15873153798225e-19,1.50711187532935
"chr13_25247322_25248501","ENSG00000139505","MTMR6","myotubularin related protein 6","chr13",25247322,25248501,"3' UTR",39508,0.314436002337814,0.0269413442061971,2.4715310960137e-05,2.23229676753466,3.22813971569118e-08,1.00594762849667
"chr15_59687966_59688155","ENSG00000140299","BNIP2","BCL2 interacting protein 2","chr15",59687966,59688155,"Intron",1379,0.365692577440094,0.00878864669905948,2.72126351960449e-05,1.32517551300975,2.06474449177915e-37,1.18262731438439
"chr7_27895495_27895926","ENSG00000106052","TAX1BP1","Tax1 binding protein 1","chr7",27895495,27895926,"Intron",156164,-0.552425482174167,2.16995596436528e-05,2.72126351960449e-05,0.905375904270705,4.55584713821341e-15,1.31621390621357
"chr15_78174297_78174914","ENSG00000136425","CIB2","calcium and integrin binding family member 2","chr15",78174297,78174914,"3' UTR",-42753,0.420772693453552,0.00208590485757443,2.86647213377421e-05,2.72822508308679,5.84372584332939e-16,1.03611574324712
"chr10_127990215_127990378","ENSG00000132334","PTPRE","protein tyrosine phosphatase, receptor type E","chr10",127990215,127990378,"Intron",83154,0.52839398489089,5.77103858960933e-05,2.8971726583619e-05,1.62493337812432,2.99606714897312e-06,1.48497218834701
"chr10_127945251_127946230","ENSG00000132334","PTPRE","protein tyrosine phosphatase, receptor type E","chr10",127945251,127946230,"Intron",38190,0.470485096434834,0.000457181533294104,2.8971726583619e-05,1.62493337812432,3.75247382208867e-06,1.01212637403592
"chr10_127997984_127998165","ENSG00000132334","PTPRE","protein tyrosine phosphatase, receptor type E","chr10",127997984,127998165,"5' UTR",90923,0.61467876509725,1.16322952195556e-06,2.8971726583619e-05,1.62493337812432,0.00930036742819151,1.29887989010737
"chr19_3172088_3173086","ENSG00000125910","S1PR4","sphingosine-1-phosphate receptor 4","chr19",3172088,3173086,"Exon",-5682,0.334015195791935,0.0179135481288672,2.95287891726707e-05,1.21352525837878,2.54895281143735e-08,2.0992429046588
"chr7_23539257_23540140","ENSG00000164548","TRA2A","transformer 2 alpha homolog","chr7",23539257,23540140,"Distal Intergenic",-7216,0.545119812974869,2.95527856256008e-05,3.01530166986945e-05,1.42707151278767,3.75265454815081e-21,1.08945440131285
"chr7_23544847_23545492","ENSG00000164548","TRA2A","transformer 2 alpha homolog","chr7",23544847,23545492,"Distal Intergenic",-12806,0.287434248977206,0.0451785142450714,3.01530166986945e-05,1.42707151278767,2.17149415016401e-10,1.03927928183148
"chr4_726227_726876","ENSG00000185619","PCGF3","polycomb group ring finger 3","chr4",726227,726876,"Intron",20479,-0.39573348918761,0.00413620784114228,3.08283612006287e-05,0.928221937072452,0.000286090980439758,1.97346548725415
"chr4_721338_721609","ENSG00000185619","PCGF3","polycomb group ring finger 3","chr4",721338,721609,"Intron",15590,-0.488353066737202,0.000251558049662252,3.08283612006287e-05,0.928221937072452,0.00434093742799198,1.99911933947124
"chr20_57408876_57409145","ENSG00000132819","RBM38","RNA binding motif protein 38","chr20",57408876,57409145,"3' UTR",17469,0.857159555815313,9.97404471875221e-16,3.1220659927213e-05,1.1386773870377,4.03225506230483e-07,1.08311314404053
"chr20_57415082_57415426","ENSG00000132819","RBM38","RNA binding motif protein 38","chr20",57415082,57415426,"Distal Intergenic",23675,-0.723845704266511,1.25399258525024e-09,3.1220659927213e-05,1.1386773870377,8.04918953961885e-05,1.31664365129653
"chr20_57410541_57411015","ENSG00000132819","RBM38","RNA binding motif protein 38","chr20",57410541,57411015,"Distal Intergenic",19134,0.518351841028638,8.47210395426658e-05,3.1220659927213e-05,1.1386773870377,0.000695232248309624,1.16269265751802
"chr4_38780819_38781560","ENSG00000174123","TLR10","toll like receptor 10","chr4",38780819,38781560,"Intron",1430,0.515955581531268,9.2516454711866e-05,3.2860148052461e-05,2.34344446109291,0.00226523074976784,1.08796208651556
"chr17_48871115_48872431","ENSG00000159199","ATP5MC1","ATP synthase membrane subunit c locus 1","chr17",48871115,48872431,"Distal Intergenic",-20334,0.46031560490941,0.000636209623341697,3.40235458348899e-05,1.11129094366237,0.000105292055998127,1.35597983797611
"chr10_14926638_14927127","ENSG00000152457","DCLRE1C","DNA cross-link repair 1C","chr10",14926638,14927127,"Exon",27305,0.528587501334937,5.72664894939732e-05,3.44684650575355e-05,0.837513715031779,4.35169478969497e-07,2.09713097273188
"chr22_22903600_22904216","ENSG00000254709","IGLL5","immunoglobulin lambda like polypeptide 5","chr22",22903600,22904216,"Distal Intergenic",15820,0.448545964163974,0.000922652610075061,3.52294253604194e-05,5.10698695569732,1.19524413235265e-14,1.51385909870021
"chr22_22901118_22901332","ENSG00000254709","IGLL5","immunoglobulin lambda like polypeptide 5","chr22",22901118,22901332,"3' UTR",13338,0.485020315780382,0.000281362058676548,3.52294253604194e-05,5.10698695569732,1.51986296246473e-07,1.23343519096062
"chr2_189633320_189633575","ENSG00000138381","ASNSD1","asparagine synthetase domain containing 1","chr2",189633320,189633575,"Distal Intergenic",-27810,0.359263588544711,0.0102305839197307,3.58299267728476e-05,1.47500477034555,0.00873530040620808,1.01275831849407
"chr7_44768141_44768677","ENSG00000122515","ZMIZ2","zinc finger MIZ-type containing 2","chr7",44768141,44768677,"3' UTR",19560,0.666569257744009,6.39593458865638e-08,3.64188266799343e-05,0.989409327505447,5.78770029231999e-105,3.7510585521839
"chr7_44751026_44751458","ENSG00000122515","ZMIZ2","zinc finger MIZ-type containing 2","chr7",44751026,44751458,"5' UTR",2445,0.764465225014611,4.35408185246993e-11,3.64188266799343e-05,0.989409327505447,4.45504826602974e-06,1.03018291822702
"chr7_129146441_129146876","ENSG00000158457","TSPAN33","tetraspanin 33","chr7",129146441,129146876,"Intron",1549,0.685563997662186,1.90911191112423e-08,3.64188266799343e-05,1.0198460011862,0.00213767129639486,1.16286868641658
"chr15_81164450_81164981","ENSG00000172349","IL16","interleukin 16","chr15",81164450,81164981,"Intron",-17619,-0.542755275928558,3.25209690399684e-05,4.22533777947859e-05,0.902814812829039,0.00292070026220661,1.68055144509891
"chr15_81244194_81244831","ENSG00000172349","IL16","interleukin 16","chr15",81244194,81244831,"Intron",61594,-0.424239530285692,0.00189657855016434,4.22533777947859e-05,0.902814812829039,0.00381032523018604,3.15326796055371
"chr12_6167465_6168236","ENSG00000010278","CD9","CD9 molecule","chr12",6167465,6168236,"Distal Intergenic",-31479,-0.466393921683226,0.000523115686449058,4.28948564903953e-05,1.73794799495109,1.21635279646606e-09,1.24034106004989
"chr12_6224390_6225135","ENSG00000010278","CD9","CD9 molecule","chr12",6224390,6225135,"Exon",24675,0.805669199298656,7.41931581867731e-13,4.28948564903953e-05,1.73794799495109,6.86101097427969e-07,1.19751934644975
"chr12_6204255_6204884","ENSG00000010278","CD9","CD9 molecule","chr12",6204255,6204884,"Intron",4540,0.775394506136762,1.64423743010332e-11,4.28948564903953e-05,1.73794799495109,1.87097355818853e-05,1.19549997029725
"chr12_6204961_6205796","ENSG00000010278","CD9","CD9 molecule","chr12",6204961,6205796,"Intron",5246,0.597720631209819,2.74388930288007e-06,4.28948564903953e-05,1.73794799495109,0.00036760390549533,1.02304080767201
"chr1_40393062_40393600","ENSG00000084070","SMAP2","small ArfGAP2","chr1",40393062,40393600,"5' UTR",48212,0.927995324371713,4.01678944725496e-22,4.32924165940508e-05,0.885393650753592,2.61243508013793e-07,1.0633317164616
"chr19_28021093_28021588","ENSG00000261824","LINC00662","long intergenic non-protein coding RNA 662","chr19",28021093,28021588,"Distal Intergenic",-227153,-0.338857229980916,0.0161044393495787,4.68914542769711e-05,1.23639589221451,1.69174662332284e-07,2.32604649142746
"chr7_29178129_29178540","ENSG00000106066","CPVL","carboxypeptidase, vitellogenic like","chr7",29178129,29178540,"Intron",16911,0.740836044512629,3.24100381258046e-10,5.31391292848259e-05,3.72136947788556,0.005053279965547,1.70852949091536
"chr17_46179050_46179772","ENSG00000204650","LINC02210","long intergenic non-protein coding RNA 2210","chr17",46179050,46179772,"Intron",541849,0.420163646990064,0.00211787348114473,5.76142640235456e-05,1.57859470583685,1.64961802106063e-36,2.02977956907721
"chr17_46154358_46154729","ENSG00000204650","LINC02210","long intergenic non-protein coding RNA 2210","chr17",46154358,46154729,"Intron",517157,0.627819988310929,5.85503021083843e-07,5.76142640235456e-05,1.57859470583685,7.62231286271665e-11,1.98114023554735
"chr17_45828289_45828499","ENSG00000204650","LINC02210","long intergenic non-protein coding RNA 2210","chr17",45828289,45828499,"Intron",191088,0.38398999090871,0.00561275660523133,5.76142640235456e-05,1.57859470583685,0.000403797951503363,2.96955117714051
"chr17_46215278_46215634","ENSG00000204650","LINC02210","long intergenic non-protein coding RNA 2210","chr17",46215278,46215634,"Intron",578077,0.502513150204559,0.000152414855899535,5.76142640235456e-05,1.57859470583685,0.000503779615241333,1.72310484407471
"chr17_45664978_45665293","ENSG00000204650","LINC02210","long intergenic non-protein coding RNA 2210","chr17",45664978,45665293,"Intron",27777,0.285480534042649,0.0468458419018873,5.76142640235456e-05,1.57859470583685,0.00779152855064139,1.94657928455338
"chr2_10043706_10044521","ENSG00000172059","KLF11","Kruppel like factor 11","chr2",10043706,10044521,"Promoter",857,0.772717310388014,2.08357419778692e-11,5.83965076477268e-05,2.0598922746518,2.1302479169411e-26,1.53504113698572
"chr2_10029039_10029851","ENSG00000172059","KLF11","Kruppel like factor 11","chr2",10029039,10029851,"Distal Intergenic",-12998,0.83881997115867,1.36677228934601e-14,5.83965076477268e-05,2.0598922746518,6.70745810886353e-17,1.23742052396787
"chr2_10006541_10007039","ENSG00000172059","KLF11","Kruppel like factor 11","chr2",10006541,10007039,"Distal Intergenic",-35810,0.370110609487338,0.00789340450684043,5.83965076477268e-05,2.0598922746518,0.00803383336659831,1.23911896301922
"chr6_137248834_137249222","ENSG00000027697","IFNGR1","interferon gamma receptor 1","chr6",137248834,137249222,"Distal Intergenic",-29385,0.528053769725307,5.85089767407265e-05,5.88189727753754e-05,1.52265840559891,1.02197131735952e-10,1.03574293075312
"chr6_137261661_137262089","ENSG00000027697","IFNGR1","interferon gamma receptor 1","chr6",137261661,137262089,"Distal Intergenic",-42212,0.516189362945646,9.18942989308808e-05,5.88189727753754e-05,1.52265840559891,5.10139252737049e-05,1.19050984909886
"chr16_77273750_77274129","ENSG00000205078","SYCE1L","synaptonemal complex central element protein 1 like","chr16",77273750,77274129,"Intron",74353,0.339938044884826,0.015750839595583,6.15381684200817e-05,1.53689992859119,0.000837630372724478,1.97720703122222
"chr8_29065584_29065846","ENSG00000147421","HMBOX1","homeobox containing 1","chr8",29065584,29065846,"Downstream (1-2kb)",175190,0.633372296902396,4.35007457109787e-07,6.88135160422706e-05,0.971306758540352,0.00122617155467899,1.25785633887813
"chr8_28984186_28984614","ENSG00000147421","HMBOX1","homeobox containing 1","chr8",28984186,28984614,"Intron",93792,0.472850547303686,0.000423023581430382,6.88135160422706e-05,0.971306758540352,0.0027825891167213,1.35815645610007
"chr16_31354548_31355151","ENSG00000140678","ITGAX","integrin subunit alpha X","chr16",31354548,31355151,"Promoter",0,0.376738749269433,0.0067041561920731,7.31913600068025e-05,2.95654715828845,1.55107942710732e-05,1.18800848133981
"chr15_76323030_76323918","ENSG00000140374","ETFA","electron transfer flavoprotein subunit alpha","chr15",76323030,76323918,"Distal Intergenic",-11558,0.34301578024547,0.0147605591444749,7.45011848652492e-05,1.32335176712371,0.000462513250803973,1.1797633713584
"chr15_90402398_90402530","ENSG00000140575","IQGAP1","IQ motif containing GTPase activating protein 1","chr15",90402398,90402530,"Intron",14180,-0.418585622443016,0.00221589713794575,7.45011848652492e-05,1.15285603225053,0.000658264415598173,1.47615599349719
"chr5_8349557_8350591","ENSG00000247516","MIR4458HG","MIR4458 host gene","chr5",8349557,8350591,"Intron",-100152,0.755925771625531,9.17793313268656e-11,7.69168976681249e-05,2.59704297929707,2.25583956185112e-11,1.82043929959641
"chr5_8417252_8418302","ENSG00000247516","MIR4458HG","MIR4458 host gene","chr5",8417252,8418302,"Intron",-32441,0.372029815458606,0.0075370928926655,7.69168976681249e-05,2.59704297929707,1.28785533651803e-07,2.73825039116949
"chr5_8340231_8340997","ENSG00000247516","MIR4458HG","MIR4458 host gene","chr5",8340231,8340997,"Intron",-109746,0.661415487460896,8.75734294553834e-08,7.69168976681249e-05,2.59704297929707,7.20243425911554e-06,1.98645100837522
"chr5_8333419_8334353","ENSG00000247516","MIR4458HG","MIR4458 host gene","chr5",8333419,8334353,"Exon",-116390,0.67715914795824,3.29906451597513e-08,7.69168976681249e-05,2.59704297929707,0.00186958857370859,1.49421314452377
"chr5_8192822_8193118","ENSG00000247516","MIR4458HG","MIR4458 host gene","chr5",8192822,8193118,"Distal Intergenic",-257625,0.312991381392585,0.0277153457913803,7.69168976681249e-05,2.59704297929707,0.00281211182263543,1.6343968306798
"chr5_8254980_8255347","ENSG00000247516","MIR4458HG","MIR4458 host gene","chr5",8254980,8255347,"Distal Intergenic",-195396,0.524112910725187,6.80815637485069e-05,7.69168976681249e-05,2.59704297929707,0.0063978576995696,1.87778112831305
"chr5_134132307_134132986","ENSG00000081059","TCF7","transcription factor 7","chr5",134132307,134132986,"Intron",17596,-0.394120054446076,0.00431397219170487,7.98358024642578e-05,2.42321393682144,6.18260627705055e-08,1.0048880132841
"chr6_156395022_156396826","ENSG00000049618","ARID1B","AT-rich interaction domain 1B","chr6",156395022,156396826,"Distal Intergenic",-380548,0.282933956750438,0.0489433938091888,8.42147008790346e-05,0.957080535087841,4.12638170834497e-09,1.12372580184807
"chr17_50084681_50085546","ENSG00000005882","PDK2","pyruvate dehydrogenase kinase 2","chr17",50084681,50085546,"Intron",-9191,0.296025715955582,0.038446001146317,8.57816549997002e-05,1.50370565128032,2.04737429201437e-06,1.08661932429492
"chr7_40551622_40552590","ENSG00000175600","SUGCT","succinyl-CoA:glutarate-CoA transferase","chr7",40551622,40552590,"Intron",416645,-0.339787198629761,0.0157905375584899,8.64785464814693e-05,4.1758660448578,1.29142648477661e-21,2.14199503227069
"chr7_40299162_40299429","ENSG00000175600","SUGCT","succinyl-CoA:glutarate-CoA transferase","chr7",40299162,40299429,"Intron",164185,-0.519513269384798,8.13713474391887e-05,8.64785464814693e-05,4.1758660448578,3.47372032518505e-08,3.32460890155675
"chr7_40221939_40222252","ENSG00000175600","SUGCT","succinyl-CoA:glutarate-CoA transferase","chr7",40221939,40222252,"Intron",86962,-0.349255644020885,0.0128505022897787,8.64785464814693e-05,4.1758660448578,0.000407832260267354,2.26955614059137
"chr4_74094076_74094795","ENSG00000081041","CXCL2","C-X-C motif chemokine ligand 2","chr4",74094076,74094795,"Downstream (2-3kb)",4498,0.534558804774747,4.53976619863147e-05,8.66113657366828e-05,6.15863938057995,0.00374030621545332,1.32547828954573
"chr7_94607279_94607573","ENSG00000127990","SGCE","sarcoglycan epsilon","chr7",94607279,94607573,"Intron",48636,0.826640619390517,6.22720059139445e-14,8.73126888853665e-05,3.99477585050559,4.15765688321118e-06,1.70010896103997
"chr3_101879772_101880320","ENSG00000144802","NFKBIZ","NFKB inhibitor zeta","chr3",101879772,101880320,"Distal Intergenic",51781,0.452893045002922,0.000804813535642124,8.95615700919831e-05,1.54556158658058,2.59277517747722e-05,1.36348729992644
"chr1_89278947_89279480","ENSG00000154451","GBP5","guanylate binding protein 5","chr1",89278947,89279480,"Distal Intergenic",-6143,0.566160140268849,1.20273387735376e-05,9.68484128473257e-05,2.22216793355403,2.12305047499182e-05,1.00808752680004
"chr2_136245820_136246554","ENSG00000121966","CXCR4","C-X-C motif chemokine receptor 4","chr2",136245820,136246554,"Distal Intergenic",-127655,0.62197545295149,7.91718231510259e-07,9.90465121480351e-05,1.27942323303382,1.37597947354407e-30,1.33398157556184
"chr2_136322472_136322789","ENSG00000121966","CXCR4","C-X-C motif chemokine receptor 4","chr2",136322472,136322789,"Distal Intergenic",-204307,-0.543483343074226,3.16359073671631e-05,9.90465121480351e-05,1.27942323303382,1.63405336913848e-14,1.42278629692917
"chr2_136150981_136151754","ENSG00000121966","CXCR4","C-X-C motif chemokine receptor 4","chr2",136150981,136151754,"Distal Intergenic",-32816,0.611221507890123,1.38780314250778e-06,9.90465121480351e-05,1.27942323303382,8.78073959468566e-14,1.68529002301126
"chr2_136129662_136129855","ENSG00000121966","CXCR4","C-X-C motif chemokine receptor 4","chr2",136129662,136129855,"Distal Intergenic",-11497,0.807948568088837,5.82439892266707e-13,9.90465121480351e-05,1.27942323303382,2.51366555028624e-13,1.29799702572722
"chr2_136251435_136252410","ENSG00000121966","CXCR4","C-X-C motif chemokine receptor 4","chr2",136251435,136252410,"Distal Intergenic",-133270,-0.589655172413793,4.0556472902764e-06,9.90465121480351e-05,1.27942323303382,0.000385645087283649,1.01882178713647
"chr2_136232648_136233273","ENSG00000121966","CXCR4","C-X-C motif chemokine receptor 4","chr2",136232648,136233273,"Exon",-114483,0.760958503798948,5.91074240970871e-11,9.90465121480351e-05,1.27942323303382,0.00530407760017907,1.04842967364399
"chr9_93078451_93078898","ENSG00000165233","CARD19","caspase recruitment domain family member 19","chr9",93078451,93078898,"Intron",-17320,0.582968029518784,5.57432514651647e-06,0.000102113653598981,1.09810949224687,0.0027116719925879,1.95581732190841
"chr7_140085030_140085601","ENSG00000059378","PARP12","poly(ADP-ribose) polymerase family member 12","chr7",140085030,140085601,"3' UTR",-21309,0.30812390414962,0.0304776294295503,0.00010239931173924,0.875995204923449,1.26898511384867e-11,1.31454141440019
"chr7_140036379_140036765","ENSG00000059378","PARP12","poly(ADP-ribose) polymerase family member 12","chr7",140036379,140036765,"Intron",26956,-0.46990064289889,0.000465809637990538,0.00010239931173924,0.875995204923449,5.00592004399882e-10,1.2727644986744
"chr6_25178714_25178924","ENSG00000168405","LOC101928663","uncharacterized LOC101928663","chr6",25178714,25178924,"Distal Intergenic",82487,0.444301578024547,0.00105112229024932,0.000105434620782812,1.29989974337792,0.00527851807271402,1.3385643724352
"chr17_64051255_64051468","ENSG00000108622","ICAM2","intercellular adhesion molecule 2","chr17",64051255,64051468,"Intron",-30621,0.403950963674969,0.00332515397522578,0.000105482561634996,1.0197304118794,2.27410517385782e-10,2.56330257649611
"chr3_13006629_13007426","ENSG00000144711","IQSEC1","IQ motif and Sec7 domain 1","chr3",13006629,13007426,"Intron",65691,0.735359438924606,5.07327625913359e-10,0.000105675429037075,0.708997855660234,3.04481387289792e-13,1.22338950430767
"chr3_12973917_12974353","ENSG00000144711","IQSEC1","IQ motif and Sec7 domain 1","chr3",12973917,12974353,"Intron",98764,0.574810052600818,8.17065060859592e-06,0.000105675429037075,0.708997855660234,4.85953855530745e-08,1.48695301026657
"chr3_13132462_13133150","ENSG00000144711","IQSEC1","IQ motif and Sec7 domain 1","chr3",13132462,13133150,"Distal Intergenic",-59345,-0.435534774985389,0.00136702391617119,0.000105675429037075,0.708997855660234,0.000271018182173969,1.61702370076664
"chr12_13267943_13268107","ENSG00000134531","EMP1","epithelial membrane protein 1","chr12",13267943,13268107,"Distal Intergenic",71227,-0.336246530498206,0.0170531323768897,0.000106130917409251,6.0369984320559,0.000124948619460532,1.32341697375088
"chr6_110567902_110568789","ENSG00000004809","SLC22A16","solute carrier family 22 member 16","chr6",110567902,110568789,"Distal Intergenic",-91261,0.36499245241096,0.00893913505284828,0.000108170550417429,5.05316065855152,6.25641762156467e-08,1.1307121584048
"chr6_36108895_36109604","ENSG00000156711","MAPK13","mitogen-activated protein kinase 13","chr6",36108895,36109604,"3' UTR",-18205,0.89281122150789,2.30282345208425e-18,0.000108170550417429,1.23987623409373,2.71552274372668e-07,1.43800396434852
"chr15_77015699_77015997","ENSG00000140368","PSTPIP1","proline-serine-threonine phosphatase interacting protein 1","chr15",77015699,77015997,"5' UTR",20614,-0.438047925189947,0.00126749028916814,0.000108170550417429,1.36901840691113,0.000169203134239427,1.40818843145209
"chr15_77004235_77004520","ENSG00000140368","PSTPIP1","proline-serine-threonine phosphatase interacting protein 1","chr15",77004235,77004520,"Intron",9150,-0.707071887784921,4.33617100845069e-09,0.000108170550417429,1.36901840691113,0.00050249647809192,1.09363931695128
"chr6_110543183_110543859","ENSG00000004809","SLC22A16","solute carrier family 22 member 16","chr6",110543183,110543859,"Distal Intergenic",-66542,0.437155844519071,0.00130223960320922,0.000108170550417429,5.05316065855152,0.0012137627799441,1.09696292585632
"chr7_102441491_102442248","ENSG00000160991","ORAI2","ORAI calcium release-activated calcium modulator 2","chr7",102441491,102442248,"Intron",8385,0.820046756282876,1.46251899261574e-13,0.000114819632134464,1.13752722684603,0.00454706282906018,1.42225700698857
"chr16_84594167_84594576","ENSG00000103187","COTL1","coactosin like F-actin binding protein 1","chr16",84594167,84594576,"Exon",23501,0.829339567504384,4.5306253714335e-14,0.000115891779039179,1.5272048844368,0.000211311448037483,1.06479471402608
"chr7_45007981_45008116","ENSG00000136280","CCM2","CCM2 scaffold protein","chr7",45007981,45008116,"Intron",8506,0.405493863237873,0.00319283522439944,0.000123552698999911,0.992745599215667,6.6120387631826e-11,1.67668899636103
"chr3_179037486_179037723","ENSG00000172667","ZMAT3","zinc finger matrin-type 3","chr3",179037486,179037723,"Intron",34556,-0.479602571595558,0.000338154369600347,0.000123907145999217,1.31374377342124,1.90557205738161e-11,1.92279207585226
"chr3_179038286_179039167","ENSG00000172667","ZMAT3","zinc finger matrin-type 3","chr3",179038286,179039167,"Intron",33112,0.355055523085915,0.0112777477457934,0.000123907145999217,1.31374377342124,4.08218858335494e-06,1.78790683376963
"chr3_179017349_179017521","ENSG00000172667","ZMAT3","zinc finger matrin-type 3","chr3",179017349,179017521,"3' UTR",54758,0.31718293395675,0.025478398308245,0.000123907145999217,1.31374377342124,9.05799661443953e-06,1.11976275217607
"chr3_178969077_178969609","ENSG00000172667","ZMAT3","zinc finger matrin-type 3","chr3",178969077,178969609,"Distal Intergenic",102670,0.469959088252484,0.00046495164974853,0.000123907145999217,1.31374377342124,0.000502078574040441,1.16343780060522
"chr3_179032985_179033599","ENSG00000172667","ZMAT3","zinc finger matrin-type 3","chr3",179032985,179033599,"Intron",38680,-0.334073641145529,0.0178919772336467,0.000123907145999217,1.31374377342124,0.00174814129582618,1.46936587763353
"chr3_179027613_179027930","ENSG00000172667","ZMAT3","zinc finger matrin-type 3","chr3",179027613,179027930,"Exon",44349,-0.568057964862289,1.1129741965171e-05,0.000123907145999217,1.31374377342124,0.00297532365461818,1.59548009770625
"chr2_142695206_142695922","ENSG00000115919","KYNU","kynureninase","chr2",142695206,142695922,"Distal Intergenic",-181576,-0.46478724054262,0.000551035147642576,0.000125236940441403,3.78322683447102,1.58144725136176e-13,1.56459990265071
"chr2_142877317_142878413","ENSG00000115919","KYNU","kynureninase","chr2",142877317,142878413,"Promoter",0,0.809312391158784,5.11221005539753e-13,0.000125236940441403,3.78322683447102,5.47693971081066e-06,1.14655511414819
"chr22_44204907_44205439","ENSG00000138964","PARVG","parvin gamma","chr22",44204907,44205439,"Intron",31951,0.338457042665108,0.0162518124154903,0.00012887623449528,0.612095141958813,3.32066735657395e-11,1.22673576413688
"chr22_44160484_44160963","ENSG00000138964","PARVG","parvin gamma","chr22",44160484,44160963,"Intron",-11993,-0.298655756867329,0.0366075977174515,0.00012887623449528,0.612095141958813,0.00327993608203329,1.90018440837277
"chr5_178084428_178085289","ENSG00000145911","N4BP3","NEDD4 binding protein 3","chr5",178084428,178085289,"Distal Intergenic",-28154,-0.463004091174752,0.000582898843181815,0.00013071827054243,1.53549968939292,0.000276195464324939,1.19250562984262
"chr5_143516155_143517100","ENSG00000113580","NR3C1","nuclear receptor subfamily 3 group C member 1","chr5",143516155,143517100,"Intron",-80643,0.543483343074226,3.16359073671631e-05,0.00013617770006209,1.12524338931475,0.000364658557590771,1.38853667596833
"chr3_122617327_122617763","ENSG00000173200","PARP15","poly(ADP-ribose) polymerase family member 15","chr3",122617327,122617763,"Intron",39725,0.727177089421391,9.68129275175761e-10,0.000138646189723389,1.26557031805563,1.0077128232709e-19,1.79808745991614
"chr5_103040902_103041337","ENSG00000145725","PPIP5K2","diphosphoinositol pentakisphosphate kinase 2","chr5",103040902,103041337,"Distal Intergenic",-78812,0.371127995324372,0.00770755758809842,0.000138646189723389,1.60730280254636,7.24278535129454e-06,1.09651559427208
"chr3_122620851_122621843","ENSG00000173200","PARP15","poly(ADP-ribose) polymerase family member 15","chr3",122620851,122621843,"Exon",43249,0.642206928866462,2.67344034530798e-07,0.000138646189723389,1.26557031805563,0.0014504400669937,1.14734447359784
"chr1_205822976_205824002","ENSG00000133065","SLC41A1","solute carrier family 41 member 1","chr1",205822976,205824002,"Distal Intergenic",-9228,0.388194038573933,0.00503079143347204,0.000139728768532955,1.60796346057942,2.85109841467107e-18,2.32461096030041
"chr2_112841351_112842025","ENSG00000125538","IL1B","interleukin 1 beta","chr2",112841351,112842025,"Exon",-4448,-0.438849883697024,0.00123817190825092,0.000144044072400375,4.47784219861351,2.89328350666271e-09,1.13860952139798
"chr2_225164603_225165022","ENSG00000135905","DOCK10","dedicator of cytokinesis 10","chr2",225164603,225165022,"Distal Intergenic",-122158,-0.536645236703682,4.17476048665383e-05,0.000150712394509907,0.816616367109259,7.2990856500336e-06,1.74957869159113
"chr2_19786529_19786934","ENSG00000228784","LINC00954","long intergenic non-protein coding RNA 954","chr2",19786529,19786934,"Distal Intergenic",-81926,-0.393801674235945,0.00435073737887996,0.000153077057761146,1.65138399831337,7.33901250193407e-06,2.08703180296529
"chr2_37090049_37090597","ENSG00000152133","GPATCH11","G-patch domain containing 11","chr2",37090049,37090597,"Intron",5598,0.487960257159556,0.000254999040836461,0.000158815007461851,1.48268451239172,0.00616103130838999,1.16624542103824
"chr10_5025139_5026073","ENSG00000196139","AKR1C3","aldo-keto reductase family 1 member C3","chr10",5025139,5026073,"Intron",-9281,0.848034912331602,4.10970425031243e-15,0.000160845901730945,2.69339141520489,0.000364394702179169,1.54315166488638
"chr10_5071748_5071961","ENSG00000196139","AKR1C3","aldo-keto reductase family 1 member C3","chr10",5071748,5071961,"Intron",36394,0.584459738164869,5.19072188894766e-06,0.000160845901730945,2.69339141520489,0.00570358047668195,1.86351909633272
"chr5_81909613_81910142","ENSG00000152348","ATG10","autophagy related 10","chr5",81909613,81910142,"Distal Intergenic",-61883,-0.305026300409118,0.032381094466241,0.000168959290338886,1.25522027985816,0.000362481082074099,1.28484346601331
"chr5_82068497_82069220","ENSG00000152348","ATG10","autophagy related 10","chr5",82068497,82069220,"Intron",96472,0.487434248977206,0.000259498108073135,0.000168959290338886,1.25522027985816,0.00330033188412194,1.0965606021929
"chr11_95577790_95578250","ENSG00000166037","CEP57","centrosomal protein 57","chr11",95577790,95578250,"Distal Intergenic",-211715,-0.518527177089421,8.42934619253878e-05,0.000172372548003902,0.90292886770639,5.92470807446218e-09,1.5602337312885
"chr11_95699958_95700681","ENSG00000166037","CEP57","centrosomal protein 57","chr11",95699958,95700681,"Exon",-89284,-0.420689655172414,0.00209081929091712,0.000172372548003902,0.90292886770639,4.39281676887284e-07,1.13155297370439
"chr11_95605492_95605741","ENSG00000166037","CEP57","centrosomal protein 57","chr11",95605492,95605741,"Distal Intergenic",-184224,-0.453535943892461,0.000788424427532735,0.000172372548003902,0.90292886770639,5.33094988680059e-06,1.04924895927552
"chr8_19740036_19741043","ENSG00000147408","CSGALNACT1","chondroitin sulfate N-acetylgalactosaminyltransferase 1","chr8",19740036,19741043,"Intron",16986,0.296902396259497,0.0378315118776432,0.000176616024440434,1.71856509367856,1.68609567196162e-05,1.4359477715938
"chr8_19685955_19686567","ENSG00000147408","CSGALNACT1","chondroitin sulfate N-acetylgalactosaminyltransferase 1","chr8",19685955,19686567,"Intron",71462,0.656282875511397,1.18258566467502e-07,0.000176616024440434,1.71856509367856,3.22898017552939e-05,1.35052255825334
"chr8_19595993_19596277","ENSG00000147408","CSGALNACT1","chondroitin sulfate N-acetylgalactosaminyltransferase 1","chr8",19595993,19596277,"Intron",161752,0.518527177089421,8.42934619253878e-05,0.000176616024440434,1.71856509367856,0.000136335369450286,1.55768243654057
"chr8_19571577_19571828","ENSG00000147408","CSGALNACT1","chondroitin sulfate N-acetylgalactosaminyltransferase 1","chr8",19571577,19571828,"Intron",186201,0.555604273066863,1.89554988348972e-05,0.000176616024440434,1.71856509367856,0.00546572832841471,1.26556176045866
"chr11_117185817_117186074","ENSG00000149577","SIDT2","SID1 transmembrane family member 2","chr11",117185817,117186074,"Exon",7084,0.802162478082993,1.07517489396241e-12,0.000188121515059245,0.969570576001168,3.60313548472556e-31,3.33531977820744
"chr2_239579761_239580179","ENSG00000068024","HDAC4","histone deacetylase 4","chr2",239579761,239580179,"Intron",-178107,0.451147162496586,0.000849184030745552,0.000211418085067106,1.73373701941832,1.76282246640461e-05,2.71242971096933
"chr14_63901528_63901886","ENSG00000054654","SYNE2","spectrin repeat containing nuclear envelope protein 2","chr14",63901528,63901886,"Intron",48545,-0.516050789809468,9.23002924953154e-05,0.000214779947844312,1.79991369193859,0.00233422469235842,1.72799695574352
"chr7_77308674_77309481","ENSG00000186088","GSAP","gamma-secretase activating protein","chr7",77308674,77309481,"Intron",106919,0.637931034482759,3.39955410380458e-07,0.000243604188935844,1.09300459283562,4.59848149504913e-06,1.51367747097908
"chr11_33991162_33991669","ENSG00000135387","CAPRIN1","cell cycle associated protein 1","chr11",33991162,33991669,"Distal Intergenic",-60014,0.516306253652835,9.15295579489472e-05,0.000243604188935844,0.983843846524863,1.16357007177158e-05,1.60434455434906
"chr7_77391301_77391702","ENSG00000186088","GSAP","gamma-secretase activating protein","chr7",77391301,77391702,"Intron",24698,0.752717708942139,1.21310377502164e-10,0.000243604188935844,1.09300459283562,0.000210940688866196,1.26655496007167
"chr11_34044975_34045402","ENSG00000135387","CAPRIN1","cell cycle associated protein 1","chr11",34044975,34045402,"Distal Intergenic",-6281,0.401203991918805,0.00357593175480312,0.000243604188935844,0.983843846524863,0.00260102960081638,1.46380416791899
"chr13_114134285_114134622","ENSG00000185989","RASA3","RAS p21 protein activator 3","chr13",114134285,114134622,"Distal Intergenic",-1674,0.553594389246055,2.06647439384934e-05,0.00026016224047636,1.03296285109804,7.568979611547e-71,1.99171318131033
"chr13_114090481_114090880","ENSG00000185989","RASA3","RAS p21 protein activator 3","chr13",114090481,114090880,"Intron",41731,0.717066043249562,2.10626823231115e-09,0.00026016224047636,1.03296285109804,5.19276080780238e-22,1.34298036037809
"chr13_114167423_114167743","ENSG00000185989","RASA3","RAS p21 protein activator 3","chr13",114167423,114167743,"Distal Intergenic",-34812,0.350964348334307,0.012379523709745,0.00026016224047636,1.03296285109804,1.90709934975534e-06,1.03124803953449
"chr13_114174770_114174913","ENSG00000185989","RASA3","RAS p21 protein activator 3","chr13",114174770,114174913,"Distal Intergenic",-42159,-0.50660990313864,0.000131197761279765,0.00026016224047636,1.03296285109804,0.00310946258129445,1.82437641053033
"chr15_25417797_25418760","ENSG00000114062","UBE3A","ubiquitin protein ligase E3A","chr15",25417797,25418760,"Exon",20296,0.307071887784921,0.0311166048586873,0.000263536564462091,1.30799511935577,0.000251075976063695,1.36307913443513
"chr7_101237202_101238396","ENSG00000106404","CLDN15","claudin 15","chr7",101237202,101238396,"Promoter",424,0.362536528345997,0.00948784720411865,0.000269644717952291,1.03210794831119,6.78303896165902e-06,1.0954741897512
"chr10_104247037_104248050","ENSG00000148834","GSTO1","glutathione S-transferase omega 1","chr10",104247037,104248050,"Intron",11681,0.345353594389246,0.0140381438450329,0.000274046021516619,0.964386792134269,0.000468548615193208,1.59816060965457
"chr16_56941124_56941424","ENSG00000051108","HERPUD1","homocysteine inducible ER protein with ubiquitin like domain 1","chr16",56941124,56941424,"Exon",9076,0.347048509643483,0.0135056330482035,0.000278801905179109,2.29207799917865,0.00399803972821713,1.28392436613662
"chr4_74118380_74119455","ENSG00000163738","MTHFD2L","methylenetetrahydrofolate dehydrogenase (NADP+ dependent) 2 like","chr4",74118380,74119455,"Intron",4206,0.484745762711864,0.000283979118718432,0.000297665529064634,0.985695848266544,2.70599380126156e-05,1.42627826804042
"chr1_221733128_221733562","ENSG00000143507","DUSP10","dual specificity phosphatase 10","chr1",221733128,221733562,"Intron",8614,0.535129631080765,4.4373371154419e-05,0.000298021922396751,3.83501797370295,4.71934074650258e-11,1.28881738344151
"chr1_221709036_221709378","ENSG00000143507","DUSP10","dual specificity phosphatase 10","chr1",221709036,221709378,"Intron",32798,0.440047517199456,0.00119638369081714,0.000298021922396751,3.83501797370295,3.83529949114604e-09,1.16559849528151
"chr1_221604516_221604694","ENSG00000143507","DUSP10","dual specificity phosphatase 10","chr1",221604516,221604694,"Distal Intergenic",137482,-0.350351828488764,0.012544247160915,0.000298021922396751,3.83501797370295,8.13456934601205e-06,1.36182250290192
"chr1_221708048_221708476","ENSG00000143507","DUSP10","dual specificity phosphatase 10","chr1",221708048,221708476,"Intron",33700,0.525586290832826,6.42968482047759e-05,0.000298021922396751,3.83501797370295,1.55936891648515e-05,1.09756411410619
"chr1_221688007_221688842","ENSG00000143507","DUSP10","dual specificity phosphatase 10","chr1",221688007,221688842,"Distal Intergenic",53334,0.564579325220111,1.28990115163092e-05,0.000298021922396751,3.83501797370295,6.493536097142e-05,1.49077149375663
"chr1_221689261_221689514","ENSG00000143507","DUSP10","dual specificity phosphatase 10","chr1",221689261,221689514,"Distal Intergenic",52662,0.517448104977221,8.76545148302936e-05,0.000298021922396751,3.83501797370295,0.000102424212185077,1.07015321320614
"chr1_221631535_221632532","ENSG00000143507","DUSP10","dual specificity phosphatase 10","chr1",221631535,221632532,"Distal Intergenic",109644,0.634963418769366,4.00537737425313e-07,0.000298021922396751,3.83501797370295,0.00116826584724334,1.43128133765149
"chr9_105138322_105139052","ENSG00000070214","SLC44A1","solute carrier family 44 member 1","chr9",105138322,105139052,"Distal Intergenic",-105570,0.524021040327294,6.82804951508742e-05,0.000313792293543627,1.64357955634776,8.20873424387512e-12,1.64758775358139
"chr9_105128871_105129266","ENSG00000070214","SLC44A1","solute carrier family 44 member 1","chr9",105128871,105129266,"Distal Intergenic",-115356,0.586382232612507,4.73681645519188e-06,0.000313792293543627,1.64357955634776,0.000962614503909301,1.12548559984711
"chr9_105121853_105122164","ENSG00000070214","SLC44A1","solute carrier family 44 member 1","chr9",105121853,105122164,"Distal Intergenic",-122458,0.370331405156509,0.00785512713248862,0.000313792293543627,1.64357955634776,0.00392919422993488,1.72712581517275
"chr3_129330458_129330907","ENSG00000184897","H1FX","H1 histone family member X","chr3",129330458,129330907,"Distal Intergenic",-14067,-0.316540035067212,0.0258087168722752,0.000317453220799554,0.798269096654105,1.10958814663656e-16,1.13372828469923
"chr16_85649472_85650214","ENSG00000131149","GSE1","Gse1 coiled-coil protein","chr16",85649472,85650214,"Intron",38063,-0.680713033313852,2.62808974072712e-08,0.000317453220799554,0.948222875103699,0.00074465702167966,1.58351663012625
"chr16_85541017_85541744","ENSG00000131149","GSE1","Gse1 coiled-coil protein","chr16",85541017,85541744,"Distal Intergenic",-69665,-0.537931034482759,3.97016997270746e-05,0.000317453220799554,0.948222875103699,0.0089472151644416,1.07163022310327
"chr16_29730485_29731425","ENSG00000185905","C16orf54","chromosome 16 open reading frame 54","chr16",29730485,29731425,"Exon",14581,-0.698012857977791,8.26382075454354e-09,0.000327770333047756,1.1598494446599,3.44094342318912e-05,1.09263659891362
"chrX_153495064_153495520","ENSG00000213397","HAUS7","HAUS augmin like complex subunit 7","chrX",153495064,153495520,"Promoter",0,0.619754529514904,8.92282852789451e-07,0.0003330942294417,1.27551554702904,0.000869165024612279,1.04686812446885
"chr19_2726393_2727549","ENSG00000176490","DIRAS1","DIRAS family GTPase 1","chr19",2726393,2727549,"Intron",-4975,-0.410263154093387,0.00280050446019875,0.000337755915661491,2.56600545615798,2.36945211845044e-11,1.14391731895586
"chr19_10230839_10231559","ENSG00000267534","S1PR2","sphingosine-1-phosphate receptor 2","chr19",10230839,10231559,"Promoter",0,0.415574852770924,0.00241617563499746,0.000347681842381969,4.83669109168225,9.41880796451672e-23,1.05599208564868
"chr10_96695404_96695610","ENSG00000155629","PIK3AP1","phosphoinositide-3-kinase adaptor protein 1","chr10",96695404,96695610,"Intron",24904,-0.522092343658679,7.36729784572509e-05,0.000347681842381969,1.33455892882548,4.81965092450245e-10,1.68770580882654
"chr10_96743930_96744496","ENSG00000155629","PIK3AP1","phosphoinositide-3-kinase adaptor protein 1","chr10",96743930,96744496,"Distal Intergenic",-23416,0.368614845119813,0.00819208686674828,0.000347681842381969,1.33455892882548,1.89856442535095e-07,1.12701274789655
"chr8_47600632_47601116","ENSG00000221869","CEBPD","CCAAT enhancer binding protein delta","chr8",47600632,47601116,"Intron",137970,0.289362945645821,0.0435704353193461,0.000347681842381969,2.7619794099905,0.000111932456758602,1.11366606199997
"chr10_96718337_96718739","ENSG00000155629","PIK3AP1","phosphoinositide-3-kinase adaptor protein 1","chr10",96718337,96718739,"Intron",1775,0.376621858562244,0.00672412115953125,0.000347681842381969,1.33455892882548,0.000128179571143996,1.07432575805739
"chr10_96658142_96658617","ENSG00000155629","PIK3AP1","phosphoinositide-3-kinase adaptor protein 1","chr10",96658142,96658617,"Intron",61897,-0.475978959672706,0.000381292737132006,0.000347681842381969,1.33455892882548,0.00781219383292329,1.26295132106266
"chr7_139799726_139800023","ENSG00000064393","HIPK2","homeodomain interacting protein kinase 2","chr7",139799726,139800023,"Intron",-21948,0.288310929281122,0.044409543096307,0.000351395983618026,1.06360879352122,0.00104818139514886,1.60824923827336
"chr2_234454366_234454812","ENSG00000188042","ARL4C","ADP ribosylation factor like GTPase 4C","chr2",234454366,234454812,"Exon",42241,0.751841028638223,1.30083824608772e-10,0.000352131933889414,1.08707024660573,6.27412290625279e-25,1.85883000042547
"chr2_234335638_234336234","ENSG00000188042","ARL4C","ADP ribosylation factor like GTPase 4C","chr2",234335638,234336234,"Distal Intergenic",160819,0.660900058445354,9.03709284058112e-08,0.000352131933889414,1.08707024660573,2.42675984876505e-08,1.10285842932434
"chr6_113755567_113756317","ENSG00000277443","MARCKS","myristoylated alanine rich protein kinase C substrate","chr6",113755567,113756317,"Distal Intergenic",-101045,0.507305669199299,0.000127944147608079,0.000369494593388702,2.19363255223351,1.04502299126179e-22,2.47123988434028
"chr4_56817949_56818309","ENSG00000128040","SPINK2","serine peptidase inhibitor, Kazal type 2","chr4",56817949,56818309,"Exon",3433,-0.408535533384963,0.00293726956942992,0.000380409818281049,2.51986723831399,0.00011371490433794,1.26207669248819
"chr4_56857720_56858460","ENSG00000128040","SPINK2","serine peptidase inhibitor, Kazal type 2","chr4",56857720,56858460,"Distal Intergenic",-35978,0.614966410371555,1.14648233430841e-06,0.000380409818281049,2.51986723831399,0.000796707306062142,1.29206124021168
"chr4_145909458_145909837","ENSG00000151612","ZNF827","zinc finger protein 827","chr4",145909458,145909837,"Intron",28798,-0.373173582700175,0.00733009800825525,0.000387198621736478,1.29987580126877,3.75373004276636e-70,2.64579577921643
"chr4_146029670_146030389","ENSG00000151612","ZNF827","zinc finger protein 827","chr4",146029670,146030389,"Distal Intergenic",-91035,-0.487960257159556,0.000254999040836461,0.000387198621736478,1.29987580126877,2.38839485541779e-07,1.20771326720103
"chr4_145819673_145820640","ENSG00000151612","ZNF827","zinc finger protein 827","chr4",145819673,145820640,"Exon",117995,-0.321390999415546,0.0233430085143535,0.000387198621736478,1.29987580126877,2.32250322404946e-05,1.05548508434519
"chr4_145919967_145920646","ENSG00000151612","ZNF827","zinc finger protein 827","chr4",145919967,145920646,"Intron",17989,0.557159555815313,1.77646569590491e-05,0.000387198621736478,1.29987580126877,0.0011722411976866,1.10546674178704
"chr16_88854686_88855084","ENSG00000167515","TRAPPC2L","trafficking protein particle complex 2 like","chr16",88854686,88855084,"Intron",-1136,-0.387901811805962,0.005071329701208,0.000403999292623466,1.0493001305223,2.51864158528686e-10,1.15589958211864
"chr16_737609_738234","ENSG00000103245","CIAO3","cytosolic iron-sulfur assembly component 3","chr16",737609,738234,"5' UTR",3095,0.618877849210988,9.35330620237195e-07,0.00040412378300348,1.3158081020179,1.16777725963646e-25,1.52131118589427
"chr17_74690469_74690920","ENSG00000172794","RAB37","RAB37, member RAS oncogene family","chr17",74690469,74690920,"Intron",19891,0.392986557568673,0.00443901387238905,0.000412984936036154,1.1844465493879,0.00348175572083558,1.25764690579579
"chr1_175203724_175203765","ENSG00000235750","KIAA0040","KIAA0040","chr1",175203724,175203765,"Exon",-10725,0.747869405693165,1.82269173390271e-10,0.000413602796213453,0.918917968771744,1.33961165276068e-05,1.79104923283462
"chr1_175307059_175307851","ENSG00000235750","KIAA0040","KIAA0040","chr1",175307059,175307851,"Exon",-114060,0.778901227352426,1.16922014459906e-11,0.000413602796213453,0.918917968771744,1.98931019349357e-05,1.29501337599716
"chr1_175449149_175449851","ENSG00000235750","KIAA0040","KIAA0040","chr1",175449149,175449851,"Intron",-256150,-0.456543340542533,0.000716994738244941,0.000413602796213453,0.918917968771744,0.000219282344315722,2.02537271089222
"chr1_175274460_175274909","ENSG00000235750","KIAA0040","KIAA0040","chr1",175274460,175274909,"Distal Intergenic",-81461,0.548217416715371,2.59721897098659e-05,0.000413602796213453,0.918917968771744,0.000245199186061122,1.5685478142411
"chr1_175237344_175237691","ENSG00000235750","KIAA0040","KIAA0040","chr1",175237344,175237691,"Distal Intergenic",-44345,0.770413234117415,2.54727793467204e-11,0.000413602796213453,0.918917968771744,0.00369661720771554,1.59019496892273
"chr6_79281637_79282931","ENSG00000118418","HMGN3","high mobility group nucleosomal binding domain 3","chr6",79281637,79282931,"Distal Intergenic",-46899,0.337989479836353,0.0164176759155998,0.000422134711135464,1.47660671843719,2.75846182016513e-10,2.32572251575744
"chr6_79269852_79270318","ENSG00000118418","HMGN3","high mobility group nucleosomal binding domain 3","chr6",79269852,79270318,"Distal Intergenic",-35114,0.342372881355932,0.0149515953028822,0.000422134711135464,1.47660671843719,0.000552845528629932,1.60927496395283
"chr17_78818728_78819550","ENSG00000055483","USP36","ubiquitin specific peptidase 36","chr17",78818728,78819550,"Exon",21891,0.311104617182934,0.0287423992434748,0.000423378727785691,1.1809028863188,2.55888435804858e-12,1.24350740634401
"chr6_52504125_52505046","ENSG00000065308","TRAM2","translocation associated membrane protein 2","chr6",52504125,52505046,"Exon",71869,0.387258912916423,0.00515952794011014,0.000423378727785691,1.42222271144845,0.000327021546328507,1.66254922350824
"chr6_52550960_52551506","ENSG00000065308","TRAM2","translocation associated membrane protein 2","chr6",52550960,52551506,"Intron",25409,0.49666861484512,0.000187914969312691,0.000423378727785691,1.42222271144845,0.00369139972081835,1.90118747583591
"chr5_54752940_54753447","ENSG00000178996","SNX18","sorting nexin 18","chr5",54752940,54753447,"Distal Intergenic",235181,0.436937463471654,0.00131061618963552,0.000436366660545956,1.89804513369565,2.35984394907697e-17,1.35405095770687
"chr11_65431369_65431733","ENSG00000245532","NEAT1","nuclear paraspeckle assembly transcript 1","chr11",65431369,65431733,"Exon",8571,-0.39520748100526,0.00419484296697595,0.000436366660545956,0.987006104069468,7.4185913414721e-11,1.17839699450128
"chr5_54673710_54674179","ENSG00000178996","SNX18","sorting nexin 18","chr5",54673710,54674179,"Distal Intergenic",155951,0.576972530683811,7.38638379760662e-06,0.000436366660545956,1.89804513369565,2.84859340870092e-09,1.03676510733237
"chr5_54691838_54692131","ENSG00000178996","SNX18","sorting nexin 18","chr5",54691838,54692131,"Distal Intergenic",174079,0.68375219170076,2.15011912018348e-08,0.000436366660545956,1.89804513369565,0.00010443868860812,1.34971389883333
"chr7_1059698_1060006","ENSG00000164849","GPR146","G protein-coupled receptor 146","chr7",1059698,1060006,"Intron",15122,0.447774344117863,0.000944436242421705,0.000441047890604179,4.10888980587658,1.40595690128224e-31,1.73409106441062
"chr7_1049072_1049253","ENSG00000164849","GPR146","G protein-coupled receptor 146","chr7",1049072,1049253,"Intron",4496,0.444499729260455,0.00104522659529064,0.000441047890604179,4.10888980587658,1.7499666817578e-27,1.73992980560106
"chr10_59876281_59876573","ENSG00000108091","CCDC6","coiled-coil domain containing 6","chr10",59876281,59876573,"Intron",30083,0.391022269649155,0.00467971825447763,0.000441197047652407,1.40391174791929,4.33219169244021e-05,1.60686269962337
"chr4_74054616_74055267","ENSG00000163734","CXCL3","C-X-C motif chemokine ligand 3","chr4",74054616,74055267,"Distal Intergenic",-15809,0.646987329698175,2.0487798395623e-07,0.000442567975150531,5.10417573195539,2.33534104400426e-05,1.33632933564069
"chr4_74037164_74037527","ENSG00000163734","CXCL3","C-X-C motif chemokine ligand 3","chr4",74037164,74037527,"3' UTR",1280,0.766528998204517,3.6073210342783e-11,0.000442567975150531,5.10417573195539,0.000128989710552904,1.1220767678452
"chr4_74056679_74057788","ENSG00000163734","CXCL3","C-X-C motif chemokine ligand 3","chr4",74056679,74057788,"Distal Intergenic",-17872,0.42686659450226,0.00176044522708518,0.000442567975150531,5.10417573195539,0.000152819886928992,1.4126278119672
"chr4_74018828_74019127","ENSG00000163734","CXCL3","C-X-C motif chemokine ligand 3","chr4",74018828,74019127,"Distal Intergenic",19680,0.453616346281401,0.000786447325198189,0.000442567975150531,5.10417573195539,0.00334858289449598,1.22705765312842
"chr19_11190646_11190783","ENSG00000197256","KANK2","KN motif and ankyrin repeat domains 2","chr19",11190646,11190783,"Intron",7008,0.562101818716879,1.44087331461841e-05,0.000458197436356353,2.06569618461142,1.27084978702559e-06,1.75962508986016
"chr19_11191537_11192555","ENSG00000197256","KANK2","KN motif and ankyrin repeat domains 2","chr19",11191537,11192555,"Exon",5236,0.574551406674318,8.26012871828947e-06,0.000458197436356353,2.06569618461142,0.000248510957567013,1.08380775512881
"chr19_11046537_11046877","ENSG00000130164","LDLR","low density lipoprotein receptor","chr19",11046537,11046877,"Intron",-42485,-0.593962507394997,3.2902650550345e-06,0.000471007215276442,2.9534126304106,2.70121099217265e-12,1.08164568696072
"chr19_11089322_11089553","ENSG00000130164","LDLR","low density lipoprotein receptor","chr19",11089322,11089553,"Promoter",0,0.770382382837843,2.54904470830201e-11,0.000471007215276442,2.9534126304106,7.02282938373478e-06,1.04042812678386
"chr19_11052077_11052392","ENSG00000130164","LDLR","low density lipoprotein receptor","chr19",11052077,11052392,"Intron",-36970,-0.643052492623459,2.54623048098055e-07,0.000471007215276442,2.9534126304106,0.000176529200869762,1.05084018933535
"chr22_43147803_43147992","ENSG00000100300","TSPO","translocator protein","chr22",43147803,43147992,"Distal Intergenic",-3522,0.408007013442431,0.00297947005954518,0.000500008712468986,0.970330615655641,7.28137827824734e-18,1.13696492586945
"chr7_93043434_93043796","ENSG00000205413","SAMD9","sterile alpha motif domain containing 9","chr7",93043434,93043796,"Distal Intergenic",74227,-0.618468731735827,9.54857323693691e-07,0.000502529353556272,1.40181555958232,0.00129834329537124,1.0965545044977
"chr2_69731297_69731925","ENSG00000115977","AAK1","AP2 associated kinase 1","chr2",69731297,69731925,"Intron",-56948,-0.365225014611338,0.00889012610253852,0.000520408197602788,1.37650366686754,2.73209339942921e-18,1.96407316239646
"chr6_44262963_44263773","ENSG00000146232","NFKBIE","NFKB inhibitor epsilon","chr6",44262963,44263773,"Intron",2015,0.53927527761543,3.75809341076731e-05,0.000544277183288537,1.78660590176575,1.9063292601574e-18,1.31749196245857
"chr12_104505355_104505583","ENSG00000171310","CHST11","carbohydrate sulfotransferase 11","chr12",104505355,104505583,"Intron",48387,-0.494038573933372,0.000206314848355208,0.000560143413066295,1.23071340351167,8.46780383612727e-16,1.4242271334152
"chr3_108004519_108005075","ENSG00000196776","CD47","CD47 molecule","chr3",108004519,108005075,"Distal Intergenic",85950,-0.492168322618352,0.00021990773558637,0.000587180429375103,0.709288729105692,3.13192278718905e-33,1.10283905052924
"chr3_108037003_108037275","ENSG00000196776","CD47","CD47 molecule","chr3",108037003,108037275,"Exon",53750,0.534774985388662,4.50128470459836e-05,0.000587180429375103,0.709288729105692,8.23844365374725e-08,1.41976579044874
"chr3_108035956_108036072","ENSG00000196776","CD47","CD47 molecule","chr3",108035956,108036072,"Distal Intergenic",54953,-0.319637638807715,0.0241993597524366,0.000587180429375103,0.709288729105692,0.00122380832169129,1.05232302770553
"chr14_53147370_53147621","ENSG00000100523","DDHD1","DDHD domain containing 1","chr14",53147370,53147621,"Intron",5661,0.465751022793688,0.000533560721855143,0.000589330337667632,0.926102590018863,0.000119667635423955,1.11767292538887
"chr22_38176229_38176688","ENSG00000185022","MAFF","MAF bZIP transcription factor F","chr22",38176229,38176688,"Intron",-25194,0.527733942101976,5.91625722100385e-05,0.000650141519341905,3.45314625071402,1.3088238062292e-29,2.401926596774
"chr22_38180122_38180286","ENSG00000185022","MAFF","MAF bZIP transcription factor F","chr22",38180122,38180286,"Intron",-21596,0.555321761425503,1.91960484698062e-05,0.000650141519341905,3.45314625071402,5.67838354888901e-09,1.03261992303597
"chr7_150430298_150430774","ENSG00000242258","LINC00996","long intergenic non-protein coding RNA 996","chr7",150430298,150430774,"Distal Intergenic",-2880,0.329714012993653,0.0196341331334464,0.000655820625311982,3.55675945447057,0.00353071982300851,1.38587234411282
"chr20_51650700_51651156","ENSG00000101096","NFATC2","nuclear factor of activated T cells 2","chr20",51650700,51651156,"Intron",-87869,0.313676212741087,0.0273440378641196,0.000657282935083877,0.82891189514532,1.75103215224602e-12,1.02948132275942
"chr3_45859036_45859465","ENSG00000173585","CCR9","C-C motif chemokine receptor 9","chr3",45859036,45859465,"Intron",-27039,0.537260475407392,4.07483286891827e-05,0.000658690983253777,4.12272797863208,3.3206319952762e-05,1.35245624344156
"chr3_45852760_45853015","ENSG00000173585","CCR9","C-C motif chemokine receptor 9","chr3",45852760,45853015,"Intron",-33489,0.442596661179669,0.00110600864711621,0.000658690983253777,4.12272797863208,0.00425686697434351,1.26217949792213
"chr19_33795388_33796247","ENSG00000153885","KCTD15","potassium channel tetramerization domain containing 15","chr19",33795388,33796247,"Promoter",0,0.749145119792206,1.62914175389977e-10,0.000662256143636371,3.63048958550397,2.73571929118341e-05,1.04826091567913
"chr10_72073768_72073970","ENSG00000107742","SPOCK2","SPARC (osteonectin), cwcv and kazal like domains proteoglycan 2","chr10",72073768,72073970,"Intron",15062,-0.619696084161309,8.9486425746338e-07,0.000663631415001655,1.34401224875433,3.50728220146068e-08,2.23693886021154
"chr8_28234220_28235155","ENSG00000168081","PNOC","prepronociceptin","chr8",28234220,28235155,"Distal Intergenic",-81831,-0.630391583869082,5.1097945303534e-07,0.000666347564413284,2.37676107453067,0.000248828362985804,1.6581995580483
"chr6_132140112_132140682","ENSG00000228495","LINC01013","long intergenic non-protein coding RNA 1013","chr6",132140112,132140682,"Intron",8197,0.545244670494651,2.94061140452105e-05,0.000684405867862696,2.20950087260193,7.69915895866297e-06,2.06107879853443
"chr6_132180665_132180919","ENSG00000228495","LINC01013","long intergenic non-protein coding RNA 1013","chr6",132180665,132180919,"Distal Intergenic",48750,0.314085869985087,0.0271337722050063,0.000684405867862696,2.20950087260193,0.000210273630072561,2.60883538128454
"chr4_110165253_110165830","ENSG00000170522","ELOVL6","ELOVL fatty acid elongase 6","chr4",110165253,110165830,"Intron",33369,0.572409283373406,9.11682896944284e-06,0.000721530513994506,4.04730637447742,5.6808247534946e-14,1.39786269751791
"chr4_110117077_110117492","ENSG00000170522","ELOVL6","ELOVL fatty acid elongase 6","chr4",110117077,110117492,"Intron",81707,0.5245490214711,6.69558454724763e-05,0.000721530513994506,4.04730637447742,0.000301792834729084,2.16243480354998
"chr11_130121962_130122484","ENSG00000149418","ST14","suppression of tumorigenicity 14","chr11",130121962,130122484,"3' UTR",-37078,0.492964537816179,0.000213909825955328,0.000726463380229507,2.14488914610766,6.77735762897254e-17,1.46605587960113
"chr11_130189106_130189938","ENSG00000149418","ST14","suppression of tumorigenicity 14","chr11",130189106,130189938,"Exon",29544,0.312570318126851,0.0279514749734425,0.000726463380229507,2.14488914610766,0.000153934132934102,1.62684460006983
"chr11_130203371_130203581","ENSG00000149418","ST14","suppression of tumorigenicity 14","chr11",130203371,130203581,"Intron",43809,0.692587559798651,1.20500676513215e-08,0.000726463380229507,2.14488914610766,0.00022986981122552,1.04887979500246
"chr11_130181136_130181954","ENSG00000149418","ST14","suppression of tumorigenicity 14","chr11",130181136,130181954,"Intron",21574,0.674293896826754,3.96168945702647e-08,0.000726463380229507,2.14488914610766,0.000771130995690267,1.07707644680303
"chr6_131197839_131198251","ENSG00000118507","AKAP7","A-kinase anchoring protein 7","chr6",131197839,131198251,"Intron",62173,-0.302630040911748,0.033925827164944,0.000726598285520991,1.63207230566095,1.0570575600523e-08,1.6121243062053
"chr6_131292250_131293373","ENSG00000118507","AKAP7","A-kinase anchoring protein 7","chr6",131292250,131293373,"Distal Intergenic",156584,-0.459497369959088,0.000653900860396703,0.000726598285520991,1.63207230566095,0.000688785505437681,1.09875530305042
"chr6_131225123_131225538","ENSG00000118507","AKAP7","A-kinase anchoring protein 7","chr6",131225123,131225538,"Intron",89457,-0.356744121886067,0.0108429027184941,0.000726598285520991,1.63207230566095,0.00460700414995676,1.6895278760852
"chr2_126534235_126535029","ENSG00000136732","GYPC","glycophorin C (Gerbich blood group)","chr2",126534235,126535029,"Distal Intergenic",-120904,0.607539450613676,1.67628630722849e-06,0.000747169697313857,0.699959923775361,1.24848728360687e-06,1.4735710387073
"chr2_126713983_126714475","ENSG00000136732","GYPC","glycophorin C (Gerbich blood group)","chr2",126713983,126714475,"Distal Intergenic",58050,0.401344243132671,0.00356361908878704,0.000747169697313857,0.699959923775361,1.05031552570274e-05,2.38692821226558
"chr2_126674068_126674626","ENSG00000136732","GYPC","glycophorin C (Gerbich blood group)","chr2",126674068,126674626,"Intron",18135,0.373295927800336,0.00730749543294259,0.000747169697313857,0.699959923775361,1.24480631242964e-05,2.00968457279446
"chr7_151697734_151698653","ENSG00000106615","RHEB","Ras homolog, mTORC1 binding","chr7",151697734,151698653,"Intron",-177614,0.589304500292227,4.11530862555911e-06,0.000747169697313857,0.855549064575759,1.91685862287301e-05,1.56903454662392
"chr2_126368827_126369031","ENSG00000136732","GYPC","glycophorin C (Gerbich blood group)","chr2",126368827,126369031,"Distal Intergenic",-286902,0.504875440693912,0.000139682987899593,0.000747169697313857,0.699959923775361,1.93075161243478e-05,2.85423028455467
"chr2_126736299_126736789","ENSG00000136732","GYPC","glycophorin C (Gerbich blood group)","chr2",126736299,126736789,"Distal Intergenic",80366,0.522420367247858,7.26986929976825e-05,0.000747169697313857,0.699959923775361,4.16577372575277e-05,2.68793254732115
"chr2_126704388_126705428","ENSG00000136732","GYPC","glycophorin C (Gerbich blood group)","chr2",126704388,126705428,"Distal Intergenic",48455,0.465290258528022,0.000541690557724996,0.000747169697313857,0.699959923775361,4.92267118859328e-05,2.04665562396942
"chr2_126688526_126689070","ENSG00000136732","GYPC","glycophorin C (Gerbich blood group)","chr2",126688526,126689070,"Intron",32593,0.527038676834121,6.07411238733011e-05,0.000747169697313857,0.699959923775361,0.000647249141018657,1.63229121008462
"chr2_126719400_126719889","ENSG00000136732","GYPC","glycophorin C (Gerbich blood group)","chr2",126719400,126719889,"Distal Intergenic",63467,0.551373465809468,2.27085001190919e-05,0.000747169697313857,0.699959923775361,0.00088300329804486,1.77370213539454
"chr7_151677677_151678109","ENSG00000106615","RHEB","Ras homolog, mTORC1 binding","chr7",151677677,151678109,"Intron",-157557,0.500818234950322,0.000162192062116854,0.000747169697313857,0.855549064575759,0.00121234404118027,1.46835883330034
"chr2_126635387_126635656","ENSG00000136732","GYPC","glycophorin C (Gerbich blood group)","chr2",126635387,126635656,"Distal Intergenic",-20277,0.385708026915486,0.00537400198401937,0.000747169697313857,0.699959923775361,0.002498512821191,2.10452525995345
"chr2_126878276_126878524","ENSG00000136732","GYPC","glycophorin C (Gerbich blood group)","chr2",126878276,126878524,"Distal Intergenic",222343,-0.393951933684187,0.0043339070136274,0.000747169697313857,0.699959923775361,0.00259043669308879,2.31611907721546
"chr2_126766050_126766458","ENSG00000136732","GYPC","glycophorin C (Gerbich blood group)","chr2",126766050,126766458,"Distal Intergenic",110117,0.594894723832116,3.14234543652039e-06,0.000747169697313857,0.699959923775361,0.00259107318334391,2.04212308926708
"chr2_126275288_126275422","ENSG00000136732","GYPC","glycophorin C (Gerbich blood group)","chr2",126275288,126275422,"Distal Intergenic",-380511,0.339002655218233,0.0160570051673716,0.000747169697313857,0.699959923775361,0.00261391035292105,3.75921198111577
"chr7_151667305_151667700","ENSG00000106615","RHEB","Ras homolog, mTORC1 binding","chr7",151667305,151667700,"Intron",-147185,0.497279326842764,0.000184063728716792,0.000747169697313857,0.855549064575759,0.00304671509405267,2.13221799128865
"chr2_126536753_126537021","ENSG00000136732","GYPC","glycophorin C (Gerbich blood group)","chr2",126536753,126537021,"Distal Intergenic",-118912,0.687413238350029,1.68595444067073e-08,0.000747169697313857,0.699959923775361,0.00327167143407597,2.08658022186961
"chr21_15219822_15220871","ENSG00000180530","NRIP1","nuclear receptor interacting protein 1","chr21",15219822,15220871,"Distal Intergenic",-154822,0.439158386908241,0.00122717446126966,0.000748303173155691,1.38055505336491,1.01923588229304e-13,1.11284616430857
"chr21_15119016_15119678","ENSG00000180530","NRIP1","nuclear receptor interacting protein 1","chr21",15119016,15119678,"Distal Intergenic",-54016,0.30239625949737,0.034067382004814,0.000748303173155691,1.38055505336491,4.85099262406516e-07,1.82288632806483
"chr21_15206625_15206843","ENSG00000180530","NRIP1","nuclear receptor interacting protein 1","chr21",15206625,15206843,"Distal Intergenic",-141625,-0.437171244886032,0.00130190567256488,0.000748303173155691,1.38055505336491,6.64728271923974e-05,1.56805655781489
"chr21_15352458_15352881","ENSG00000180530","NRIP1","nuclear receptor interacting protein 1","chr21",15352458,15352881,"Distal Intergenic",-287458,0.380338695813479,0.00614126702422169,0.000748303173155691,1.38055505336491,9.81460973917815e-05,2.26493598567348
"chr21_15130069_15130928","ENSG00000180530","NRIP1","nuclear receptor interacting protein 1","chr21",15130069,15130928,"Distal Intergenic",-65069,0.479485680888369,0.0003394398680728,0.000748303173155691,1.38055505336491,0.00014753498210333,1.82027640762033
"chr21_15354616_15355536","ENSG00000180530","NRIP1","nuclear receptor interacting protein 1","chr21",15354616,15355536,"Distal Intergenic",-289616,0.543074225599065,3.21475234946014e-05,0.000748303173155691,1.38055505336491,0.00027011401635257,1.14261414692979
"chr21_15274975_15275989","ENSG00000180530","NRIP1","nuclear receptor interacting protein 1","chr21",15274975,15275989,"Distal Intergenic",-209975,0.338340151957919,0.0162884993935488,0.000748303173155691,1.38055505336491,0.000616216637883595,1.72577195617671
"chr21_15029175_15029386","ENSG00000180530","NRIP1","nuclear receptor interacting protein 1","chr21",15029175,15029386,"Intron",35614,-0.364406779661017,0.00906277296681855,0.000748303173155691,1.38055505336491,0.000962682579370619,1.08968712491671
"chr3_111311262_111312295","ENSG00000153283","CD96","CD96 molecule","chr3",111311262,111312295,"Intron",-229714,0.386638611917662,0.00524687807307938,0.00075326290649603,2.75104019168117,3.11518614708265e-10,1.98137541941996
"chr3_111550638_111550787","ENSG00000153283","CD96","CD96 molecule","chr3",111550638,111550787,"Intron",8629,0.459056637641922,0.000662854360860761,0.00075326290649603,2.75104019168117,1.01975863143167e-09,1.9214373022515
"chr3_111324160_111324771","ENSG00000153283","CD96","CD96 molecule","chr3",111324160,111324771,"Intron",-217238,0.516687124618614,9.02296800291028e-05,0.00075326290649603,2.75104019168117,3.05366762786212e-08,1.31176137287225
"chr3_111541909_111542356","ENSG00000153283","CD96","CD96 molecule","chr3",111541909,111542356,"Promoter",0,0.747150623755627,1.92440898464546e-10,0.00075326290649603,2.75104019168117,6.42598766997965e-07,1.0531484358164
"chr1_159089159_159089353","ENSG00000163568","AIM2","absent in melanoma 2","chr1",159089159,159089353,"Intron",57743,0.434679951688081,0.00140285317533011,0.000763969342554601,7.05202678296457,0.000427904358193552,1.32204346665518
"chr2_64969654_64970170","ENSG00000115902","SLC1A4","solute carrier family 1 member 4","chr2",64969654,64970170,"Distal Intergenic",-18307,0.384161309175921,0.00558962434320822,0.000775486571865186,2.15913560330959,3.34096983219029e-05,1.0192627398562
"chr10_121864331_121865128","ENSG00000226864","ATE1-AS1","ATE1 antisense RNA 1","chr10",121864331,121865128,"Intron",-63184,0.305377079229977,0.0321520551945709,0.000775486571865186,5.39257101290174,0.00132115439216897,1.88659659548577
"chr12_67966655_67966928","ENSG00000255733","IFNG-AS1","IFNG antisense RNA 1","chr12",67966655,67966928,"Intron",-22517,0.333635249007938,0.0180424367167221,0.000789389242764227,6.56883017717262,1.89496972965782e-08,1.70134167370746
"chr11_121533685_121534370","ENSG00000137642","SORL1","sortilin related receptor 1","chr11",121533685,121534370,"Intron",81482,0.619462302746932,9.06255388856341e-07,0.000819455106286188,1.16300236642125,1.03279699958282e-06,1.26557709262773
"chr11_121394052_121394204","ENSG00000137642","SORL1","sortilin related receptor 1","chr11",121394052,121394204,"Distal Intergenic",-57999,0.350458823440408,0.012522925824475,0.000819455106286188,1.16300236642125,0.00434375897336408,1.54220367427599
"chr11_121557276_121557695","ENSG00000137642","SORL1","sortilin related receptor 1","chr11",121557276,121557695,"Exon",105073,0.576454945341274,7.57004861251465e-06,0.000819455106286188,1.16300236642125,0.00620866385839052,1.46928840438137
"chr4_174632091_174632618","ENSG00000164120","HPGD","15-hydroxyprostaglandin dehydrogenase","chr4",174632091,174632618,"Distal Intergenic",-108937,0.561879236754785,1.45352401775443e-05,0.00082904368691569,5.52574641768665,1.43385735169649e-05,1.11827865108882
"chr4_174604058_174604585","ENSG00000164120","HPGD","15-hydroxyprostaglandin dehydrogenase","chr4",174604058,174604585,"Distal Intergenic",-80904,0.462557770270894,0.00059125054833754,0.00082904368691569,5.52574641768665,0.000521622489263558,1.39875847333203
"chr4_174593032_174593211","ENSG00000164120","HPGD","15-hydroxyprostaglandin dehydrogenase","chr4",174593032,174593211,"Distal Intergenic",-69878,0.283132136417816,0.0487884608411826,0.00082904368691569,5.52574641768665,0.00270736712074529,2.02521376621489
"chr21_34066662_34066948","ENSG00000243927","MRPS6","mitochondrial ribosomal protein S6","chr21",34066662,34066948,"Distal Intergenic",-6276,0.299959086373612,0.0357092231574896,0.00082904368691569,0.961420043263491,0.00861683075892244,1.27841313353087
"chr19_50817578_50817743","ENSG00000167748","KLK1","kallikrein 1","chr19",50817578,50817743,"Exon",6044,0.283197158155105,0.0487488209553337,0.000849226642078104,4.10676634617002,5.25209569049577e-09,1.7161636788901
"chr19_50820067_50820291","ENSG00000167748","KLK1","kallikrein 1","chr19",50820067,50820291,"3' UTR",3496,0.723595963952645,1.27655646966176e-09,0.000849226642078104,4.10676634617002,0.00554955000755424,1.14143051299125
"chr22_37314463_37315041","ENSG00000100055","CYTH4","cytohesin 4","chr22",37314463,37315041,"3' UTR",32436,-0.638223261250731,3.34196497622052e-07,0.000867237679698082,1.07456508941149,2.84075342376114e-11,1.17789840834707
"chr17_79161278_79161808","ENSG00000167280","ENGASE","endo-beta-N-acetylglucosaminidase","chr17",79161278,79161808,"Intron",86339,-0.309760374050263,0.0295304636338149,0.000877634937970151,0.9528200252076,0.00536081424508501,1.03987461524831
"chr22_38985132_38985311","ENSG00000179750","APOBEC3B","apolipoprotein B mRNA editing enzyme catalytic subunit 3B","chr22",38985132,38985311,"Intron",2785,-0.567631256080255,1.13332182936514e-05,0.000877936206040804,4.25979461901405,6.25083661283611e-06,1.45092707920738
"chr22_38992926_38993637","ENSG00000179750","APOBEC3B","apolipoprotein B mRNA editing enzyme catalytic subunit 3B","chr22",38992926,38993637,"Exon",10579,0.403648241088968,0.00335055588216256,0.000877936206040804,4.25979461901405,0.00942028084097307,1.27296308883269
"chr6_159080038_159080850","ENSG00000164691","TAGAP","T cell activation RhoGTPase activating protein","chr6",159080038,159080850,"Distal Intergenic",-34886,0.692928112215079,1.17726636258512e-08,0.000879993949320514,1.00080649265662,2.33536705819568e-10,1.04425916746131
"chr11_121309739_121310331","ENSG00000109929","SC5D","sterol-C5-desaturase","chr11",121309739,121310331,"Distal Intergenic",17286,0.322793687901812,0.0226739033596625,0.000882232412545505,1.66312084120271,0.00147696466426788,1.25676568863105
"chr19_29277209_29277419","ENSG00000169021","UQCRFS1","ubiquinol-cytochrome c reductase, Rieske iron-sulfur polypeptide 1","chr19",29277209,29277419,"Distal Intergenic",-63668,-0.337346580946815,0.0166567855002524,0.000892359275688875,0.978856570742066,3.35977337449012e-13,1.32818873718548
"chr3_121913863_121914511","ENSG00000163406","SLC15A2","solute carrier family 15 member 2","chr3",121913863,121914511,"Intron",19774,-0.44853585908634,0.000922731698672786,0.000892991762835778,1.77293290617304,0.0027794836064494,1.69671113577625
"chrX_56788203_56788332","ENSG00000204272","NBDY","negative regulator of P-body association","chrX",56788203,56788332,"Intron",58944,0.392963076650315,0.0044410289686429,0.000900462266075821,1.00487552832122,6.25292968258528e-08,2.81534939334066
"chrX_56800888_56801224","ENSG00000204272","NBDY","negative regulator of P-body association","chrX",56800888,56801224,"Intron",71629,-0.359263588544711,0.0102305839197307,0.000900462266075821,1.00487552832122,1.49460811129353e-07,1.18727383720055
"chrX_56797780_56798425","ENSG00000204272","NBDY","negative regulator of P-body association","chrX",56797780,56798425,"Intron",68521,0.447691408533022,0.0009466064032114,0.000900462266075821,1.00487552832122,0.00292658833645984,1.64019088218565
"chr1_108072198_108072524","ENSG00000134215","VAV3","vav guanine nucleotide exchange factor 3","chr1",108072198,108072524,"Exon",-107054,0.314436002337814,0.0269413442061971,0.000909856698671742,1.18973277435525,2.60103117583193e-14,1.7479873490465
"chr1_108007272_108007491","ENSG00000134215","VAV3","vav guanine nucleotide exchange factor 3","chr1",108007272,108007491,"Distal Intergenic",-42128,0.606195207481005,1.79424602629657e-06,0.000909856698671742,1.18973277435525,0.00244029499140293,1.58798823896684
"chr15_50484743_50485498","ENSG00000138592","USP8","ubiquitin specific peptidase 8","chr15",50484743,50485498,"Intron",60363,0.627469316189363,5.95622322117222e-07,0.000912199606655284,0.994201953206945,2.89605899595962e-05,1.09356639814542
"chr12_31031946_31032142","ENSG00000013573","DDX11","DEAD/H-box helicase 11","chr12",31031946,31032142,"Intron",-41703,0.47786958959313,0.00035834982107116,0.000915880213914887,1.28701977197744,0.000333132081723486,2.65662004442135
"chr12_50520398_50520896","ENSG00000066084","DIP2B","disco interacting protein 2 homolog B","chr12",50520398,50520896,"Intron",15413,0.529281122150789,5.57952533799944e-05,0.000932386848423612,1.08023450656972,1.60644865327945e-24,1.17226259843604
"chr12_50597526_50598026","ENSG00000066084","DIP2B","disco interacting protein 2 homolog B","chr12",50597526,50598026,"Intron",92541,0.559263588544711,1.62635434088803e-05,0.000932386848423612,1.08023450656972,2.48076296707965e-08,1.00700310197476
"chr5_39256569_39257094","ENSG00000082074","FYB1","FYN binding protein 1","chr5",39256569,39257094,"Intron",17434,0.40287559542944,0.00342409022072856,0.000932386848423612,2.3974131874765,0.000258547994579785,1.70740345643499
"chr5_39224443_39224825","ENSG00000082074","FYB1","FYN binding protein 1","chr5",39224443,39224825,"Intron",49703,0.327824778304695,0.0204432624581195,0.000932386848423612,2.3974131874765,0.00452072910991827,1.16618291634911
"chr12_50620118_50620480","ENSG00000066084","DIP2B","disco interacting protein 2 homolog B","chr12",50620118,50620480,"Intron",115133,-0.44912988213272,0.000906394378356731,0.000932386848423612,1.08023450656972,0.00457960603068573,1.38513344569863
"chr6_56927949_56928373","ENSG00000151914","DST","dystonin","chr6",56927949,56928373,"Intron",26255,0.847762240918096,4.23271992887577e-15,0.000936142126387806,2.12596628273659,4.51512833051711e-05,1.22040593865499
"chr6_56914891_56915180","ENSG00000151914","DST","dystonin","chr6",56914891,56915180,"Intron",39448,0.539407931266256,3.73756351513421e-05,0.000936142126387806,2.12596628273659,7.98326234052558e-05,1.95433384074204
"chr6_56932930_56933759","ENSG00000151914","DST","dystonin","chr6",56932930,56933759,"Intron",20869,0.633703005663871,4.27512117056488e-07,0.000936142126387806,2.12596628273659,0.000534105265228974,1.24502338550142
"chr3_144743067_144743630","ENSG00000181744","DIPK2A","divergent protein kinase domain 2A","chr3",144743067,144743630,"Distal Intergenic",771269,-0.508240794856809,0.000123473628258788,0.00093944113859048,1.61212344683521,4.32677963787779e-07,2.30047024183503
"chr3_144866187_144866972","ENSG00000181744","DIPK2A","divergent protein kinase domain 2A","chr3",144866187,144866972,"Distal Intergenic",894389,-0.443074225599065,0.00108962989026524,0.00093944113859048,1.61212344683521,0.000301503719848576,1.4125149927455
"chr3_144256009_144256283","ENSG00000181744","DIPK2A","divergent protein kinase domain 2A","chr3",144256009,144256283,"Distal Intergenic",284211,-0.370902211476657,0.00775061768470615,0.00093944113859048,1.61212344683521,0.000908678196235616,2.44295622914047
"chr3_144003098_144003545","ENSG00000181744","DIPK2A","divergent protein kinase domain 2A","chr3",144003098,144003545,"Intron",31300,0.650613676212741,1.66663881323459e-07,0.00093944113859048,1.61212344683521,0.00444530383831249,1.10039360354517
"chr3_144345073_144345517","ENSG00000181744","DIPK2A","divergent protein kinase domain 2A","chr3",144345073,144345517,"Distal Intergenic",373275,-0.372565350205612,0.00743972485509462,0.00093944113859048,1.61212344683521,0.00570970142388943,1.44390138346388
"chr3_144501615_144502048","ENSG00000181744","DIPK2A","divergent protein kinase domain 2A","chr3",144501615,144502048,"Distal Intergenic",529817,-0.494506136762128,0.000202824400090031,0.00093944113859048,1.61212344683521,0.0097329068509474,1.77958836612648
"chr7_21959171_21959724","ENSG00000164649","CDCA7L","cell division cycle associated 7 like","chr7",21959171,21959724,"Distal Intergenic",-13087,0.704656701663497,5.1787184009199e-09,0.00096692951398297,0.633105777473611,0.00676044550388668,1.20943735550855
"chr11_102300853_102301147","ENSG00000023445","BIRC3","baculoviral IAP repeat containing 3","chr11",102300853,102301147,"Distal Intergenic",-16303,0.775814959389645,1.57321112874735e-11,0.000977699703854417,2.04930340643847,0.00573387357722652,1.15157175392044
"chr9_105051874_105052591","ENSG00000165029","ABCA1","ATP binding cassette subfamily A member 1","chr9",105051874,105052591,"Distal Intergenic",-123637,0.526798761785924,6.12693716296794e-05,0.00097838295094036,2.45781979022209,3.28600284520917e-06,1.26713594175479
"chr9_104974333_104974761","ENSG00000165029","ABCA1","ATP binding cassette subfamily A member 1","chr9",104974333,104974761,"Distal Intergenic",-46096,-0.584721492611382,5.12726488218759e-06,0.00097838295094036,2.45781979022209,0.00897208091642606,1.23059549026442
"chr2_45722975_45723518","ENSG00000171132","PRKCE","protein kinase C epsilon","chr2",45722975,45723518,"Intron",71630,0.455873758036236,0.000732139750771758,0.000999362551755816,1.1560701661128,2.63106624023491e-13,1.16082306106856
"chr2_45767001_45767321","ENSG00000171132","PRKCE","protein kinase C epsilon","chr2",45767001,45767321,"Intron",115656,0.327703097603741,0.0204976715473847,0.000999362551755816,1.1560701661128,9.04938983937645e-11,1.2271346743802
"chr2_45771106_45771596","ENSG00000171132","PRKCE","protein kinase C epsilon","chr2",45771106,45771596,"Intron",119761,-0.397662185856224,0.00392793246543602,0.000999362551755816,1.1560701661128,1.71598997595739e-10,1.46787073285516
"chr2_45905446_45905934","ENSG00000171132","PRKCE","protein kinase C epsilon","chr2",45905446,45905934,"Intron",254101,0.640268848626534,2.97518138276977e-07,0.000999362551755816,1.1560701661128,9.94032635654154e-07,1.2352128151543
"chr2_45747148_45747385","ENSG00000171132","PRKCE","protein kinase C epsilon","chr2",45747148,45747385,"Intron",95803,-0.381589713617767,0.00595341637977207,0.000999362551755816,1.1560701661128,1.11266931104557e-06,1.12793336039904
"chr2_45856546_45856981","ENSG00000171132","PRKCE","protein kinase C epsilon","chr2",45856546,45856981,"Intron",205201,-0.343775569842198,0.0145241987415503,0.000999362551755816,1.1560701661128,4.2183404453143e-06,1.06848582071042
"chr2_45774589_45775319","ENSG00000171132","PRKCE","protein kinase C epsilon","chr2",45774589,45775319,"Intron",123244,0.497019286966686,0.000185563364258234,0.000999362551755816,1.1560701661128,1.23659891989653e-05,1.11732320273913
"chr2_45915594_45915956","ENSG00000171132","PRKCE","protein kinase C epsilon","chr2",45915594,45915956,"Intron",264249,0.434190531852718,0.0014232457926131,0.000999362551755816,1.1560701661128,0.000224658231277073,1.18802452169778
"chr2_45805248_45805656","ENSG00000171132","PRKCE","protein kinase C epsilon","chr2",45805248,45805656,"Intron",153903,0.563237872589129,1.36859193020431e-05,0.000999362551755816,1.1560701661128,0.000771639894160616,1.04037663692415
"chr2_45722292_45722527","ENSG00000171132","PRKCE","protein kinase C epsilon","chr2",45722292,45722527,"Intron",70947,0.625014611338399,6.75928725508656e-07,0.000999362551755816,1.1560701661128,0.002902864058223,1.11133912729889
"chr2_45781265_45781580","ENSG00000171132","PRKCE","protein kinase C epsilon","chr2",45781265,45781580,"Intron",129920,0.569082407948568,1.06153818292653e-05,0.000999362551755816,1.1560701661128,0.00380999259925062,1.046933899031
"chr2_45789198_45789760","ENSG00000171132","PRKCE","protein kinase C epsilon","chr2",45789198,45789760,"Intron",137853,0.339333722969024,0.0159439022137362,0.000999362551755816,1.1560701661128,0.0095022556099109,1.19004307422945
"chr1_33056469_33057323","ENSG00000004455","AK2","adenylate kinase 2","chr1",33056469,33057323,"Intron",23673,0.394915254237288,0.00422381072622938,0.0010132978482646,0.881399507460154,0.000491445581588487,1.17355142924758
"chr1_36703690_36704124","ENSG00000119535","CSF3R","colony stimulating factor 3 receptor","chr1",36703690,36704124,"Distal Intergenic",-220412,0.441437755698422,0.00114746238168817,0.00101651025088387,3.00611141721706,5.64414659322829e-05,1.03127272740732
"chr1_36492408_36492964","ENSG00000119535","CSF3R","colony stimulating factor 3 receptor","chr1",36492408,36492964,"Distal Intergenic",-9130,0.618474156794437,9.54857323693691e-07,0.00101651025088387,3.00611141721706,0.000412550758733595,2.59893253081388
"chr1_36622835_36623469","ENSG00000119535","CSF3R","colony stimulating factor 3 receptor","chr1",36622835,36623469,"Distal Intergenic",-139557,0.551337138723477,2.27383565607666e-05,0.00101651025088387,3.00611141721706,0.0062154156972388,2.40619344900743
"chr7_97094739_97094936","ENSG00000196636","SDHAF3","succinate dehydrogenase complex assembly factor 3","chr7",97094739,97094936,"Distal Intergenic",-21654,0.355914624115383,0.0110554067030031,0.00101786997447303,1.77328276313452,0.00952234309516763,2.42613871327258
"chr6_69988418_69988845","ENSG00000082293","COL19A1","collagen type XIX alpha 1 chain","chr6",69988418,69988845,"Intron",121847,0.804375710660407,8.38972496751477e-13,0.00107889395937134,3.36913843965904,8.61945159262187e-11,1.80540294191296
"chr5_175617332_175617601","ENSG00000113749","HRH2","histamine receptor H2","chr5",175617332,175617601,"Distal Intergenic",-40429,0.508243699586016,0.000123473628258788,0.00107889395937134,3.59500815378509,1.74504213671595e-07,3.19231499931745
"chr5_175693787_175694885","ENSG00000113749","HRH2","histamine receptor H2","chr5",175693787,175694885,"Distal Intergenic",35757,0.760652289568625,6.07484103251604e-11,0.00107889395937134,3.59500815378509,0.00105416919485334,1.46708963652283
"chr5_175652911_175653778","ENSG00000113749","HRH2","histamine receptor H2","chr5",175652911,175653778,"Distal Intergenic",-4252,0.645196172169583,2.26643483577657e-07,0.00107889395937134,3.59500815378509,0.0050416163766774,1.81526980688203
"chr5_175657600_175659008","ENSG00000113749","HRH2","histamine receptor H2","chr5",175657600,175659008,"Promoter",0,0.715003800391347,2.45648652700937e-09,0.00107889395937134,3.59500815378509,0.0065942358499379,1.13673909591478
"chr4_184457587_184458409","ENSG00000168310","IRF2","interferon regulatory factor 2","chr4",184457587,184458409,"Intron",16171,0.61104617182934,1.40030758541198e-06,0.00108655907007895,1.07165843995216,5.67032959282088e-17,1.31216662729503
"chr10_17216218_17216874","ENSG00000026025","VIM","vimentin","chr10",17216218,17216874,"Exon",-11385,0.339216832261835,0.0159860886166186,0.00109757252404119,0.885323680652505,0.000125943096394161,1.34837996928624
"chr12_67358670_67359518","ENSG00000111530","CAND1","cullin associated and neddylation dissociated 1","chr12",67358670,67359518,"Distal Intergenic",89389,0.312098188194039,0.0282111933039113,0.00111951956760304,1.17587530803371,6.83863597220075e-05,1.08684995876987
"chr15_101641063_101642502","ENSG00000184277","TM2D3","TM2 domain containing 3","chr15",101641063,101642502,"3' UTR",9889,0.362945645821157,0.00939478372649078,0.00112166543922781,1.03878223888071,5.34276693671163e-12,1.00984781239615
"chr15_101618687_101619422","ENSG00000184277","TM2D3","TM2 domain containing 3","chr15",101618687,101619422,"Distal Intergenic",32969,-0.283109292811222,0.0487951430520704,0.00112166543922781,1.03878223888071,1.48391955292705e-06,1.78428077501028
"chr15_101613436_101613884","ENSG00000184277","TM2D3","TM2 domain containing 3","chr15",101613436,101613884,"Exon",38507,-0.34191031433098,0.0151013522677023,0.00112166543922781,1.03878223888071,0.000495382617501559,2.01878885310442
"chr12_108568841_108569166","ENSG00000136003","ISCU","iron-sulfur cluster assembly enzyme","chr12",108568841,108569166,"3' UTR",6259,0.646405610753945,2.11883831331452e-07,0.00113163248729756,0.910356807050424,4.78551168115017e-05,1.15677555712452
"chr2_111221808_111222084","ENSG00000153094","BCL2L11","BCL2 like 11","chr2",111221808,111222084,"Intron",102430,0.497136177673875,0.000184879563887184,0.00113528547540716,1.52853644297702,3.74863645368854e-05,1.22880773312952
"chr16_68005733_68006286","ENSG00000167261","DPEP2","dipeptidase 2","chr16",68005733,68006286,"Intron",-5147,0.815604909409702,2.44796012368886e-13,0.00113805443534115,1.1470927204894,1.06020300025444e-05,1.19580109873525
"chr12_103832433_103832815","ENSG00000111696","NT5DC3","5'-nucleotidase domain containing 3","chr12",103832433,103832815,"Intron",8382,0.588952220229898,4.18628396708804e-06,0.00116765656136074,2.52240172981495,2.92184208448694e-18,1.68345337530561
"chr12_103880488_103881569","ENSG00000111696","NT5DC3","5'-nucleotidase domain containing 3","chr12",103880488,103881569,"Distal Intergenic",-39291,-0.323366947775475,0.0224053502255994,0.00116765656136074,2.52240172981495,0.000121418745315437,1.23491322489529
"chr12_103864831_103865013","ENSG00000111696","NT5DC3","5'-nucleotidase domain containing 3","chr12",103864831,103865013,"Distal Intergenic",-23634,-0.331657410114002,0.0188458040645818,0.00116765656136074,2.52240172981495,0.00784911936549171,2.25720408397976
"chr6_8131211_8131687","ENSG00000124802","EEF1E1","eukaryotic translation elongation factor 1 epsilon 1","chr6",8131211,8131687,"Distal Intergenic",-28633,0.568907071887785,1.07034921717836e-05,0.00121139542785633,2.12895416111667,1.61292646014691e-05,1.28165185222155
"chr10_75469138_75469438","ENSG00000148655","LRMDA","leucine rich melanocyte differentiation associated","chr10",75469138,75469438,"Intron",37685,0.639322960557744,3.13829660075792e-07,0.00123665942888486,5.3950657991764,1.83526491508346e-05,2.53724993441547
"chr10_75430206_75430634","ENSG00000148655","LRMDA","leucine rich melanocyte differentiation associated","chr10",75430206,75430634,"Promoter",-819,0.691925493324614,1.2554859632814e-08,0.00123665942888486,5.3950657991764,0.00161155905666879,1.46299800810944
"chr10_75430989_75431876","ENSG00000148655","LRMDA","leucine rich melanocyte differentiation associated","chr10",75430989,75431876,"Promoter",0,0.719348551690989,1.78229216317284e-09,0.00123665942888486,5.3950657991764,0.00285136340084253,1.4444014339268
"chr2_200239248_200239553","ENSG00000196141","SPATS2L","spermatogenesis associated serine rich 2 like","chr2",200239248,200239553,"Distal Intergenic",-66328,0.40338289293761,0.00337619445644485,0.00128820684515542,3.26209400047123,2.07950281756248e-07,2.70304030243268
"chr2_200199036_200199926","ENSG00000196141","SPATS2L","spermatogenesis associated serine rich 2 like","chr2",200199036,200199926,"Distal Intergenic",-105955,0.589430674333406,4.09472536902535e-06,0.00128820684515542,3.26209400047123,1.30014895435977e-05,1.7820379831589
"chr6_152636105_152637233","ENSG00000131018","SYNE1","spectrin repeat containing nuclear envelope protein 1","chr6",152636105,152637233,"Promoter",568,-0.61291642314436,1.27400063407531e-06,0.00128820684515542,0.800300429166351,0.000111614205828942,1.28074122690056
"chr6_152643008_152643478","ENSG00000131018","SYNE1","spectrin repeat containing nuclear envelope protein 1","chr6",152643008,152643478,"Distal Intergenic",-5207,-0.593921683226184,3.29594107952754e-06,0.00128820684515542,0.800300429166351,0.000584375465533747,1.36414933133311
"chr6_152587353_152588085","ENSG00000131018","SYNE1","spectrin repeat containing nuclear envelope protein 1","chr6",152587353,152588085,"Intron",49716,-0.482524839275278,0.000306717598663439,0.00128820684515542,0.800300429166351,0.00348597533586075,1.36844371545142
"chr3_15816789_15817416","ENSG00000206560","ANKRD28","ankyrin repeat domain 28","chr3",15816789,15817416,"Intron",42355,0.499357101110462,0.000170743490389357,0.00129647570491863,1.28017875872969,2.86041251290222e-08,1.32295932153381
"chr5_10856826_10857431","ENSG00000112977","DAP","death associated protein","chr5",10856826,10857431,"Distal Intergenic",-95554,0.603740502630041,2.02934625053867e-06,0.00129647570491863,0.630822014599843,6.65160842709495e-08,1.87171132283399
"chr5_10987801_10989177","ENSG00000112977","DAP","death associated protein","chr5",10987801,10989177,"3' UTR",-226529,0.614611338398597,1.16652782478803e-06,0.00129647570491863,0.630822014599843,1.4198048457327e-07,1.54582932023702
"chr5_11234399_11235156","ENSG00000112977","DAP","death associated protein","chr5",11234399,11235156,"Intron",-473127,0.661835184102864,8.54166294539608e-08,0.00129647570491863,0.630822014599843,3.23140334861164e-07,2.03452161689128
"chr18_8949175_8949594","ENSG00000178127","NDUFV2","NADH:ubiquinone oxidoreductase core subunit V2","chr18",8949175,8949594,"Distal Intergenic",-153036,0.37989479836353,0.00620659706728076,0.00129647570491863,1.74085012391408,1.8900736091819e-06,1.56446331401002
"chr5_11248664_11249380","ENSG00000112977","DAP","death associated protein","chr5",11248664,11249380,"Intron",-487392,0.343027937626769,0.0147605591444749,0.00129647570491863,0.630822014599843,5.85984130205811e-06,2.79785351148435
"chr5_11172370_11173101","ENSG00000112977","DAP","death associated protein","chr5",11172370,11173101,"Intron",-411098,0.504069317255989,0.000143757497974938,0.00129647570491863,0.630822014599843,6.06975848448122e-06,2.37462264276189
"chr11_95461894_95462242","ENSG00000149212","SESN3","sestrin 3","chr11",95461894,95462242,"Distal Intergenic",-229353,0.580654587960257,6.22657613752802e-06,0.00129647570491863,1.72063614436176,9.61012216028459e-06,1.61064441879557
"chr18_8966923_8967204","ENSG00000178127","NDUFV2","NADH:ubiquinone oxidoreductase core subunit V2","chr18",8966923,8967204,"Distal Intergenic",-135426,-0.524313267095266,6.75678590198897e-05,0.00129647570491863,1.74085012391408,1.78667190402776e-05,1.70128907151291
"chr5_10681773_10682231","ENSG00000112977","DAP","death associated protein","chr5",10681773,10682231,"Intron",79041,0.332612507305669,0.0184656037240885,0.00129647570491863,0.630822014599843,4.07805742611334e-05,2.12591722820547
"chr5_10876371_10876660","ENSG00000112977","DAP","death associated protein","chr5",10876371,10876660,"Distal Intergenic",-115099,0.57749853886616,7.20694120118555e-06,0.00129647570491863,0.630822014599843,5.89230913428494e-05,1.54029827757584
"chr5_10962086_10962644","ENSG00000112977","DAP","death associated protein","chr5",10962086,10962644,"Distal Intergenic",-200814,0.463588544710696,0.000572307314087174,0.00129647570491863,0.630822014599843,5.97883998641073e-05,1.67876463311973
"chr5_10913839_10914354","ENSG00000112977","DAP","death associated protein","chr5",10913839,10914354,"Distal Intergenic",-152567,0.457627118644068,0.000692610425362738,0.00129647570491863,0.630822014599843,8.7206177857975e-05,1.95354448168866
"chr5_10976939_10977572","ENSG00000112977","DAP","death associated protein","chr5",10976939,10977572,"Intron",-215667,0.349700427524725,0.0127357312944129,0.00129647570491863,0.630822014599843,9.55715187806643e-05,2.31612891285438
"chr5_10987088_10987539","ENSG00000112977","DAP","death associated protein","chr5",10987088,10987539,"Intron",-225816,0.627001753360608,6.0949560197583e-07,0.00129647570491863,0.630822014599843,0.000149637295121288,2.22453293935713
"chr11_95487530_95487725","ENSG00000149212","SESN3","sestrin 3","chr11",95487530,95487725,"Intron",-254989,0.516687444286704,9.02296800291028e-05,0.00129647570491863,1.72063614436176,0.000186873072690298,1.47118558746358
"chr5_10854497_10854876","ENSG00000112977","DAP","death associated protein","chr5",10854497,10854876,"Distal Intergenic",-93225,0.496325194751911,0.000190235885859047,0.00129647570491863,0.630822014599843,0.00031585059612756,1.74807167570553
"chr5_11025751_11026217","ENSG00000112977","DAP","death associated protein","chr5",11025751,11026217,"Intron",-264479,0.428439924650128,0.00168579003306333,0.00129647570491863,0.630822014599843,0.000362725488272653,1.86918963503979
"chr5_11224327_11224940","ENSG00000112977","DAP","death associated protein","chr5",11224327,11224940,"Intron",-463055,0.323879659293184,0.0221908447018922,0.00129647570491863,0.630822014599843,0.000371534419431306,2.22878571124598
"chr5_11182578_11182935","ENSG00000112977","DAP","death associated protein","chr5",11182578,11182935,"Intron",-421306,0.47469316189363,0.000398033124656764,0.00129647570491863,0.630822014599843,0.000847610531199006,1.10003607632616
"chr5_11089495_11089631","ENSG00000112977","DAP","death associated protein","chr5",11089495,11089631,"Intron",-328223,0.583650155441592,5.38990614752305e-06,0.00129647570491863,0.630822014599843,0.0008882933051103,3.42419662396804
"chr5_10975923_10976344","ENSG00000112977","DAP","death associated protein","chr5",10975923,10976344,"Intron",-214651,0.623790741718362,7.19884601934935e-07,0.00129647570491863,0.630822014599843,0.00137139365979675,2.55693534285142
"chr5_11267226_11267497","ENSG00000112977","DAP","death associated protein","chr5",11267226,11267497,"Intron",-505954,0.291149783049534,0.0421855843299097,0.00129647570491863,0.630822014599843,0.00152278216301322,1.73958796492266
"chr5_11212661_11213015","ENSG00000112977","DAP","death associated protein","chr5",11212661,11213015,"Intron",-451389,0.315300310249622,0.0264670386375965,0.00129647570491863,0.630822014599843,0.00154843728595673,2.35415560218722
"chr5_10682398_10682587","ENSG00000112977","DAP","death associated protein","chr5",10682398,10682587,"Intron",78685,0.476399245186211,0.000376075292292444,0.00129647570491863,0.630822014599843,0.0016722574465936,2.17724927605471
"chr18_9061960_9062609","ENSG00000178127","NDUFV2","NADH:ubiquinone oxidoreductase core subunit V2","chr18",9061960,9062609,"Distal Intergenic",-40021,-0.424313267095266,0.00189353288408156,0.00129647570491863,1.74085012391408,0.00230516154214085,1.24567628806519
"chr5_11180030_11180782","ENSG00000112977","DAP","death associated protein","chr5",11180030,11180782,"Intron",-418758,0.316656925774401,0.0257490862642779,0.00129647570491863,0.630822014599843,0.00245432419525715,1.70250129747969
"chr3_183210937_183211147","ENSG00000176597","B3GNT5","UDP-GlcNAc:betaGal beta-1,3-N-acetylglucosaminyltransferase 5","chr3",183210937,183211147,"Intron",-42097,0.362136047091005,0.0095756664840103,0.0012986516946964,7.24116913365725,0.000124812292318431,1.1603311107407
"chr3_183302058_183302438","ENSG00000176597","B3GNT5","UDP-GlcNAc:betaGal beta-1,3-N-acetylglucosaminyltransferase 5","chr3",183302058,183302438,"Intron",48814,0.472953635271859,0.000421761919608535,0.0012986516946964,7.24116913365725,0.00127630008973962,1.84213653407446
"chr3_183298735_183299268","ENSG00000176597","B3GNT5","UDP-GlcNAc:betaGal beta-1,3-N-acetylglucosaminyltransferase 5","chr3",183298735,183299268,"Exon",45491,0.550532131015654,2.35464390180316e-05,0.0012986516946964,7.24116913365725,0.00501601988161742,1.31259750979855
"chr8_103125008_103125313","ENSG00000164929","BAALC","BAALC, MAP3K1 and KLF4 binding","chr8",103125008,103125313,"Intron",-15397,0.628971689770503,5.50644977700804e-07,0.00133625255924984,5.12729189812594,1.10407810339894e-22,1.99937039003883
"chr8_103133099_103133609","ENSG00000164929","BAALC","BAALC, MAP3K1 and KLF4 binding","chr8",103133099,103133609,"Exon",-7101,0.519101142536512,8.25517461130023e-05,0.00133625255924984,5.12729189812594,0.000443694738184628,2.12317352034795
"chr5_56853585_56853994","ENSG00000095015","MAP3K1","mitogen-activated protein kinase kinase kinase 1","chr5",56853585,56853994,"Intron",38011,0.589655172413793,4.0556472902764e-06,0.00134326539632701,1.79842806895241,7.29228284590105e-08,1.0220593394299
"chr5_56829207_56829401","ENSG00000095015","MAP3K1","mitogen-activated protein kinase kinase kinase 1","chr5",56829207,56829401,"Intron",13633,0.709000584453536,3.77363308003494e-09,0.00134326539632701,1.79842806895241,2.62343624761547e-05,1.07734599051894
"chr5_56772948_56773132","ENSG00000095015","MAP3K1","mitogen-activated protein kinase kinase kinase 1","chr5",56772948,56773132,"Distal Intergenic",-42442,0.757788299850716,7.79909342218853e-11,0.00134326539632701,1.79842806895241,0.000204945694474273,1.53381254550539
"chr5_56745901_56746499","ENSG00000095015","MAP3K1","mitogen-activated protein kinase kinase kinase 1","chr5",56745901,56746499,"Distal Intergenic",-69075,0.750379894798364,1.46683619196181e-10,0.00134326539632701,1.79842806895241,0.000920170334394013,1.16999397747409
"chr4_6591120_6591786","ENSG00000013288","MAN2B2","mannosidase alpha class 2B member 2","chr4",6591120,6591786,"Intron",15945,0.406779661016949,0.00308112643794438,0.00136204441814774,0.878831761832955,6.48764846222297e-06,1.53420717307622
"chr19_51645018_51645159","ENSG00000254415","SIGLEC14","sialic acid binding Ig like lectin 14","chr19",51645018,51645159,"Intron",1642,0.497562755401507,0.000182239488613506,0.00137750657606191,4.64980006064392,6.41374915794472e-87,9.36149532884206
"chr10_117431351_117431884","ENSG00000165650","PDZD8","PDZ domain containing 8","chr10",117431351,117431884,"Intron",-55884,0.44438599643386,0.00104868574148548,0.00139378390309869,1.48554904092799,1.78856410043831e-05,2.53199799002742
"chr10_117442817_117443303","ENSG00000165650","PDZD8","PDZ domain containing 8","chr10",117442817,117443303,"Intron",-67350,0.491466978375219,0.000225229866549548,0.00139378390309869,1.48554904092799,0.00426027779611019,1.15863087709335
"chr10_117417181_117417619","ENSG00000165650","PDZD8","PDZ domain containing 8","chr10",117417181,117417619,"Distal Intergenic",-41714,0.422680115575643,0.00198005200848882,0.00139378390309869,1.48554904092799,0.00461710619330171,2.47981832163948
"chr10_117411354_117411970","ENSG00000165650","PDZD8","PDZ domain containing 8","chr10",117411354,117411970,"Distal Intergenic",-35887,0.401169557665112,0.00357800068692525,0.00139378390309869,1.48554904092799,0.00997207452460603,2.32659029789316
"chr2_164952124_164952389","ENSG00000169507","SLC38A11","solute carrier family 38 member 11","chr2",164952124,164952389,"Intron",3136,0.697959101006255,8.28148413212377e-09,0.00141950836154014,4.69965341136918,0.000675414360921188,1.07419508559864
"chr2_164969654_164970492","ENSG00000169507","SLC38A11","solute carrier family 38 member 11","chr2",164969654,164970492,"Intron",-14129,0.673037511699958,4.28065977008555e-08,0.00141950836154014,4.69965341136918,0.00123774384912355,1.41485093717737
"chr11_113967328_113967693","ENSG00000166736","HTR3A","5-hydroxytryptamine receptor 3A","chr11",113967328,113967693,"Distal Intergenic",-7188,0.564166543811898,1.31182830462644e-05,0.00142430994666726,5.88586225352961,0.000744337093303803,1.6299078847217
"chr19_32519146_32519310","ENSG00000105185","PDCD5","programmed cell death 5","chr19",32519146,32519310,"Distal Intergenic",-61758,0.519322547965374,8.19475881450347e-05,0.00142430994666726,1.27040111748381,0.00824922631986398,2.43503717152658
"chr2_113351520_113352209","ENSG00000125618","PAX8","paired box 8","chr2",113351520,113352209,"Distal Intergenic",-72570,0.511603485173015,0.000109054357741554,0.00142626897259232,5.70687715506896,0.000769108157974705,1.79020245688845
"chr2_113278141_113278431","ENSG00000125618","PAX8","paired box 8","chr2",113278141,113278431,"Promoter",519,0.360083067438986,0.0100388277816824,0.00142626897259232,5.70687715506896,0.00885078850283056,1.19178354304497
"chr17_4006076_4006239","ENSG00000074370","ATP2A3","ATPase sarcoplasmic/endoplasmic reticulum Ca2+ transporting 3","chr17",4006076,4006239,"3' UTR",-41612,0.313267095265926,0.0275751327636448,0.00147459094295789,1.13999717620984,2.06631702932793e-07,2.53328864726595
"chr11_22752867_22753288","ENSG00000198168","SVIP","small VCP interacting protein","chr11",22752867,22753288,"Intron",77011,0.501578024547049,0.00015768789626122,0.0015055521890761,1.0899974353701,6.13468827601069e-05,2.01191705307409
"chr7_74284830_74284997","ENSG00000106665","CLIP2","CAP-Gly domain containing linker protein 2","chr7",74284830,74284997,"Distal Intergenic",-4478,-0.39041496201052,0.00475295449455301,0.0015055521890761,1.63137755377503,6.15417736013462e-05,1.14017828285968
"chr7_74271879_74272094","ENSG00000106665","CLIP2","CAP-Gly domain containing linker protein 2","chr7",74271879,74272094,"Distal Intergenic",-17381,0.379777907656341,0.00622526218692304,0.0015055521890761,1.63137755377503,0.0010693209629686,1.09894114607215
"chr11_22798788_22799441","ENSG00000198168","SVIP","small VCP interacting protein","chr11",22798788,22799441,"Intron",30858,0.312098188194039,0.0282111933039113,0.0015055521890761,1.0899974353701,0.00109018050267077,2.118609069348
"chr11_22741993_22742735","ENSG00000198168","SVIP","small VCP interacting protein","chr11",22741993,22742735,"Intron",87564,0.507159975148836,0.000128541482913858,0.0015055521890761,1.0899974353701,0.00191586747807882,1.80439582313837
"chr11_22823809_22824084","ENSG00000198168","SVIP","small VCP interacting protein","chr11",22823809,22824084,"Intron",6215,-0.458881291332663,0.000666232393324584,0.0015055521890761,1.0899974353701,0.00328165250214195,1.83694825118785
"chr4_108702841_108703548","ENSG00000198856","OSTC","oligosaccharyltransferase complex non-catalytic subunit","chr4",108702841,108703548,"Distal Intergenic",52257,0.57323202805377,8.78956988691667e-06,0.0015055521890761,1.0688683479446,0.00574300260326241,1.41178772504909
"chr6_125335854_125336213","ENSG00000111906","HDDC2","HD domain containing 2","chr6",125335854,125336213,"Distal Intergenic",-33776,0.588988252803368,4.18023634327614e-06,0.00151159937759453,1.18068441194894,0.000520208529730817,2.30688372115275
"chr6_125429931_125430736","ENSG00000111906","HDDC2","HD domain containing 2","chr6",125429931,125430736,"Intron",-127853,0.489538281706604,0.000240924382138661,0.00151159937759453,1.18068441194894,0.00705476731584347,1.06428674946863
"chr1_242691197_242692029","ENSG00000180287","PLD5","phospholipase D family member 5","chr1",242691197,242692029,"Distal Intergenic",-166501,0.566846766354416,1.16815546313754e-05,0.00152631445494891,4.74824023511348,1.36570102474175e-16,2.1861648092092
"chr1_242533257_242533900","ENSG00000180287","PLD5","phospholipase D family member 5","chr1",242533257,242533900,"Distal Intergenic",-8561,0.330585701934769,0.0192819771129086,0.00152631445494891,4.74824023511348,2.73581764096465e-15,3.48957355712067
"chr1_242651932_242652301","ENSG00000180287","PLD5","phospholipase D family member 5","chr1",242651932,242652301,"Distal Intergenic",-127236,0.618699071316357,9.44154453674364e-07,0.00152631445494891,4.74824023511348,1.07859951334938e-10,1.48338817369731
"chr1_242788819_242789248","ENSG00000180287","PLD5","phospholipase D family member 5","chr1",242788819,242789248,"Distal Intergenic",-264123,0.710442365216723,3.38445442349643e-09,0.00152631445494891,4.74824023511348,8.97592736844851e-08,1.41857942418617
"chr1_242330897_242331231","ENSG00000180287","PLD5","phospholipase D family member 5","chr1",242330897,242331231,"Intron",193465,-0.381565981150155,0.00595605717860723,0.00152631445494891,4.74824023511348,3.39987172071855e-05,2.49959999645958
"chr1_242813372_242813950","ENSG00000180287","PLD5","phospholipase D family member 5","chr1",242813372,242813950,"Distal Intergenic",-288676,0.502059893246919,0.000154917969522573,0.00152631445494891,4.74824023511348,3.79929891558149e-05,2.59150994451208
"chr1_242789694_242790058","ENSG00000180287","PLD5","phospholipase D family member 5","chr1",242789694,242790058,"Distal Intergenic",-264998,0.390955614228615,0.00468758309121811,0.00152631445494891,4.74824023511348,0.00145725533050807,1.42890198502175
"chr1_243122958_243123221","ENSG00000180287","PLD5","phospholipase D family member 5","chr1",243122958,243123221,"Distal Intergenic",-598262,-0.382365814850027,0.0058492730519204,0.00152631445494891,4.74824023511348,0.00577220748352015,1.84026163890687
"chr4_2746121_2746743","ENSG00000168884","TNIP2","TNFAIP3 interacting protein 2","chr4",2746121,2746743,"Exon",9633,0.397954412624196,0.00389730182323426,0.00154964773646923,0.917377454223672,1.11259613997281e-15,1.38224412127347
"chr4_2770747_2771437","ENSG00000168884","TNIP2","TNFAIP3 interacting protein 2","chr4",2770747,2771437,"Distal Intergenic",-14371,-0.448684979544126,0.000919017487777221,0.00154964773646923,0.917377454223672,4.69116697524602e-09,1.07758394671435
"chr3_139619585_139619778","ENSG00000163864","NMNAT3","nicotinamide nucleotide adenylyltransferase 3","chr3",139619585,139619778,"Intron",58239,0.667877069300203,5.91542520804361e-08,0.00163071609226833,3.9102542637915,2.04865209112628e-06,2.57202354278439
"chr3_139642736_139643258","ENSG00000163864","NMNAT3","nicotinamide nucleotide adenylyltransferase 3","chr3",139642736,139643258,"Intron",34759,0.551390968735655,2.26986706387775e-05,0.00163071609226833,3.9102542637915,0.00297283157654048,2.35819989710525
"chr15_79322658_79323397","ENSG00000166557","TMED3","transmembrane p24 trafficking protein 3","chr15",79322658,79323397,"3' UTR",11596,0.590822744873574,3.83824587405715e-06,0.00163071609226833,1.23074136095635,0.00481748373699755,2.55656539616336
"chr8_10133484_10133865","ENSG00000175806","MSRA","methionine sulfoxide reductase A","chr8",10133484,10133865,"Intron",79216,0.651002397511552,1.63256691245515e-07,0.00163072479151409,1.03411896725806,3.4100502077346e-05,1.93092972684645
"chr8_10237671_10238223","ENSG00000175806","MSRA","methionine sulfoxide reductase A","chr8",10237671,10238223,"Intron",183403,0.612487032313077,1.30167872574136e-06,0.00163072479151409,1.03411896725806,7.40370028661271e-05,2.30312498845636
"chr8_10065071_10065910","ENSG00000175806","MSRA","methionine sulfoxide reductase A","chr8",10065071,10065910,"Intron",10803,0.678667445938048,2.99201716934903e-08,0.00163072479151409,1.03411896725806,0.00129822176764473,1.13437789206863
"chr8_10216474_10216848","ENSG00000175806","MSRA","methionine sulfoxide reductase A","chr8",10216474,10216848,"Intron",162206,0.303933602716832,0.0330588388732587,0.00163072479151409,1.03411896725806,0.00217377017995361,2.0006595935593
"chr10_61961097_61961885","ENSG00000150347","ARID5B","AT-rich interaction domain 5B","chr10",61961097,61961885,"Intron",59797,0.386557568673291,0.00525542952717495,0.00167893694774506,0.962057652946261,2.54911928862801e-20,1.831177361268
"chr10_61943724_61943910","ENSG00000150347","ARID5B","AT-rich interaction domain 5B","chr10",61943724,61943910,"Intron",42424,0.803682057276447,9.04741574415073e-13,0.00167893694774506,0.962057652946261,1.13791079326433e-07,1.25450948412175
"chr10_61954492_61954853","ENSG00000150347","ARID5B","AT-rich interaction domain 5B","chr10",61954492,61954853,"Intron",53192,0.618740776523917,9.42364137725561e-07,0.00167893694774506,0.962057652946261,0.000350131263740546,1.25583201747962
"chr7_1193657_1194272","ENSG00000229043","LOC101927021","uncharacterized LOC101927021","chr7",1193657,1194272,"Distal Intergenic",33283,0.329490495220666,0.0197265287505102,0.00174243627807879,1.86472114577842,0.00120692365388278,1.50740858754839
"chr1_211885458_211886153","ENSG00000123684","LPGAT1","lysophosphatidylglycerol acyltransferase 1","chr1",211885458,211886153,"Distal Intergenic",-54686,-0.531268264172998,5.1684138077588e-05,0.00176319281097298,1.08385885561618,4.92091683226883e-06,1.74164218119104
"chr2_197205695_197206272","ENSG00000236977","ANKRD44-IT1","ANKRD44 intronic transcript 1","chr2",197205695,197206272,"Intron",96247,0.67510227936879,3.77858922709481e-08,0.00182344035252495,1.67065283538477,7.67450153681491e-14,1.02513094200892
"chr2_197130310_197131028","ENSG00000236977","ANKRD44-IT1","ANKRD44 intronic transcript 1","chr2",197130310,197131028,"Intron",171491,0.773173582700175,1.99223079091519e-11,0.00182344035252495,1.67065283538477,3.56207335406977e-10,1.00092501537638
"chr2_197141576_197142272","ENSG00000236977","ANKRD44-IT1","ANKRD44 intronic transcript 1","chr2",197141576,197142272,"Intron",160247,0.767153711279953,3.41595775551171e-11,0.00182344035252495,1.67065283538477,5.59742284911242e-08,1.38835095689222
"chr15_34665641_34666524","ENSG00000215252","GOLGA8B","golgin A8 family member B","chr15",34665641,34666524,"Distal Intergenic",-77138,-0.399029751105348,0.00378552166947613,0.00188523237645626,1.21640609139609,7.76933302387128e-06,2.31791781053839
"chr15_34620631_34621878","ENSG00000215252","GOLGA8B","golgin A8 family member B","chr15",34620631,34621878,"Distal Intergenic",-32128,-0.497311513734658,0.000183886418938281,0.00188523237645626,1.21640609139609,0.000163476189222425,1.48301583533154
"chr3_141528893_141529172","ENSG00000155903","RASA2","RAS p21 protein activator 2","chr3",141528893,141529172,"Intron",41846,0.405902980713033,0.00315703833028708,0.00190937903732471,1.32476091715178,6.96022898971084e-10,1.17813976933086
"chr3_141530175_141530484","ENSG00000155903","RASA2","RAS p21 protein activator 2","chr3",141530175,141530484,"Intron",43128,0.293921683226184,0.040026839122553,0.00190937903732471,1.32476091715178,0.000864796616450856,1.15046607221849
"chr3_141426131_141426783","ENSG00000155903","RASA2","RAS p21 protein activator 2","chr3",141426131,141426783,"5' UTR",-60264,-0.509526592635886,0.000117899535890616,0.00190937903732471,1.32476091715178,0.00113349112927524,1.39138819381378
"chr19_50329061_50329700","ENSG00000131408","NR1H2","nuclear receptor subfamily 1 group H member 2","chr19",50329061,50329700,"Promoter",0,0.485973115137347,0.000272141233133124,0.0019638675219969,1.04416036056171,7.22251698882712e-14,1.18220465226587
"chr4_164383393_164383651","ENSG00000145416","MARCH1","membrane associated ring-CH-type finger 1","chr4",164383393,164383651,"Promoter",399,-0.647695174415812,1.96741846915938e-07,0.0019638675219969,2.94673565436313,3.54644504278512e-06,2.20224267874276
"chr3_125350918_125351360","ENSG00000163848","ZNF148","zinc finger protein 148","chr3",125350918,125351360,"Intron",23994,0.565984804208066,1.21137108913572e-05,0.0019638675219969,1.04586304954029,7.5916945972594e-06,1.05569474277122
"chr4_73944068_73944729","ENSG00000163737","PF4","platelet factor 4","chr4",73944068,73944729,"Distal Intergenic",37395,-0.624137931034483,7.07505170763793e-07,0.0019638675219969,2.77991716573232,1.23731297133306e-05,2.32801794270104
"chr9_631526_632028","ENSG00000107104","KANK1","KN motif and ankyrin repeat domains 1","chr9",631526,632028,"Intron",161235,0.440456752847362,0.00118094373514595,0.0019638675219969,3.09907854642573,0.000185554568249828,1.72735047055514
"chr9_350473_350830","ENSG00000107104","KANK1","KN motif and ankyrin repeat domains 1","chr9",350473,350830,"Intron",-119461,0.713193573363828,2.79847817691598e-09,0.0019638675219969,3.09907854642573,0.000261337783011543,1.44247098181523
"chr9_649502_649832","ENSG00000107104","KANK1","KN motif and ankyrin repeat domains 1","chr9",649502,649832,"Intron",179211,-0.411753580686377,0.00268684746959538,0.0019638675219969,3.09907854642573,0.00143982584873818,1.00284722779719
"chr9_567347_567638","ENSG00000107104","KANK1","KN motif and ankyrin repeat domains 1","chr9",567347,567638,"Intron",97056,-0.633296376691815,4.3678502047082e-07,0.0019638675219969,3.09907854642573,0.0020996473005785,1.11501727362144
"chr9_624931_625578","ENSG00000107104","KANK1","KN motif and ankyrin repeat domains 1","chr9",624931,625578,"Intron",154640,0.65901020558592,1.00567691607259e-07,0.0019638675219969,3.09907854642573,0.00393820117978852,1.9215355543872
"chr9_589501_590141","ENSG00000107104","KANK1","KN motif and ankyrin repeat domains 1","chr9",589501,590141,"Intron",119210,0.712491870180098,2.93930947446816e-09,0.0019638675219969,3.09907854642573,0.00609587151836044,1.309877640359
"chr12_110718141_110718807","ENSG00000122986","HVCN1","hydrogen voltage gated channel 1","chr12",110718141,110718807,"Downstream (<1kb)",-13191,0.731326709526593,7.05507652082225e-10,0.00201070188162955,1.16457758633478,1.17190580488269e-05,1.24734960295562
"chr19_43777384_43778554","ENSG00000104783","KCNN4","potassium calcium-activated channel subfamily N member 4","chr19",43777384,43778554,"Intron",2703,0.447925189947399,0.000940829956496927,0.00204415981369753,2.02437608000095,3.41595309873458e-20,1.60264943874262
"chr19_43780842_43781234","ENSG00000104783","KCNN4","potassium calcium-activated channel subfamily N member 4","chr19",43780842,43781234,"Promoter",23,0.731618936294565,6.91184169085884e-10,0.00204415981369753,2.02437608000095,7.29379527112787e-13,1.26484743758314
"chr1_54350341_54350667","ENSG00000157216","SSBP3","single stranded DNA binding protein 3","chr1",54350341,54350667,"Intron",62812,0.418792931550504,0.00220325596631651,0.00205311045282402,0.88283332142634,0.000157180220750106,2.55415054666794
"chr1_54385131_54385422","ENSG00000157216","SSBP3","single stranded DNA binding protein 3","chr1",54385131,54385422,"Intron",28057,0.344410350016829,0.0143379368050268,0.00205311045282402,0.88283332142634,0.00952861297857239,1.70987513679094
"chr18_3387282_3387625","ENSG00000177426","TGIF1","TGFB induced factor homeobox 1","chr18",3387282,3387625,"Distal Intergenic",-23983,0.436411455289305,0.001331725880497,0.00206364006028793,1.04395288475751,0.00476695792830601,1.13318859072931
"chr17_74612609_74613034","ENSG00000186407","CD300E","CD300e molecule","chr17",74612609,74613034,"3' UTR",10704,-0.424161739582856,0.0019003252700334,0.0021243398462508,5.46028591312478,2.42401509988106e-05,1.14608456980211
"chr17_45345414_45346114","ENSG00000006062","MAP3K14","mitogen-activated protein kinase kinase kinase 14","chr17",45345414,45346114,"Distal Intergenic",-28374,-0.422384570426651,0.00199516660989415,0.00214992090447235,0.976273704993666,1.24663294263017e-10,1.08277188690623
"chr17_45413496_45413746","ENSG00000006062","MAP3K14","mitogen-activated protein kinase kinase kinase 14","chr17",45413496,45413746,"Intron",-96456,0.339567504383402,0.0158658639521138,0.00214992090447235,0.976273704993666,1.08998090003936e-06,1.01878603944712
"chr17_45391314_45392013","ENSG00000006062","MAP3K14","mitogen-activated protein kinase kinase kinase 14","chr17",45391314,45392013,"Distal Intergenic",-74274,-0.567796610169492,1.12553221811478e-05,0.00214992090447235,0.976273704993666,0.000324437481445473,1.20507804567033
"chr17_2290042_2290305","ENSG00000167720","SRR","serine racemase","chr17",2290042,2290305,"Intron",-13078,-0.37398195855345,0.00718246750513147,0.00218439140851244,2.65060187963872,0.00267574146968139,1.4765261551172
"chr14_105331900_105332998","ENSG00000185024","BRF1","BRF1, RNA polymerase III transcription initiation factor subunit","chr14",105331900,105332998,"Intron",-16311,0.584628872004676,5.14744687122033e-06,0.00219415683038778,1.40886144619983,0.00105513327608594,1.17380810136121
"chr11_43989285_43989871","ENSG00000187479","C11orf96","chromosome 11 open reading frame 96","chr11",43989285,43989871,"Intron",46780,0.354613552511216,0.0113962219991832,0.00227764614677527,5.00072560474773,3.55264137229174e-06,2.63664627311593
"chr11_43969539_43969889","ENSG00000187479","C11orf96","chromosome 11 open reading frame 96","chr11",43969539,43969889,"Intron",27034,0.296379482083423,0.0382059617226439,0.00227764614677527,5.00072560474773,4.9821715412421e-05,2.55456461425765
"chr1_226708951_226709256","ENSG00000143772","ITPKB","inositol-trisphosphate 3-kinase B","chr1",226708951,226709256,"Intron",30067,-0.60905902980713,1.55014255027626e-06,0.00228293973639192,0.870079444840663,4.75028590953421e-12,2.46347568367229
"chr1_226720194_226720324","ENSG00000143772","ITPKB","inositol-trisphosphate 3-kinase B","chr1",226720194,226720324,"Intron",18999,-0.522041526086207,7.3807738301548e-05,0.00228293973639192,0.870079444840663,0.00914955972134606,1.65610600123871
"chr1_234356698_234357220","ENSG00000168275","COA6","cytochrome c oxidase assembly factor 6","chr1",234356698,234357220,"Exon",-16236,-0.700116890707189,7.16050500301332e-09,0.0023499685361227,1.13621360132705,8.68211944425481e-46,1.72919547146641
"chr19_1933167_1933586","ENSG00000133275","CSNK1G2","casein kinase 1 gamma 2","chr19",1933167,1933586,"Distal Intergenic",-7563,0.283401519579194,0.0485883071729295,0.0023499685361227,1.15392096270039,0.00176483594231923,1.00045992775645
"chr1_157399969_157400347","ENSG00000143297","FCRL5","Fc receptor like 5","chr1",157399969,157400347,"Distal Intergenic",152173,-0.38200441272945,0.0059005623732136,0.00236041113481953,4.29433511001751,1.54276330854401e-06,2.15800654267317
"chr3_52351252_52351860","ENSG00000114841","DNAH1","dynein axonemal heavy chain 1","chr3",52351252,52351860,"Intron",34933,-0.318994739918177,0.0245380304555288,0.00236041113481953,1.14850329145442,0.00092776521787118,1.5853814524502
"chr1_157562564_157562893","ENSG00000143297","FCRL5","Fc receptor like 5","chr1",157562564,157562893,"Distal Intergenic",-10044,0.756556933992712,8.66048580847832e-11,0.00236041113481953,4.29433511001751,0.00289586583876827,1.01307814048625
"chr17_74710849_74711284","ENSG00000186074","CD300LF","CD300 molecule like family member f","chr17",74710849,74711284,"Intron",1694,0.707709781532677,4.13883457540018e-09,0.00236041113481953,4.24463583534044,0.00517167678142348,1.67342474471047
"chr4_109590796_109591584","ENSG00000005059","MCUB","mitochondrial calcium uniporter dominant negative beta subunit","chr4",109590796,109591584,"Intron",30591,0.289713617767388,0.0432825225246104,0.00237362928958919,0.915159430641001,1.06250935391231e-10,1.65757843791435
"chr4_109624438_109624914","ENSG00000005059","MCUB","mitochondrial calcium uniporter dominant negative beta subunit","chr4",109624438,109624914,"Intron",64233,-0.424254821741672,0.0018961176866588,0.00237362928958919,0.915159430641001,0.00520081866707061,1.84446686819658
"chr6_166411618_166412062","ENSG00000060762","MPC1","mitochondrial pyruvate carrier 1","chr6",166411618,166412062,"3' UTR",-28605,0.330133403504024,0.0194667394401324,0.00238406483871239,0.84961049097854,3.77011606938156e-06,2.04041923898376
"chr5_123906819_123907604","ENSG00000151292","CSNK1G3","casein kinase 1 gamma 3","chr5",123906819,123907604,"Distal Intergenic",394720,0.681424334151264,2.51175092536895e-08,0.00238406483871239,1.30994723845411,3.96744934403277e-06,1.74988241663678
"chr5_123814095_123815015","ENSG00000151292","CSNK1G3","casein kinase 1 gamma 3","chr5",123814095,123815015,"Distal Intergenic",301996,-0.550204558737581,2.38906021395459e-05,0.00238406483871239,1.30994723845411,4.79957769895826e-06,1.06215188657353
"chr5_123855715_123855969","ENSG00000151292","CSNK1G3","casein kinase 1 gamma 3","chr5",123855715,123855969,"Distal Intergenic",343616,-0.346429105810163,0.0136987590785691,0.00238406483871239,1.30994723845411,2.91151824932103e-05,3.10555560282295
"chr5_123721561_123721939","ENSG00000151292","CSNK1G3","casein kinase 1 gamma 3","chr5",123721561,123721939,"Distal Intergenic",209462,-0.559964932787843,1.57815388243901e-05,0.00238406483871239,1.30994723845411,0.000215265191990039,1.42353413033657
"chr6_166419173_166419822","ENSG00000060762","MPC1","mitochondrial pyruvate carrier 1","chr6",166419173,166419822,"Intron",-36160,0.553652834599649,2.06178180210773e-05,0.00238406483871239,0.84961049097854,0.00365855723528809,1.03086014353702
"chr5_123875886_123876309","ENSG00000151292","CSNK1G3","casein kinase 1 gamma 3","chr5",123875886,123876309,"Distal Intergenic",363787,-0.723505603607384,1.28496835851853e-09,0.00238406483871239,1.30994723845411,0.00543269918192726,1.56746164577936
"chr1_154925682_154926359","ENSG00000163344","PMVK","phosphomevalonate kinase","chr1",154925682,154926359,"Exon",10632,0.30093512565751,0.0350317259202977,0.00241698072474174,0.934580184619295,0.0046481445345703,1.34876412808744
"chr5_10643866_10644278","ENSG00000164236","ANKRD33B","ankyrin repeat domain 33B","chr5",10643866,10644278,"Intron",79536,-0.299415546464056,0.0360947556589182,0.00245467327767347,1.24688485665898,3.73089682710362e-06,1.28183001427051
"chr5_10588593_10589394","ENSG00000164236","ANKRD33B","ankyrin repeat domain 33B","chr5",10588593,10589394,"Intron",24263,0.436411455289305,0.001331725880497,0.00245467327767347,1.24688485665898,5.65913354704162e-06,1.20568886153483
"chr17_5221106_5221468","ENSG00000161929","SCIMP","SLP adaptor and CSK interacting membrane protein","chr17",5221106,5221468,"Exon",13392,0.700628386846861,6.91181085184246e-09,0.00255657378472306,3.38168985609028,1.03607324402329e-87,3.26084288461475
"chr17_5227339_5227719","ENSG00000161929","SCIMP","SLP adaptor and CSK interacting membrane protein","chr17",5227339,5227719,"Intron",7141,0.735262319702423,5.1096024515136e-10,0.00255657378472306,3.38168985609028,0.00484199932548691,1.00318419936061
"chr10_79390517_79391029","ENSG00000108179","PPIF","peptidylprolyl isomerase F","chr10",79390517,79391029,"Intron",43048,0.572822910578609,8.94886553135651e-06,0.00257342423533963,1.8492915141987,0.00183738775707593,1.10745577054446
"chr10_79270890_79271079","ENSG00000108179","PPIF","peptidylprolyl isomerase F","chr10",79270890,79271079,"Intron",-76390,0.421215663354763,0.00205882497890492,0.00257342423533963,1.8492915141987,0.00232799201466117,1.00258680511811
"chr3_57959004_57960175","ENSG00000136068","FLNB","filamin B","chr3",57959004,57960175,"Distal Intergenic",-48225,0.413909994155465,0.00252839849569754,0.00258027512805033,1.11686144194204,3.11360092970956e-12,1.23950202939158
"chr3_57972484_57972938","ENSG00000136068","FLNB","filamin B","chr3",57972484,57972938,"Distal Intergenic",-35462,0.652542372881356,1.48626619576193e-07,0.00258027512805033,1.11686144194204,1.28218735197944e-09,1.31924768265602
"chr3_58081885_58082578","ENSG00000136068","FLNB","filamin B","chr3",58081885,58082578,"Intron",73485,0.43009935710111,0.00160522145350321,0.00258027512805033,1.11686144194204,4.39050600439583e-08,1.40438513696964
"chr3_57900561_57901145","ENSG00000136068","FLNB","filamin B","chr3",57900561,57901145,"3' UTR",-107255,0.286821176349738,0.0456956784771506,0.00258027512805033,1.11686144194204,4.04570420662465e-05,2.87182688768649
"chr10_113148962_113149222","ENSG00000148737","TCF7L2","transcription factor 7 like 2","chr10",113148962,113149222,"Intron",198712,0.342928404465792,0.0147836574476151,0.0026778169717307,3.67251100522762,6.06511587516304e-08,3.12604682271102
"chr10_113180643_113180893","ENSG00000148737","TCF7L2","transcription factor 7 like 2","chr10",113180643,113180893,"Distal Intergenic",230393,0.463157705505212,0.000580352832442037,0.0026778169717307,3.67251100522762,8.83772128101106e-08,1.2561014760592
"chr10_113241302_113242265","ENSG00000148737","TCF7L2","transcription factor 7 like 2","chr10",113241302,113242265,"Distal Intergenic",291052,0.744257025094612,2.46088827691706e-10,0.0026778169717307,3.67251100522762,3.49073896911582e-05,2.23136053599924
"chr10_113007175_113008030","ENSG00000148737","TCF7L2","transcription factor 7 like 2","chr10",113007175,113008030,"Intron",56925,0.563458254720937,1.35510710351153e-05,0.0026778169717307,3.67251100522762,3.6683989399982e-05,1.98400455653915
"chr12_111741051_111741970","ENSG00000111275","ALDH2","aldehyde dehydrogenase 2 family member","chr12",111741051,111741970,"Intron",-11920,0.566393921683226,1.18999040055792e-05,0.0026778169717307,1.84171820289515,3.93232591178773e-05,2.20236363744494
"chr10_113049894_113050249","ENSG00000148737","TCF7L2","transcription factor 7 like 2","chr10",113049894,113050249,"Intron",99644,0.517497886971486,8.75003438529972e-05,0.0026778169717307,3.67251100522762,7.39057518795547e-05,2.29324301129811
"chr10_113059994_113060976","ENSG00000148737","TCF7L2","transcription factor 7 like 2","chr10",113059994,113060976,"Intron",109744,0.692876428329313,1.18078756751411e-08,0.0026778169717307,3.67251100522762,0.000110973390167855,1.6417935824553
"chr10_112908620_112908844","ENSG00000148737","TCF7L2","transcription factor 7 like 2","chr10",112908620,112908844,"Distal Intergenic",-41406,0.408631925888696,0.00292944537657469,0.0026778169717307,3.67251100522762,0.00022334911145211,3.06579726094
"chr10_113050740_113051270","ENSG00000148737","TCF7L2","transcription factor 7 like 2","chr10",113050740,113051270,"Intron",100490,0.735248342327221,5.1096024515136e-10,0.0026778169717307,3.67251100522762,0.000913875000926864,1.60436657584799
"chr10_113120722_113121406","ENSG00000148737","TCF7L2","transcription factor 7 like 2","chr10",113120722,113121406,"Intron",170472,0.617103458881541,1.02414319934728e-06,0.0026778169717307,3.67251100522762,0.00240977413031089,1.57113847018466
"chr10_113216027_113216532","ENSG00000148737","TCF7L2","transcription factor 7 like 2","chr10",113216027,113216532,"Distal Intergenic",265777,0.596413312509399,2.91508602352585e-06,0.0026778169717307,3.67251100522762,0.00639792033704551,1.14036998910018
"chr10_113226256_113227196","ENSG00000148737","TCF7L2","transcription factor 7 like 2","chr10",113226256,113227196,"Distal Intergenic",276006,0.288715599611623,0.0440709023857382,0.0026778169717307,3.67251100522762,0.00681399731503095,1.16070578348792
"chr2_64699878_64700049","ENSG00000179833","SERTAD2","SERTA domain containing 2","chr2",64699878,64700049,"Intron",50956,0.41344243132671,0.00256058393574258,0.00270032398986059,0.921737493968209,0.000553422692968774,1.4772672313441
"chr4_17816984_17817625","ENSG00000109805","NCAPG","non-SMC condensin I complex subunit G","chr4",17816984,17817625,"3' UTR",6082,-0.501706455591014,0.000156977806128828,0.00277554986201067,4.1878767179886,8.46983179900292e-12,1.13215043837249
"chr11_68014457_68014988","ENSG00000006534","ALDH3B1","aldehyde dehydrogenase 3 family member B1","chr11",68014457,68014988,"5' UTR",5879,0.588441938064279,4.29092228691643e-06,0.00277554986201067,2.49327189351426,2.17735571347212e-09,1.59340891229918
"chr10_24556881_24557410","ENSG00000107863","ARHGAP21","Rho GTPase activating protein 21","chr10",24556881,24557410,"Distal Intergenic",166258,0.544684085330414,3.00697578110931e-05,0.00278433127076297,2.50880369948782,9.42838216779008e-06,1.92300645050436
"chr10_24762135_24762749","ENSG00000107863","ARHGAP21","Rho GTPase activating protein 21","chr10",24762135,24762749,"Distal Intergenic",-38467,0.306932429272855,0.0311895853657818,0.00278433127076297,2.50880369948782,1.71652277150704e-05,2.23443819922283
"chr21_46098623_46098692","ENSG00000142173","COL6A2","collagen type VI alpha 2 chain","chr21",46098623,46098692,"Promoter",526,0.407683848096687,0.00300436176850933,0.00278433127076297,3.71729037685135,0.000310687473979314,1.41473710904467
"chr10_24791191_24791768","ENSG00000107863","ARHGAP21","Rho GTPase activating protein 21","chr10",24791191,24791768,"Distal Intergenic",-67523,0.391139167188661,0.00466620360076872,0.00278433127076297,2.50880369948782,0.00220769118995079,1.95416900788631
"chr10_24622799_24623319","ENSG00000107863","ARHGAP21","Rho GTPase activating protein 21","chr10",24622799,24623319,"Exon",100349,0.552633118016855,2.15223153240493e-05,0.00278433127076297,2.50880369948782,0.00503134857028934,1.30768280458738
"chr2_54574414_54574999","ENSG00000115306","SPTBN1","spectrin beta, non-erythrocytic 1","chr2",54574414,54574999,"Intron",118129,-0.355639976621859,0.0111265096972709,0.00279165356419746,0.698919896718505,3.50373508913166e-15,1.09387000563072
"chr1_51501368_51501607","ENSG00000085832","EPS15","epidermal growth factor receptor pathway substrate 15","chr1",51501368,51501607,"Intron",17721,0.492285213325541,0.000218977375849212,0.00279165356419746,1.32763783219845,3.02356261515669e-05,1.27655575578745
"chr1_51433678_51434208","ENSG00000085832","EPS15","epidermal growth factor receptor pathway substrate 15","chr1",51433678,51434208,"Intron",85120,-0.377732320280538,0.00654547297365644,0.00279165356419746,1.32763783219845,0.00176128210102089,1.05027718979398
"chr4_102687491_102687821","ENSG00000109323","MANBA","mannosidase beta","chr4",102687491,102687821,"Intron",73173,0.541936993152012,3.36410325140086e-05,0.00279165356419746,0.78833889309884,0.00202713557757372,1.1156357895315
"chr6_135449233_135449674","ENSG00000135541","AHI1","Abelson helper integration site 1","chr6",135449233,135449674,"Intron",48102,-0.606815127578105,1.74164574225884e-06,0.00280845345946951,2.30115004978706,0.00149492670671979,1.16887034143551
"chr19_18665590_18666732","ENSG00000105662","CRTC1","CREB regulated transcription coactivator 1","chr19",18665590,18666732,"Intron",-16945,0.459088252483928,0.000662472090159611,0.0028742657203881,1.07130073609955,0.00237966599864603,1.43345834964941
"chr20_2758806_2760206","ENSG00000088882","CPXM1","carboxypeptidase X, M14 family member 1","chr20",2758806,2760206,"3' UTR",40431,0.545668289023275,2.8850532054165e-05,0.0029261066985302,4.62833043494718,0.000328385423455853,1.20265326080942
"chr5_40490493_40490732","ENSG00000171522","PTGER4","prostaglandin E receptor 4","chr5",40490493,40490732,"Distal Intergenic",-188766,0.37948568088837,0.00626882667204189,0.00293079011353271,1.56976782896439,1.54237827333223e-09,2.18528043638264
"chr5_40453559_40454173","ENSG00000171522","PTGER4","prostaglandin E receptor 4","chr5",40453559,40454173,"Distal Intergenic",-225325,-0.38258887480523,0.00581818093467935,0.00293079011353271,1.56976782896439,5.48030724836791e-06,1.88954481415926
"chr16_58814419_58815072","ENSG00000125166","GOT2","glutamic-oxaloacetic transaminase 2","chr16",58814419,58815072,"Intron",-80062,0.459562530185383,0.000652754185729859,0.00301113239304899,1.83297028900748,6.52011976306421e-11,1.93702358718504
"chr16_59259279_59260347","ENSG00000125166","GOT2","glutamic-oxaloacetic transaminase 2","chr16",59259279,59260347,"Distal Intergenic",-524922,0.453951694257901,0.000777986316564486,0.00301113239304899,1.83297028900748,1.92490328729269e-07,2.16305371993818
"chr16_59042192_59042687","ENSG00000125166","GOT2","glutamic-oxaloacetic transaminase 2","chr16",59042192,59042687,"Intron",-307835,0.389980091917706,0.00480468640540328,0.00301113239304899,1.83297028900748,2.44179715149977e-07,2.72915883768404
"chr16_59214017_59214414","ENSG00000125166","GOT2","glutamic-oxaloacetic transaminase 2","chr16",59214017,59214414,"Distal Intergenic",-479660,0.578290236863877,6.94900984251869e-06,0.00301113239304899,1.83297028900748,2.26394891871492e-06,2.86733223427072
"chr16_58859801_58860376","ENSG00000125166","GOT2","glutamic-oxaloacetic transaminase 2","chr16",58859801,58860376,"Intron",-125444,0.382506794470908,0.00582860604088189,0.00301113239304899,1.83297028900748,5.34021406246054e-06,2.51199189895921
"chr16_59079743_59079919","ENSG00000125166","GOT2","glutamic-oxaloacetic transaminase 2","chr16",59079743,59079919,"Intron",-345386,0.382562547292485,0.00582118661063608,0.00301113239304899,1.83297028900748,1.0761026693412e-05,3.10412963846156
"chr16_58850656_58850983","ENSG00000125166","GOT2","glutamic-oxaloacetic transaminase 2","chr16",58850656,58850983,"Intron",-116299,0.310553975034156,0.0290672860704702,0.00301113239304899,1.83297028900748,0.000126881677370132,3.50848297765753
"chr16_59039212_59039613","ENSG00000125166","GOT2","glutamic-oxaloacetic transaminase 2","chr16",59039212,59039613,"Intron",-304855,0.286828954674304,0.0456956784771506,0.00301113239304899,1.83297028900748,0.000384528880270653,2.20925415105242
"chr16_59048852_59049221","ENSG00000125166","GOT2","glutamic-oxaloacetic transaminase 2","chr16",59048852,59049221,"Intron",-314495,0.396066994959075,0.0041001573921512,0.00301113239304899,1.83297028900748,0.000920049406239834,2.8013776765424
"chr16_59067263_59067669","ENSG00000125166","GOT2","glutamic-oxaloacetic transaminase 2","chr16",59067263,59067669,"Intron",-332906,0.599745759061085,2.48009591796043e-06,0.00301113239304899,1.83297028900748,0.00134012528423255,1.2863475505438
"chr14_52020973_52021414","ENSG00000087302","RTRAF","RNA transcription, translation and transport factor","chr14",52020973,52021414,"Intron",31498,0.42635885447107,0.0017868957170989,0.00301974979908867,0.865503633077327,6.33075572575185e-12,2.18547204574447
"chr14_52014207_52014999","ENSG00000087302","RTRAF","RNA transcription, translation and transport factor","chr14",52014207,52014999,"Exon",24732,0.449210987726476,0.000904597386072917,0.00301974979908867,0.865503633077327,0.00130850722968863,1.23890433615541
"chr14_52018432_52018766","ENSG00000087302","RTRAF","RNA transcription, translation and transport factor","chr14",52018432,52018766,"Intron",28957,0.396107312617686,0.0040971885461932,0.00301974979908867,0.865503633077327,0.00203161625352577,2.10763192978747
"chr1_12178982_12179685","ENSG00000028137","TNFRSF1B","TNF receptor superfamily member 1B","chr1",12178982,12179685,"Intron",11979,-0.537872589129164,3.9787643581972e-05,0.00302952210094172,1.42096985790382,6.80955137110979e-06,1.00029705634597
"chr20_3802675_3803200","ENSG00000275491","LINC01730","long intergenic non-protein coding RNA 1730","chr20",3802675,3803200,"Exon",-5157,0.5786862968221,6.81569731071441e-06,0.00302952210094172,4.38618100445843,0.00058818658582747,1.90118459783735
"chr16_67504463_67504646","ENSG00000039523","RIPOR1","RHO family interacting cell polarization regulator 1","chr16",67504463,67504646,"Exon",-13772,0.360666277030976,0.00990805668600955,0.00307593971596971,0.674807078443336,0.00498514946096572,1.70284575521836
"chr16_17396835_17397268","ENSG00000103489","XYLT1","xylosyltransferase 1","chr16",17396835,17397268,"Intron",73613,-0.347866744593805,0.0132568827864236,0.00319074041263852,1.36473661773967,9.07243683401973e-05,1.35405892258306
"chr6_47203303_47204129","ENSG00000146072","TNFRSF21","TNF receptor superfamily member 21","chr6",47203303,47204129,"Distal Intergenic",105776,-0.356440830855547,0.0109186408460452,0.0032102824184237,3.74573526202617,3.7848755772894e-05,1.05522236177831
"chr6_47252499_47253144","ENSG00000146072","TNFRSF21","TNF receptor superfamily member 21","chr6",47252499,47253144,"Intron",56761,0.74238990395012,2.88252073464056e-10,0.0032102824184237,3.74573526202617,8.07172292817075e-05,1.29884014547262
"chr6_47358418_47358689","ENSG00000146072","TNFRSF21","TNF receptor superfamily member 21","chr6",47358418,47358689,"Distal Intergenic",-48513,-0.558586306756029,1.6719808828338e-05,0.0032102824184237,3.74573526202617,0.000295986520901042,1.60352957949684
"chr6_47266624_47266860","ENSG00000146072","TNFRSF21","TNF receptor superfamily member 21","chr6",47266624,47266860,"Intron",43045,0.290256445232746,0.042872001151534,0.0032102824184237,3.74573526202617,0.00418513352179981,2.77882955925689
"chr13_76813805_76814453","ENSG00000178695","KCTD12","potassium channel tetramerization domain containing 12","chr13",76813805,76814453,"Distal Intergenic",71947,0.326618366760123,0.0209567442047702,0.00322776980778123,3.53192665680973,1.52607687535031e-09,2.52156522700973
"chr13_76460954_76462228","ENSG00000178695","KCTD12","potassium channel tetramerization domain containing 12","chr13",76460954,76462228,"Distal Intergenic",424172,0.30967491106793,0.0295809254428704,0.00322776980778123,3.53192665680973,3.9443221581734e-07,1.99160079184776
"chr13_76894181_76895026","ENSG00000178695","KCTD12","potassium channel tetramerization domain containing 12","chr13",76894181,76895026,"Distal Intergenic",-7781,0.406783183134954,0.00308112643794438,0.00322776980778123,3.53192665680973,1.7735153394263e-06,1.58185372989387
"chr13_76592190_76592767","ENSG00000178695","KCTD12","potassium channel tetramerization domain containing 12","chr13",76592190,76592767,"Distal Intergenic",293633,0.295284762762923,0.0389906956000842,0.00322776980778123,3.53192665680973,8.50553025028288e-05,2.21779186619468
"chr13_76440446_76441056","ENSG00000178695","KCTD12","potassium channel tetramerization domain containing 12","chr13",76440446,76441056,"Distal Intergenic",445344,0.304568419371582,0.0326701367427494,0.00322776980778123,3.53192665680973,0.000189441383434059,1.11970768214112
"chr13_76455950_76456571","ENSG00000178695","KCTD12","potassium channel tetramerization domain containing 12","chr13",76455950,76456571,"Distal Intergenic",429829,0.333708605783834,0.0180177251298359,0.00322776980778123,3.53192665680973,0.000429231921559214,1.99546817168758
"chr13_76503783_76504124","ENSG00000178695","KCTD12","potassium channel tetramerization domain containing 12","chr13",76503783,76504124,"Distal Intergenic",382276,0.338211464391624,0.0163330123704197,0.00322776980778123,3.53192665680973,0.000985957636756147,1.81983097656551
"chr17_79866891_79867372","ENSG00000141582","CBX4","chromobox 4","chr17",79866891,79867372,"Distal Intergenic",-27462,0.305961426066628,0.0317959387228035,0.00324290957831526,0.794094078390942,0.00907466409613809,1.1121623639288
"chr9_37151832_37152125","ENSG00000147905","ZCCHC7","zinc finger CCHC-type containing 7","chr9",37151832,37152125,"Intron",31293,-0.401402897753829,0.00355907421893408,0.00328762954380283,1.04196638306494,8.579432250585e-05,2.03094820432631
"chr9_37163172_37163799","ENSG00000147905","ZCCHC7","zinc finger CCHC-type containing 7","chr9",37163172,37163799,"Intron",42633,0.404155525401491,0.00330729952508638,0.00328762954380283,1.04196638306494,0.00034571441236582,1.06410985241246
"chr3_195939911_195940183","ENSG00000061938","TNK2","tyrosine kinase non receptor 2","chr3",195939911,195940183,"Distal Intergenic",-27966,0.333528422548958,0.0180849756535898,0.00328762954380283,1.02288003702288,0.0053927506279249,2.04254195993319
"chr20_57748475_57749607","ENSG00000124225","PMEPA1","prostate transmembrane protein, androgen induced 1","chr20",57748475,57749607,"Distal Intergenic",-36939,-0.52139861780285,7.56511577109474e-05,0.0035848974153201,2.3682701197177,3.5825145371009e-16,1.28770826489926
"chr20_57791946_57792352","ENSG00000124225","PMEPA1","prostate transmembrane protein, androgen induced 1","chr20",57791946,57792352,"Distal Intergenic",-80410,-0.437992255845701,0.0012694956620684,0.0035848974153201,2.3682701197177,0.00806536409971919,1.89189806416247
"chr20_57762279_57762918","ENSG00000124225","PMEPA1","prostate transmembrane protein, androgen induced 1","chr20",57762279,57762918,"Distal Intergenic",-50743,-0.464179780584041,0.000561906510486164,0.0035848974153201,2.3682701197177,0.00916173035221529,1.77629937357017
"chr11_118226332_118226573","ENSG00000160593","JAML","junction adhesion molecule like","chr11",118226332,118226573,"Downstream (<1kb)",-1238,0.474342489772063,0.000402972162038919,0.00358745870239431,2.01536836324809,0.00637203004794013,1.24636723031158
"chr8_133118924_133120085","ENSG00000155926","SLA","Src like adaptor","chr8",133118924,133120085,"Intron",-15870,-0.513325540619521,0.000102250997269609,0.00366769406906597,1.05094837278768,0.000875538610519387,1.16530714827167
"chr8_133123037_133123225","ENSG00000155926","SLA","Src like adaptor","chr8",133123037,133123225,"Intron",-19983,-0.480491017844252,0.000328415166595467,0.00366769406906597,1.05094837278768,0.0032571240432594,2.03324171487927
"chr10_95263109_95263266","ENSG00000107438","PDLIM1","PDZ and LIM domain 1","chr10",95263109,95263266,"Intron",27758,0.656808883693746,1.14733533756087e-07,0.00373718059854736,0.765176103599052,2.07233206833265e-33,2.0842616272718
"chr10_95412589_95413791","ENSG00000107438","PDLIM1","PDZ and LIM domain 1","chr10",95412589,95413791,"Exon",-121565,-0.311104617182934,0.0287423992434748,0.00373718059854736,0.765176103599052,0.00239116473795357,1.87812232636931
"chr10_95360439_95360619","ENSG00000107438","PDLIM1","PDZ and LIM domain 1","chr10",95360439,95360619,"Intron",-69415,0.506312098188194,0.000132583293623588,0.00373718059854736,0.765176103599052,0.00327682422958,1.00171095385042
"chr10_95245471_95245889","ENSG00000107438","PDLIM1","PDZ and LIM domain 1","chr10",95245471,95245889,"Intron",45135,0.602454704850964,2.16982746105966e-06,0.00373718059854736,0.765176103599052,0.00397341151751803,1.49055101981563
"chr21_26177989_26178296","ENSG00000142192","APP","amyloid beta precursor protein","chr21",26177989,26178296,"Intron",-6861,-0.553769725306838,2.05124948248817e-05,0.00387664459736618,1.15708475641241,0.000900115247377689,1.09042658400672
"chrX_134990860_134991456","ENSG00000184785","SMIM10","small integral membrane protein 10","chrX",134990860,134991456,"Promoter",0,0.731558505509208,6.9393968424753e-10,0.00392078534074854,3.3671766543223,9.98566982748899e-10,1.12357512792466
"chr17_75096060_75096578","ENSG00000170190","SLC16A5","solute carrier family 16 member 5","chr17",75096060,75096578,"Intron",8333,0.559198962167695,1.62944286547319e-05,0.00393495688041654,2.9792424324031,0.00713220978514584,1.37699657249468
"chr21_25845524_25846052","ENSG00000154723","ATP5PF","ATP synthase peripheral stalk subunit F6","chr21",25845524,25846052,"Distal Intergenic",-109851,-0.518936294564582,8.30172771280238e-05,0.00399066508462494,1.19448988213495,6.88956066478801e-05,1.4561167962614
"chr21_25818158_25819152","ENSG00000154723","ATP5PF","ATP synthase peripheral stalk subunit F6","chr21",25818158,25819152,"Distal Intergenic",-82485,0.442957334891876,0.00109306026028019,0.00399066508462494,1.19448988213495,0.000565571858665178,1.26651220610954
"chr5_159304628_159305692","ENSG00000249738","LOC285626","uncharacterized LOC285626","chr5",159304628,159305692,"Distal Intergenic",-5241,0.503800157833417,0.000145187769474897,0.00403900876014615,3.89490947350994,1.95287990721401e-08,1.61245264979911
"chr1_48572726_48573087","ENSG00000132122","SPATA6","spermatogenesis associated 6","chr1",48572726,48573087,"Intron",-100518,0.31252975609509,0.0279717102938462,0.00405585605584865,3.55352305936029,3.37479458820529e-06,1.73897399467993
"chr5_109164124_109164471","ENSG00000198961","PJA2","praja ring finger ubiquitin ligase 2","chr5",109164124,109164471,"Intron",245523,0.415254237288136,0.00243665687038832,0.00407290010145536,1.14783062489317,1.31072794978691e-14,1.61650567583588
"chr5_109352062_109352671","ENSG00000198961","PJA2","praja ring finger ubiquitin ligase 2","chr5",109352062,109352671,"Intron",57323,-0.30146113383986,0.0347050189664277,0.00407290010145536,1.14783062489317,8.88434331360536e-09,1.21516374894173
"chr11_47514741_47515550","ENSG00000213619","NDUFS3","NADH:ubiquinone oxidoreductase core subunit S3","chr11",47514741,47515550,"Exon",-49786,0.416540035067212,0.00235156667808123,0.00407290010145536,0.59188389832236,5.74677559123989e-07,1.17980785247876
"chr11_47513166_47513580","ENSG00000213619","NDUFS3","NADH:ubiquinone oxidoreductase core subunit S3","chr11",47513166,47513580,"Intron",-51756,-0.690338419555481,1.39453215358853e-08,0.00407290010145536,0.59188389832236,0.000133954795354679,1.72024357392441
"chr5_109506702_109507127","ENSG00000198961","PJA2","praja ring finger ubiquitin ligase 2","chr5",109506702,109507127,"Distal Intergenic",-96708,0.290999415546464,0.0423030660634142,0.00407290010145536,1.14783062489317,0.00265134705090111,1.57048524581894
"chr10_80473395_80473932","ENSG00000108219","TSPAN14","tetraspanin 14","chr10",80473395,80473932,"Intron",19229,0.751081239041496,1.38677766161378e-10,0.00412678938821562,0.68187445364737,7.71306753205369e-13,1.98980546222274
"chr10_80461480_80461815","ENSG00000108219","TSPAN14","tetraspanin 14","chr10",80461480,80461815,"Intron",7314,0.752542372881356,1.22967712516445e-10,0.00412678938821562,0.68187445364737,9.76764921103203e-08,1.11766152390467
"chr17_3796460_3796778","ENSG00000083457","ITGAE","integrin subunit alpha E","chr17",3796460,3796778,"Intron",4465,-0.299357101110462,0.0361272315411164,0.00415614938275281,1.01779904529026,0.00212619201671035,1.38413122658554
"chr19_5126978_5127164","ENSG00000127663","KDM4B","lysine demethylase 4B","chr19",5126978,5127164,"Intron",157865,0.780011689070719,1.0634656380784e-11,0.00416609483804839,0.983305402923234,3.19293480431157e-13,1.30621270848172
"chr19_5130361_5131305","ENSG00000127663","KDM4B","lysine demethylase 4B","chr19",5130361,5131305,"Exon",161248,0.759672706019872,6.62094841166454e-11,0.00416609483804839,0.983305402923234,6.05927343830874e-13,1.16445258225382
"chr19_5131656_5132236","ENSG00000127663","KDM4B","lysine demethylase 4B","chr19",5131656,5132236,"Exon",162543,0.772180011689071,2.18619396018133e-11,0.00416609483804839,0.983305402923234,1.00682712399332e-08,1.01846203951097
"chr19_5143430_5143680","ENSG00000127663","KDM4B","lysine demethylase 4B","chr19",5143430,5143680,"Intron",174317,0.385680888369375,0.00537692954986979,0.00416609483804839,0.983305402923234,1.3682580265313e-06,1.38487782397654
"chr11_75492270_75492522","ENSG00000158555","GDPD5","glycerophosphodiester phosphodiesterase domain containing 5","chr11",75492270,75492522,"Exon",33381,0.312757565812125,0.0278451447000943,0.00428288455014256,3.32135914426302,3.60411413384916e-09,1.09443171544161
"chr16_1458777_1459498","ENSG00000197599","CCDC154","coiled-coil domain containing 154","chr16",1458777,1459498,"Exon",-14221,0.493103448275862,0.000213075999059581,0.00455988062522232,1.80701609963274,6.17765957037037e-08,1.06662266485344
"chr10_122326534_122326922","ENSG00000107679","PLEKHA1","pleckstrin homology domain containing A1","chr10",122326534,122326922,"Intron",-47774,0.637171244886032,3.5474167625336e-07,0.00456151131674851,0.952526346830363,1.68989228372481e-19,2.15272283166605
"chr10_122328779_122329029","ENSG00000107679","PLEKHA1","pleckstrin homology domain containing A1","chr10",122328779,122329029,"Intron",-45667,0.542431326709527,3.29670857790518e-05,0.00456151131674851,0.952526346830363,5.57908864571301e-07,1.97387139164636
"chr4_169771020_169771160","ENSG00000056050","HPF1","histone PARylation factor 1","chr4",169771020,169771160,"Distal Intergenic",-13067,0.546931618936295,2.73853204663604e-05,0.00469266955434638,1.03747533928703,0.00333769705789084,1.62636833345954
"chr4_169823654_169824136","ENSG00000056050","HPF1","histone PARylation factor 1","chr4",169823654,169824136,"Distal Intergenic",-65701,0.57270601987142,8.99735636491534e-06,0.00469266955434638,1.03747533928703,0.00495401856352775,1.39666539172202
"chr2_97957923_97958377","ENSG00000075568","TMEM131","transmembrane protein 131","chr2",97957923,97958377,"Intron",37514,0.480771478667446,0.000325448441306559,0.00477956069644537,0.68398483158325,0.000165647757214452,1.07804668079316
"chr6_36365057_36365240","ENSG00000010030","ETV7","ETS variant 7","chr6",36365057,36365240,"Intron",22560,-0.298106162209362,0.037005869527109,0.00477956069644537,5.40908410068168,0.000528215906248172,1.24576521902925
"chr2_97900527_97901028","ENSG00000075568","TMEM131","transmembrane protein 131","chr2",97900527,97901028,"Intron",94863,0.523350284370483,7.00324438891106e-05,0.00477956069644537,0.68398483158325,0.00124686123053906,1.50930924466775
"chr9_134909702_134910411","ENSG00000085265","FCN1","ficolin 1","chr9",134909702,134910411,"3' UTR",7552,-0.502688486265342,0.000151488642659747,0.00484973187214758,3.00531910873175,0.000260707461789714,1.54174398244974
"chr6_39313567_39315083","ENSG00000124780","KCNK17","potassium two pore domain channel subfamily K member 17","chr6",39313567,39315083,"Promoter",0,0.840803468565898,1.05486078958202e-14,0.00491248265863109,4.74816687531492,3.5718241532078e-31,2.01624457727077
"chr17_32927604_32928634","ENSG00000006042","TMEM98","transmembrane protein 98","chr17",32927604,32928634,"Promoter",0,0.700095388126862,7.16503492006634e-09,0.00492216183975215,3.42760870356297,0.00013085758088987,1.56619494170442
"chr17_32936887_32937421","ENSG00000006042","TMEM98","transmembrane protein 98","chr17",32936887,32937421,"Intron",8977,0.717403141036165,2.05966329442706e-09,0.00492216183975215,3.42760870356297,0.00733064529966015,1.22275819935315
"chr6_158271205_158271395","ENSG00000130338","TULP4","tubby like protein 4","chr6",158271205,158271395,"Intron",-41093,0.42729398012858,0.00174004357225812,0.00508562571400994,1.43204260545431,5.07284055791426e-17,2.58734613996117
"chr6_158387129_158387290","ENSG00000130338","TULP4","tubby like protein 4","chr6",158387129,158387290,"Intron",74641,0.628813559322034,5.54930151239434e-07,0.00508562571400994,1.43204260545431,9.21392338075777e-05,1.08990676010411
"chr6_158399223_158399586","ENSG00000130338","TULP4","tubby like protein 4","chr6",158399223,158399586,"Intron",86735,0.393220338983051,0.00441324383416371,0.00508562571400994,1.43204260545431,0.00387100062086677,1.05498663011402
"chr21_36267877_36268197","ENSG00000159256","MORC3","MORC family CW-type zinc finger 3","chr21",36267877,36268197,"Intron",-51992,0.584745762711865,5.1230944876042e-06,0.00511355652416223,1.21992785786712,1.85400291885086e-08,1.55900449388885
"chr21_36255562_36256091","ENSG00000159256","MORC3","MORC family CW-type zinc finger 3","chr21",36255562,36256091,"Intron",-64098,0.767153711279953,3.41595775551171e-11,0.00511355652416223,1.21992785786712,0.00926382922551723,1.19851101472596
"chr2_172513926_172514208","ENSG00000152256","PDK1","pyruvate dehydrogenase kinase 1","chr2",172513926,172514208,"Intron",-41165,0.513559322033898,0.000101362992114885,0.00522028569819718,1.54063695070791,1.14262589590247e-29,2.16144012326123
"chr2_172496019_172496570","ENSG00000152256","PDK1","pyruvate dehydrogenase kinase 1","chr2",172496019,172496570,"Intron",-58803,0.39281122150789,0.0044584282672768,0.00522028569819718,1.54063695070791,3.68859607869884e-17,1.60815594615277
"chr2_172509922_172511055","ENSG00000152256","PDK1","pyruvate dehydrogenase kinase 1","chr2",172509922,172511055,"Intron",-44318,0.463413208649912,0.000575574675462934,0.00522028569819718,1.54063695070791,6.27456069753613e-13,1.23953553096508
"chr2_172509641_172509774","ENSG00000152256","PDK1","pyruvate dehydrogenase kinase 1","chr2",172509641,172509774,"Exon",-45599,0.364289888953828,0.00908502766525692,0.00522028569819718,1.54063695070791,1.02491097730112e-08,1.48789401556923
"chr20_36838388_36838695","ENSG00000149639","SOGA1","suppressor of glucose, autophagy associated 1","chr20",36838388,36838695,"Intron",24991,0.31344243132671,0.0274773036564205,0.00523773099617493,1.09938297327355,2.33109110025004e-10,1.06275194123495
"chr9_136655708_136657386","ENSG00000172889","EGFL7","EGF like domain multiple 7","chr9",136655708,136657386,"Intron",-1470,0.820522899529657,1.37710400859448e-13,0.00542927852179716,4.05438124453912,8.44692638332895e-10,1.33974844493154
"chr9_136657675_136658339","ENSG00000172889","EGFL7","EGF like domain multiple 7","chr9",136657675,136658339,"Promoter",-517,0.491854804676646,0.00022226696975055,0.00542927852179716,4.05438124453912,2.63118041200213e-06,1.43068540778406
"chr15_40073924_40074340","ENSG00000104081","BMF","Bcl2 modifying factor","chr15",40073924,40074340,"Distal Intergenic",34552,-0.362244301578025,0.00955065310611812,0.00564183792131949,1.20529441342347,5.13444630689489e-21,1.67243698712909
"chr21_44089246_44089785","ENSG00000160218","TRAPPC10","trafficking protein particle complex 10","chr21",44089246,44089785,"Exon",76927,0.678842781998831,2.96432490748075e-08,0.00565642477157972,1.16101401124571,1.07487531386452e-07,1.29330592439514
"chrX_13758954_13759671","ENSG00000046651","OFD1","OFD1, centriole and centriolar satellite protein","chrX",13758954,13759671,"Intron",24209,0.567095265926359,1.15830228894814e-05,0.00565642477157972,0.613562784157496,1.39577475680002e-07,1.04738830894634
"chr21_43957220_43958079","ENSG00000160218","TRAPPC10","trafficking protein particle complex 10","chr21",43957220,43958079,"Intron",-54240,0.283284628872005,0.0486952517207798,0.00565642477157972,1.16101401124571,2.8676944342781e-07,1.6996310994583
"chr8_60774284_60774435","ENSG00000171316","CHD7","chromodomain helicase DNA binding protein 7","chr8",60774284,60774435,"Intron",95506,0.72534665914609,1.11219825167476e-09,0.00565642477157972,1.17558685277291,0.000115596160485305,1.49286624155413
"chr8_60818598_60818754","ENSG00000171316","CHD7","chromodomain helicase DNA binding protein 7","chr8",60818598,60818754,"Intron",139820,0.607364114552893,1.69207582086992e-06,0.00565642477157972,1.17558685277291,0.0016726700822738,1.08886139891605
"chr8_60619749_60620034","ENSG00000171316","CHD7","chromodomain helicase DNA binding protein 7","chr8",60619749,60620034,"Intron",-58744,0.417650496785506,0.00227666135662351,0.00565642477157972,1.17558685277291,0.00215035601251765,1.27469495445567
"chr21_43948830_43948997","ENSG00000160218","TRAPPC10","trafficking protein particle complex 10","chr21",43948830,43948997,"Intron",-63322,0.505881149690905,0.000134749660073056,0.00565642477157972,1.16101401124571,0.00310407404545293,1.33067896689598
"chr12_130879070_130879663","ENSG00000132341","RAN","RAN, member RAS oncogene family","chr12",130879070,130879663,"Distal Intergenic",7191,-0.517124488603156,8.87655418819447e-05,0.00565823442707285,0.972782431645964,4.11421993370551e-19,1.67318782048055
"chr13_113854233_113855410","ENSG00000183087","GAS6","growth arrest specific 6","chr13",113854233,113855410,"Intron",8657,0.441988162452823,0.00112779521595966,0.00572222679266151,6.05477653660585,0.000331232992063766,1.15507535535717
"chr13_113841263_113841588","ENSG00000183087","GAS6","growth arrest specific 6","chr13",113841263,113841588,"Exon",22479,0.400436267493339,0.00365084674570863,0.00572222679266151,6.05477653660585,0.000406954480749824,1.45480135913407
"chr13_113843804_113844332","ENSG00000183087","GAS6","growth arrest specific 6","chr13",113843804,113844332,"Exon",19735,0.318226707738491,0.0249378056325164,0.00572222679266151,6.05477653660585,0.00202851389869698,1.23402744681761
"chr13_113847036_113847091","ENSG00000183087","GAS6","growth arrest specific 6","chr13",113847036,113847091,"Intron",16976,0.293816272060461,0.0400947093537877,0.00572222679266151,6.05477653660585,0.00881876268884432,1.9770928861977
"chr2_3329192_3329258","ENSG00000032389","EIPR1","EARP complex and GARP complex interacting protein 1","chr2",3329192,3329258,"Intron",48624,0.625073730156969,6.74305476975132e-07,0.00595654049309733,0.607861444508632,0.000229981754911467,2.29705939838841
"chr2_3419974_3420553","ENSG00000032389","EIPR1","EARP complex and GARP complex interacting protein 1","chr2",3419974,3420553,"Intron",-42092,0.544418468731736,3.04262416003796e-05,0.00595654049309733,0.607861444508632,0.000406577820455713,1.58804722667402
"chr2_3290609_3290964","ENSG00000032389","EIPR1","EARP complex and GARP complex interacting protein 1","chr2",3290609,3290964,"Intron",86918,0.383895956166925,0.00562626876409278,0.00595654049309733,0.607861444508632,0.00330673691494937,2.84866669065032
"chr2_3257261_3257795","ENSG00000032389","EIPR1","EARP complex and GARP complex interacting protein 1","chr2",3257261,3257795,"3' UTR",120087,0.596998787304922,2.83740720652358e-06,0.00595654049309733,0.607861444508632,0.00499465179224276,1.40407117573025
"chr15_38558523_38558590","ENSG00000172575","RASGRP1","RAS guanyl releasing protein 1","chr15",38558523,38558590,"Intron",6985,0.514611338398597,9.72791320581952e-05,0.00598486398310072,1.97207797088545,1.57878216610436e-17,2.01133727786149
"chr15_38610516_38611356","ENSG00000172575","RASGRP1","RAS guanyl releasing protein 1","chr15",38610516,38611356,"Distal Intergenic",-44941,0.585388661601403,4.96280836369653e-06,0.00598486398310072,1.97207797088545,0.000375185731526219,1.17286119605386
"chr10_6578655_6578775","ENSG00000065675","PRKCQ","protein kinase C theta","chr10",6578655,6578775,"Intron",1526,0.477706335676993,0.00036001907439073,0.00601622701682479,3.38516261929507,5.448890938255e-05,1.41999361341942
"chr16_10821182_10821674","ENSG00000166676","TVP23A","trans-golgi network vesicle protein 23 homolog A","chr16",10821182,10821674,"Distal Intergenic",-2388,0.360675872081804,0.00990759614633116,0.00621088172471767,3.65231783450813,2.77182929239449e-07,1.45455508409126
"chr6_18343054_18343340","ENSG00000137393","RNF144B","ring finger protein 144B","chr6",18343054,18343340,"Distal Intergenic",-44010,0.600564005967177,2.38147279648959e-06,0.00622187437805523,1.26107494713617,8.94684261718454e-08,1.55713218076197
"chr6_18359185_18360520","ENSG00000137393","RNF144B","ring finger protein 144B","chr6",18359185,18360520,"Distal Intergenic",-26830,0.578784336645237,6.78457862273561e-06,0.00622187437805523,1.26107494713617,3.95158928537788e-05,1.23103476686425
"chr6_18330360_18331243","ENSG00000137393","RNF144B","ring finger protein 144B","chr6",18330360,18331243,"Distal Intergenic",-56107,0.532670952659264,4.8945458430227e-05,0.00622187437805523,1.26107494713617,4.60741125430436e-05,1.24218097449442
"chr6_18350762_18351164","ENSG00000137393","RNF144B","ring finger protein 144B","chr6",18350762,18351164,"Distal Intergenic",-36186,0.303623611922852,0.033269692650113,0.00622187437805523,1.26107494713617,0.000231696471725545,1.33584223619025
"chr6_18392447_18392710","ENSG00000137393","RNF144B","ring finger protein 144B","chr6",18392447,18392710,"Intron",5097,0.324079485680888,0.0221008882809787,0.00622187437805523,1.26107494713617,0.00180728989684577,1.04663999987446
"chrX_118724330_118724681","ENSG00000131724","IL13RA1","interleukin 13 receptor subunit alpha 1","chrX",118724330,118724681,"Distal Intergenic",-2891,0.694848847009466,1.03191562937188e-08,0.00623074327480826,3.13176538402507,6.46138226930535e-08,1.32904441768678
"chr4_11416275_11416505","ENSG00000002587","HS3ST1","heparan sulfate-glucosamine 3-sulfotransferase 1","chr4",11416275,11416505,"Intron",13260,0.67562828755114,3.64801538596098e-08,0.00623074327480826,1.7371934330052,9.8075091650279e-07,1.348051787244
"chr4_11437564_11437580","ENSG00000002587","HS3ST1","heparan sulfate-glucosamine 3-sulfotransferase 1","chr4",11437564,11437580,"Distal Intergenic",-7799,0.57119526048402,9.63381321489838e-06,0.00623074327480826,1.7371934330052,1.6870449838124e-05,1.68422598255448
"chr4_11537841_11538113","ENSG00000002587","HS3ST1","heparan sulfate-glucosamine 3-sulfotransferase 1","chr4",11537841,11538113,"Distal Intergenic",-108076,0.764874342489772,4.21993417943237e-11,0.00623074327480826,1.7371934330052,8.80532268667064e-05,1.36315614657346
"chr4_11435865_11437418","ENSG00000002587","HS3ST1","heparan sulfate-glucosamine 3-sulfotransferase 1","chr4",11435865,11437418,"Distal Intergenic",-6100,0.608007013442431,1.63596864961589e-06,0.00623074327480826,1.7371934330052,9.05578021226428e-05,1.19215782479872
"chr5_181287292_181287872","ENSG00000248275","TRIM52-AS1","TRIM52 antisense RNA 1 (head to head)","chr5",181287292,181287872,"Distal Intergenic",26080,0.404734073641146,0.00325616938892128,0.00625246443677057,0.903520512214675,1.03248476432751e-07,1.92446407930428
"chr1_165862195_165863118","ENSG00000143183","TMCO1","transmembrane and coiled-coil domains 1","chr1",165862195,165863118,"Intron",-34440,0.438515488018703,0.00125094710166451,0.0064394403430513,1.04338075984115,5.7697966883894e-09,1.09594422867572
"chr1_165876012_165876316","ENSG00000143183","TMCO1","transmembrane and coiled-coil domains 1","chr1",165876012,165876316,"Intron",-48257,0.466861484511981,0.00051539397725581,0.0064394403430513,1.04338075984115,0.000195066627594918,1.1794856905527
"chr1_165842618_165843153","ENSG00000143183","TMCO1","transmembrane and coiled-coil domains 1","chr1",165842618,165843153,"Intron",-14863,0.548626534190532,2.55134578534502e-05,0.0064394403430513,1.04338075984115,0.000880649739486226,1.15213290204126
"chr1_165903734_165903924","ENSG00000143183","TMCO1","transmembrane and coiled-coil domains 1","chr1",165903734,165903924,"Intron",-75979,0.38907473559675,0.00492153680705757,0.0064394403430513,1.04338075984115,0.00258901625777431,2.28762467264614
"chr3_100317851_100318380","ENSG00000114021","NIT2","nitrilase family member 2","chr3",100317851,100318380,"Intron",-16321,0.65073056691993,1.65638600263534e-07,0.00653590228629672,0.996035531705978,0.000184290676196735,1.25049068114435
"chr8_38734810_38735025","ENSG00000147526","TACC1","transforming acidic coiled-coil containing protein 1","chr8",38734810,38735025,"Intron",6624,-0.42808924740466,0.0017010429531508,0.00658889145434854,0.909619360708964,0.000149915792164724,1.48600124877192
"chr8_38728428_38728626","ENSG00000147526","TACC1","transforming acidic coiled-coil containing protein 1","chr8",38728428,38728626,"Promoter",242,-0.610614297612066,1.43001844084949e-06,0.00658889145434854,0.909619360708964,0.00642176206656163,1.67675129801155
"chr15_90516553_90516739","ENSG00000140577","CRTC3","CREB regulated transcription coactivator 3","chr15",90516553,90516739,"Distal Intergenic",-13186,0.608591466978375,1.58766245899526e-06,0.00668448058671928,0.718263966958757,2.84643449760299e-12,1.65841554534866
"chr15_90480944_90481377","ENSG00000140577","CRTC3","CREB regulated transcription coactivator 3","chr15",90480944,90481377,"Intron",-48548,0.385797779076563,0.00536166562723338,0.00668448058671928,0.718263966958757,2.7123901895719e-11,1.95192248423933
"chr15_90478689_90479337","ENSG00000140577","CRTC3","CREB regulated transcription coactivator 3","chr15",90478689,90479337,"Intron",-50588,0.626709526592636,6.18804793432104e-07,0.00668448058671928,0.718263966958757,1.16487529530293e-08,2.64583176157842
"chr15_90482497_90482575","ENSG00000140577","CRTC3","CREB regulated transcription coactivator 3","chr15",90482497,90482575,"Intron",-47350,0.289888953828171,0.0431405465356594,0.00668448058671928,0.718263966958757,2.44831827487208e-06,1.36586594315793
"chr2_20185958_20186883","ENSG00000115884","SDC1","syndecan 1","chr2",20185958,20186883,"Distal Intergenic",38550,0.401776586671962,0.0035257045908826,0.00670176732102373,4.73387306242978,0.000648687109766815,1.23864894129111
"chr2_20206994_20207399","ENSG00000115884","SDC1","syndecan 1","chr2",20206994,20207399,"Intron",18034,0.429855154366793,0.00161666135113042,0.00670176732102373,4.73387306242978,0.000717400704017667,1.44967354142409
"chr2_20166722_20167105","ENSG00000115884","SDC1","syndecan 1","chr2",20166722,20167105,"Distal Intergenic",58328,0.295802128378971,0.0386078136312586,0.00670176732102373,4.73387306242978,0.0010948960444826,2.17618996707135
"chr2_20164173_20164663","ENSG00000115884","SDC1","syndecan 1","chr2",20164173,20164663,"Distal Intergenic",60770,0.512170199010427,0.000106843090480893,0.00670176732102373,4.73387306242978,0.00930526689846935,1.33874362149745
"chr18_59056962_59057457","ENSG00000166562","SEC11C","SEC11 homolog C, signal peptidase complex subunit","chr18",59056962,59057457,"Distal Intergenic",-82020,0.309760374050263,0.0295304636338149,0.00673569541752573,1.50915192466827,2.70089380640263e-09,1.22904225022769
"chr6_109397096_109397468","ENSG00000135535","CD164","CD164 molecule","chr6",109397096,109397468,"Intron",-14537,0.385388661601403,0.00541875143737282,0.00673569541752573,0.911632100745706,2.90859950946476e-05,1.3206421285145
"chr18_59085284_59085651","ENSG00000166562","SEC11C","SEC11 homolog C, signal peptidase complex subunit","chr18",59085284,59085651,"Distal Intergenic",-53826,-0.286206896551724,0.0462500533699144,0.00673569541752573,1.50915192466827,0.00022294820571194,1.38271720261915
"chr22_30270912_30271240","ENSG00000099985","OSM","oncostatin M","chr22",30270912,30271240,"Distal Intergenic",-4072,0.776376097532206,1.48146286225224e-11,0.00673569541752573,2.94923164463491,0.00178461470491179,1.51042128211378
"chr2_47614548_47614919","ENSG00000184261","KCNK12","potassium two pore domain channel subfamily K member 12","chr2",47614548,47614919,"Distal Intergenic",-43609,0.536226017937576,4.24741757467312e-05,0.00679306184340234,1.82666771979731,0.00269679267945702,2.33087351254691
"chr17_57135723_57136527","ENSG00000121057","AKAP1","A-kinase anchoring protein 1","chr17",57135723,57136527,"Distal Intergenic",50631,0.441379310344828,0.00114882308086803,0.00691690033082244,0.936455167009028,8.13782471887864e-16,1.27412018905236
"chr14_68694327_68695131","ENSG00000185650","ZFP36L1","ZFP36 ring finger protein like 1","chr14",68694327,68695131,"Intron",101122,-0.552367036820573,2.17507580315855e-05,0.00691690033082244,0.86232290436074,1.77263658378668e-12,1.87281929071171
"chr14_68495169_68495904","ENSG00000185650","ZFP36L1","ZFP36 ring finger protein like 1","chr14",68495169,68495904,"Intron",300349,0.659964932787843,9.55249100860383e-08,0.00691690033082244,0.86232290436074,6.89399130531974e-09,1.14185377028252
"chr11_46305411_46305595","ENSG00000149091","DGKZ","diacylglycerol kinase zeta","chr11",46305411,46305595,"Intron",-27310,0.613559322033898,1.23295196631421e-06,0.00691690033082244,0.703770357163394,1.99075126616166e-07,1.44652407899679
"chr17_48413570_48414211","ENSG00000141293","SKAP1","src kinase associated phosphoprotein 1","chr17",48413570,48414211,"Intron",16064,0.604967855055523,1.90840669321706e-06,0.00691690033082244,1.74433448048308,3.84651452344299e-07,1.6833352482701
"chr14_68492662_68492893","ENSG00000185650","ZFP36L1","ZFP36 ring finger protein like 1","chr14",68492662,68492893,"Intron",303360,0.726008182349503,1.06019199993628e-09,0.00691690033082244,0.86232290436074,1.20278948895717e-06,1.5786463897192
"chr17_48407292_48407447","ENSG00000141293","SKAP1","src kinase associated phosphoprotein 1","chr17",48407292,48407447,"Intron",22828,0.399415546464056,0.00374647495040553,0.00691690033082244,1.74433448048308,1.96141489797482e-06,1.32841176353862
"chr14_68519722_68520252","ENSG00000185650","ZFP36L1","ZFP36 ring finger protein like 1","chr14",68519722,68520252,"Intron",276001,0.818527177089422,1.70154949053861e-13,0.00691690033082244,0.86232290436074,3.97139412082804e-05,1.43202375715515
"chr14_68359428_68359560","ENSG00000185650","ZFP36L1","ZFP36 ring finger protein like 1","chr14",68359428,68359560,"Intron",436693,0.737892744982593,4.10454521946768e-10,0.00691690033082244,0.86232290436074,0.00203774722229476,1.56659384087989
"chr14_68768297_68768604","ENSG00000185650","ZFP36L1","ZFP36 ring finger protein like 1","chr14",68768297,68768604,"Distal Intergenic",27649,-0.435300993571011,0.00137646392621759,0.00691690033082244,0.86232290436074,0.00619536735056443,1.15376674963257
"chr14_68483821_68484303","ENSG00000185650","ZFP36L1","ZFP36 ring finger protein like 1","chr14",68483821,68484303,"Intron",311950,-0.367153711279953,0.00848755818564525,0.00691690033082244,0.86232290436074,0.00833531491764338,1.03367354688968
"chr8_94997463_94998940","ENSG00000164938","TP53INP1","tumor protein p53 inducible nuclear protein 1","chr8",94997463,94998940,"Intron",-48052,0.306428988895383,0.0315077479453425,0.00696449710367949,1.56779462524974,6.52702086950506e-05,1.12380482309616
"chr1_235901111_235901882","ENSG00000143669","LYST","lysosomal trafficking regulator","chr1",235901111,235901882,"Distal Intergenic",-17471,-0.627878433664524,5.83775844905972e-07,0.00696449710367949,0.860175881940098,0.00368381566327067,1.18134095208928
"chr9_97405702_97405945","ENSG00000196116","TDRD7","tudor domain containing 7","chr9",97405702,97405945,"Distal Intergenic",-6005,0.323728813559322,0.0222477627683937,0.00701072598774145,1.29879980130015,0.000317585853359521,1.6128007273451
"chr16_84673620_84673881","ENSG00000135686","KLHL36","kelch like family member 36","chr16",84673620,84673881,"Distal Intergenic",25095,0.420222092343659,0.002115017268691,0.00704691776377876,0.683194904143238,0.000870566495012968,1.31191302337688
"chr1_20112412_20112926","ENSG00000117215","PLA2G2D","phospholipase A2 group IID","chr1",20112412,20112926,"3' UTR",6640,0.323127351130037,0.0225210909265045,0.00714229074253008,4.46206034135503,0.000232939729886483,1.96248872932162
"chr3_121548573_121549156","ENSG00000051341","POLQ","DNA polymerase theta","chr3",121548573,121549156,"Distal Intergenic",-1932,-0.555881314402339,1.87219565527169e-05,0.00716623628582189,3.71004499035867,1.56550797686472e-08,1.35451116503734
"chr10_101938855_101939385","ENSG00000120049","KCNIP2","potassium voltage-gated channel interacting protein 2","chr10",101938855,101939385,"Intron",-94935,0.531258225751518,5.1684138077588e-05,0.00720886275745584,2.18470245273103,1.88538182729146e-15,2.01706358923833
"chr9_8261548_8262221","ENSG00000137038","DMAC1","distal membrane arm assembly complex 1","chr9",8261548,8262221,"Distal Intergenic",-373168,-0.507890122735243,0.000125172832596601,0.00723949469060976,0.6068736953083,9.45425617656489e-13,1.80468962565387
"chr9_7996487_7996987","ENSG00000137038","DMAC1","distal membrane arm assembly complex 1","chr9",7996487,7996987,"Distal Intergenic",-108107,-0.44780829924021,0.000943592934586965,0.00723949469060976,0.6068736953083,1.73537703043328e-11,1.26257261473478
"chr9_7935473_7936638","ENSG00000137038","DMAC1","distal membrane arm assembly complex 1","chr9",7935473,7936638,"Distal Intergenic",-47093,-0.59281122150789,3.47718038339333e-06,0.00723949469060976,0.6068736953083,5.27865254768986e-11,1.0361425604372
"chr9_8156480_8156685","ENSG00000137038","DMAC1","distal membrane arm assembly complex 1","chr9",8156480,8156685,"Distal Intergenic",-268100,-0.653886616014027,1.37108614607589e-07,0.00723949469060976,0.6068736953083,8.66306414804275e-11,2.25120163446144
"chr9_7879412_7880567","ENSG00000137038","DMAC1","distal membrane arm assembly complex 1","chr9",7879412,7880567,"Intron",7813,0.475862068965517,0.000382536864388336,0.00723949469060976,0.6068736953083,1.23196370690699e-08,1.44209202641687
"chr9_7982858_7983193","ENSG00000137038","DMAC1","distal membrane arm assembly complex 1","chr9",7982858,7983193,"Distal Intergenic",-94478,-0.539976621858562,3.65322578066783e-05,0.00723949469060976,0.6068736953083,4.70094418903554e-07,1.16361131278197
"chr9_7402093_7402405","ENSG00000137038","DMAC1","distal membrane arm assembly complex 1","chr9",7402093,7402405,"Distal Intergenic",485975,0.582232612507306,5.77276124599167e-06,0.00723949469060976,0.6068736953083,2.56192275484103e-06,2.08621061353577
"chr9_7871478_7872604","ENSG00000137038","DMAC1","distal membrane arm assembly complex 1","chr9",7871478,7872604,"Intron",15776,0.34593804792519,0.0138501967425447,0.00723949469060976,0.6068736953083,9.49864654485384e-05,1.46776510544576
"chr9_7536469_7536708","ENSG00000137038","DMAC1","distal membrane arm assembly complex 1","chr9",7536469,7536708,"Distal Intergenic",351672,0.51291642314436,0.000103898098267668,0.00723949469060976,0.6068736953083,0.000172236549889282,1.03846199562783
"chr9_8207644_8207887","ENSG00000137038","DMAC1","distal membrane arm assembly complex 1","chr9",8207644,8207887,"Distal Intergenic",-319264,0.351744696374979,0.0121579032238789,0.00723949469060976,0.6068736953083,0.000299998084262931,2.53325594948995
"chr9_7368393_7369048","ENSG00000137038","DMAC1","distal membrane arm assembly complex 1","chr9",7368393,7369048,"Distal Intergenic",519332,0.479805950904321,0.000335978180780382,0.00723949469060976,0.6068736953083,0.00369740715709394,1.8088062768517
"chr9_7342302_7342373","ENSG00000137038","DMAC1","distal membrane arm assembly complex 1","chr9",7342302,7342373,"Distal Intergenic",546007,0.449101276167565,0.00090704259628714,0.00723949469060976,0.6068736953083,0.00644971038086776,1.47521127011643
"chr13_67221639_67221963","ENSG00000184226","PCDH9","protocadherin 9","chr13",67221639,67221963,"3' UTR",8482,0.649678550555231,1.75856211821053e-07,0.00749614160980082,1.30036366464237,5.44488769404515e-13,1.01487035669387
"chr3_31917212_31917810","ENSG00000197385","ZNF860","zinc finger protein 860","chr3",31917212,31917810,"Intron",-63961,0.84243548753622,8.63376790927619e-15,0.00764087095840819,3.27421559864907,6.90390044848891e-06,1.17122438406784
"chr3_31999996_32000195","ENSG00000197385","ZNF860","zinc finger protein 860","chr3",31999996,32000195,"Intron",18225,0.721070274336294,1.54934665824893e-09,0.00764087095840819,3.27421559864907,1.2462427143781e-05,1.21762044697449
"chr3_31858558_31858757","ENSG00000197385","ZNF860","zinc finger protein 860","chr3",31858558,31858757,"Intron",-123014,0.738252424971398,3.98783318321873e-10,0.00764087095840819,3.27421559864907,9.96696366162692e-05,1.17366876171367
"chr13_29835813_29836038","ENSG00000122042","UBL3","ubiquitin like 3","chr13",29835813,29836038,"Intron",14646,0.496675871997379,0.000187914969312691,0.00766429606521226,1.58821933662607,4.82443624492722e-06,1.08294293171804
"chr13_29733032_29733559","ENSG00000122042","UBL3","ubiquitin like 3","chr13",29733032,29733559,"Distal Intergenic",117125,-0.402104032729398,0.00349501959509053,0.00766429606521226,1.58821933662607,0.00127024187648887,1.69709272474282
"chr15_52438109_52438344","ENSG00000197535","MYO5A","myosin VA","chr15",52438109,52438344,"Intron",90706,-0.343600233781414,0.0145700034495784,0.00770654014671051,0.770238162003736,2.43300110100661e-09,1.98897885915964
"chr15_52421025_52421381","ENSG00000197535","MYO5A","myosin VA","chr15",52421025,52421381,"Intron",107669,0.35698421975453,0.010789383618333,0.00770654014671051,0.770238162003736,1.02333073945499e-08,2.21384410375181
"chr15_52419608_52420008","ENSG00000197535","MYO5A","myosin VA","chr15",52419608,52420008,"Intron",109042,-0.418591738673244,0.00221589713794575,0.00770654014671051,0.770238162003736,0.00808459479187996,2.28493087157164
"chr7_2249087_2249493","ENSG00000106268","NUDT1","nudix hydrolase 1","chr7",2249087,2249493,"Exon",6865,0.641262419637639,2.82065902965453e-07,0.00772688215558206,0.754114091031091,4.03328075680034e-33,1.83272674212279
"chr12_121306254_121306417","ENSG00000110931","CAMKK2","calcium/calmodulin dependent protein kinase kinase 2","chr12",121306254,121306417,"Downstream (1-2kb)",-7946,-0.447457627118644,0.000953636723337584,0.00772688215558206,1.02768031655376,1.72414323505614e-07,1.55469698723242
"chr12_121327155_121327954","ENSG00000110931","CAMKK2","calcium/calmodulin dependent protein kinase kinase 2","chr12",121327155,121327954,"Exon",-28847,0.474311766547517,0.000403314539771664,0.00772688215558206,1.02768031655376,0.00366641686753864,1.65905319571047
"chr7_111388985_111389229","ENSG00000184903","IMMP2L","inner mitochondrial membrane peptidase subunit 2","chr7",111388985,111389229,"Intron",173288,-0.328584579003208,0.0201203421848044,0.00775483539975892,1.75097455650908,1.09602634678677e-14,2.69032324268692
"chr7_111527483_111528006","ENSG00000184903","IMMP2L","inner mitochondrial membrane peptidase subunit 2","chr7",111527483,111528006,"Intron",34511,-0.427007992564468,0.00175466721483437,0.00775483539975892,1.75097455650908,1.9611366969816e-13,1.49630993765171
"chr14_105705958_105706758","ENSG00000184986","TMEM121","transmembrane protein 121","chr14",105705958,105706758,"Distal Intergenic",179355,-0.56364699006429,1.34326383287537e-05,0.00775483539975892,1.54829899213247,3.99846960286772e-08,1.01910049673948
"chr7_111329020_111329776","ENSG00000184903","IMMP2L","inner mitochondrial membrane peptidase subunit 2","chr7",111329020,111329776,"Intron",232741,0.600593229070965,2.37881427039095e-06,0.00775483539975892,1.75097455650908,0.000949446450109338,1.43936478248731
"chr7_111408424_111408957","ENSG00000184903","IMMP2L","inner mitochondrial membrane peptidase subunit 2","chr7",111408424,111408957,"Intron",153560,0.60101113416523,2.32923773067208e-06,0.00775483539975892,1.75097455650908,0.00122639596680739,2.21901192242479
"chr14_105617348_105617646","ENSG00000184986","TMEM121","transmembrane protein 121","chr14",105617348,105617646,"Distal Intergenic",90745,-0.459007291213393,0.000663473144172729,0.00775483539975892,1.54829899213247,0.00151509388259379,1.86526392791004
"chr14_105865419_105865758","ENSG00000184986","TMEM121","transmembrane protein 121","chr14",105865419,105865758,"Exon",338816,0.502273291387579,0.000153791118999236,0.00775483539975892,1.54829899213247,0.00299390896233375,1.17339235162093
"chr7_111495243_111496076","ENSG00000184903","IMMP2L","inner mitochondrial membrane peptidase subunit 2","chr7",111495243,111496076,"Intron",66441,0.623591811752887,7.26840612460191e-07,0.00775483539975892,1.75097455650908,0.00864691257784821,1.32880039445389
"chr5_150065766_150066619","ENSG00000182578","CSF1R","colony stimulating factor 1 receptor","chr5",150065766,150066619,"Intron",46753,0.471807678160624,0.000437498375236026,0.00793816752161417,2.87070893860366,1.45607907950706e-05,1.25489821646575
"chr5_150066836_150067647","ENSG00000182578","CSF1R","colony stimulating factor 1 receptor","chr5",150066836,150067647,"Exon",45725,0.438856866157958,0.00123817190825092,0.00793816752161417,2.87070893860366,2.17434526282588e-05,1.07701305405438
"chr5_150075662_150075964","ENSG00000182578","CSF1R","colony stimulating factor 1 receptor","chr5",150075662,150075964,"Intron",37408,0.415934562156103,0.00239074692856889,0.00793816752161417,2.87070893860366,0.00336332557944988,1.47162948485033
"chr2_214802362_214802602","ENSG00000138376","BARD1","BRCA1 associated RING domain 1","chr2",214802362,214802602,"Intron",7109,0.332179020769252,0.0186319186580146,0.00803543200422098,1.33528691844291,0.00137976735913074,1.39996537993386
"chr2_214671348_214671790","ENSG00000138376","BARD1","BRCA1 associated RING domain 1","chr2",214671348,214671790,"Intron",137921,0.52934730203345,5.56928661005511e-05,0.00803543200422098,1.33528691844291,0.00247673810248996,2.10018998313439
"chr1_27562520_27562865","ENSG00000126705","AHDC1","AT-hook DNA binding motif containing 1","chr1",27562520,27562865,"Intron",41566,0.708065458796026,4.0428932170628e-09,0.00818302121568583,0.751404265249188,8.29398611098801e-06,1.14841635963874
"chrX_17682387_17682662","ENSG00000047634","SCML1","Scm polycomb group protein like 1","chrX",17682387,17682662,"Intron",-54787,-0.527765863637387,5.91122407775931e-05,0.00818302121568583,1.63746187154954,0.00998903121884931,1.84038078045097
"chr5_78108420_78108932","ENSG00000132842","AP3B1","adaptor related protein complex 3 subunit beta 1","chr5",78108420,78108932,"Intron",185823,0.490013004333493,0.000236837460129841,0.00848077341150135,0.854368771264385,4.22292151962857e-09,2.50384019143503
"chr5_78113855_78114119","ENSG00000132842","AP3B1","adaptor related protein complex 3 subunit beta 1","chr5",78113855,78114119,"Exon",180636,0.542957334891876,3.22830898342592e-05,0.00848077341150135,0.854368771264385,0.00199601094978498,1.17770002327439
"chr1_200989123_200989863","ENSG00000116852","KIF21B","kinesin family member 21B","chr1",200989123,200989863,"Intron",33837,-0.66134806184824,8.79115909089949e-08,0.00853261684995696,0.991074302112674,3.75614587649457e-06,2.21027931491547
"chr1_201066961_201067569","ENSG00000116852","KIF21B","kinesin family member 21B","chr1",201066961,201067569,"Exon",-43261,-0.522618351841029,7.21357913565443e-05,0.00853261684995696,0.991074302112674,4.16929439131733e-05,1.84606826577635
"chr1_201013135_201013438","ENSG00000116852","KIF21B","kinesin family member 21B","chr1",201013135,201013438,"Intron",10262,-0.480011689070719,0.000333690059580044,0.00853261684995696,0.991074302112674,0.00112022770585014,1.40867546928632
"chr1_201050357_201051088","ENSG00000116852","KIF21B","kinesin family member 21B","chr1",201050357,201051088,"Exon",-26657,0.388778492109877,0.00495807910845982,0.00853261684995696,0.991074302112674,0.00557568892489757,1.23294611075923
"chr8_25708463_25709114","ENSG00000184661","CDCA2","cell division cycle associated 2","chr8",25708463,25709114,"Distal Intergenic",249466,0.511949536422425,0.000107681874448117,0.00854796962392409,4.73051231032554,0.00013848333095559,2.63952583081353
"chrX_149074325_149074997","ENSG00000010404","IDS","iduronate 2-sulfatase","chrX",149074325,149074997,"Distal Intergenic",458938,0.407890122735243,0.00298788782686097,0.00855839520295235,1.83470910905094,2.74245291258331e-12,1.49321914124541
"chrX_149161479_149162066","ENSG00000010404","IDS","iduronate 2-sulfatase","chrX",149161479,149162066,"Distal Intergenic",371869,-0.501263899292247,0.000159530767167679,0.00855839520295235,1.83470910905094,0.000144451755707268,2.11632740535563
"chr17_64396164_64396551","ENSG00000261371","PECAM1","platelet and endothelial cell adhesion molecule 1","chr17",64396164,64396551,"Intron",17225,0.360198714202221,0.0100125549784295,0.00864969885788472,1.06537055076575,1.05332174458171e-10,1.17508173161845
"chr17_47847347_47847506","ENSG00000141295","SCRN2","secernin 2","chr17",47847347,47847506,"Exon",-6014,0.421683226183519,0.00203222516720778,0.00871609354175958,1.11214511115773,1.35629526029068e-14,1.33098866181537
"chr2_119739662_119740248","ENSG00000088179","PTPN4","protein tyrosine phosphatase, non-receptor type 4","chr2",119739662,119740248,"Distal Intergenic",-19383,-0.317333684044454,0.0253963432622062,0.00871609354175958,1.63187703519178,0.000973655343103785,1.5430973624823
"chr2_224033687_224034281","ENSG00000135919","SERPINE2","serpin family E member 2","chr2",224033687,224034281,"Intron",5038,0.601757368517298,2.24517092074868e-06,0.00874156675628389,2.96132549841931,3.60621878582645e-39,1.61466443956357
"chr20_281382_281528","ENSG00000196476","C20orf96","chromosome 20 open reading frame 96","chr20",281382,281528,"Intron",9250,0.37843366452367,0.00643168755181877,0.00878269328976929,1.51057168079251,0.00346658614315199,1.49342417477062
"chr11_33936819_33937539","ENSG00000135363","LMO2","LIM domain only 2","chr11",33936819,33937539,"Distal Intergenic",-44530,0.730343809894004,7.60934227263205e-10,0.00878897091025629,1.85589255101629,0.00185752248390723,1.10533937990627
"chr1_160801138_160801439","ENSG00000122224","LY9","lymphocyte antigen 9","chr1",160801138,160801439,"Intron",5064,0.651373465809468,1.59764407615811e-07,0.00888521595546339,2.0743137030122,1.27889042739882e-06,1.01936531799965
"chr9_133275007_133275955","ENSG00000175164","ABO","ABO, alpha 1-3-N-acetylgalactosaminyltransferase and alpha 1-3-galactosyltransferase","chr9",133275007,133275955,"Promoter",0,0.805932041276216,7.20476333240314e-13,0.00888521595546339,3.72542782475609,0.00062911735099923,1.22461842316468
"chr9_133271667_133271985","ENSG00000175164","ABO","ABO, alpha 1-3-N-acetylgalactosaminyltransferase and alpha 1-3-galactosyltransferase","chr9",133271667,133271985,"Intron",3229,0.762217371961279,5.28942321737423e-11,0.00888521595546339,3.72542782475609,0.00135472186342351,2.78534524501044
"chr1_156114171_156115319","ENSG00000160789","LMNA","lamin A/C","chr1",156114171,156115319,"5' UTR",31598,0.514903565166569,9.62591676863948e-05,0.00892125561835231,4.25820393677197,1.94532382579196e-09,1.13194411802829
"chr1_157709425_157709597","ENSG00000160856","FCRL3","Fc receptor like 3","chr1",157709425,157709597,"Distal Intergenic",-8568,0.763573292804013,4.6944851440551e-11,0.00892125561835231,4.09015840204407,1.25234307383551e-05,2.41941978681829
"chr1_156104084_156104518","ENSG00000160789","LMNA","lamin A/C","chr1",156104084,156104518,"Intron",21511,0.640093512565751,3.00451924567893e-07,0.00892125561835231,4.25820393677197,0.000312243602134045,1.3554211751148
"chr12_75917028_75917717","ENSG00000139289","PHLDA1","pleckstrin homology like domain family A member 1","chr12",75917028,75917717,"Intron",116215,-0.469201301801825,0.000476837022124164,0.00902342242895142,6.10123822498277,1.10342558359849e-05,1.02102961069403
"chr20_38833844_38834020","ENSG00000101445","PPP1R16B","protein phosphatase 1 regulatory subunit 16B","chr20",38833844,38834020,"Intron",28139,0.778854162183698,1.17179494128027e-11,0.00923130737293763,0.777379511531806,7.95594940307713e-08,1.37674131083618
"chr12_32301739_32302473","ENSG00000139132","FGD4","FYVE, RhoGEF and PH domain containing 4","chr12",32301739,32302473,"Intron",-97056,0.37562828755114,0.00689521301335152,0.00945802956342233,2.27673133014793,5.96064455799213e-42,1.95266475510862
"chr12_32419425_32419936","ENSG00000139132","FGD4","FYVE, RhoGEF and PH domain containing 4","chr12",32419425,32419936,"Intron",19896,-0.297486849795441,0.0374112356360606,0.00945802956342233,2.27673133014793,0.00144596078720686,1.65585900825899
"chr11_124865412_124865636","ENSG00000154134","ROBO3","roundabout guidance receptor 3","chr11",124865412,124865636,"Promoter",26,0.725847584155995,1.0728721106911e-09,0.00954196348210897,3.83238321676347,0.000830843725430153,1.03198240240519
"chr6_34284681_34285391","ENSG00000186577","SMIM29","small integral membrane protein 29","chr6",34284681,34285391,"3' UTR",-35211,-0.534658094681473,4.52306450533669e-05,0.00961130338115797,0.855613883616896,1.22055632559913e-12,1.05181817270461
"chr6_34275573_34275691","ENSG00000186577","SMIM29","small integral membrane protein 29","chr6",34275573,34275691,"Intron",-26103,0.695149035651666,1.01011850673681e-08,0.00961130338115797,0.855613883616896,0.000289074443486586,1.16808679909709
"chr20_4661008_4661536","ENSG00000171867","PRNP","prion protein","chr20",4661008,4661536,"Distal Intergenic",-24700,0.367212156633548,0.0084779304056987,0.00965366999621526,1.40234677110728,1.31410499890288e-16,1.39360502540972
"chr5_172873085_172873582","ENSG00000113719","ERGIC1","endoplasmic reticulum-golgi intermediate compartment 1","chr5",172873085,172873582,"Intron",38810,0.481414377556984,0.000318331692260652,0.00965366999621526,0.589689250830571,3.40165223837536e-16,1.29385073968374
"chr5_172875071_172875685","ENSG00000113719","ERGIC1","endoplasmic reticulum-golgi intermediate compartment 1","chr5",172875071,172875685,"Intron",40796,0.584979544126242,5.06551252483585e-06,0.00965366999621526,0.589689250830571,4.99610182402496e-12,1.18687179945683
"chr9_10612427_10613513","ENSG00000153707","PTPRD","protein tyrosine phosphatase, receptor type D","chr9",10612427,10613513,"Promoter",0,0.804835769558511,8.06354041473556e-13,0.00965366999621526,2.40476819582852,9.62567092127003e-08,1.49179783642714
"chr9_10366255_10366418","ENSG00000153707","PTPRD","protein tyrosine phosphatase, receptor type D","chr9",10366255,10366418,"Intron",246305,0.59426934370838,3.23939239976104e-06,0.00965366999621526,2.40476819582852,1.15814064968521e-06,1.19918085698419
"chr9_10268700_10269308","ENSG00000153707","PTPRD","protein tyrosine phosphatase, receptor type D","chr9",10268700,10269308,"Intron",343415,0.469011207140206,0.000479468048344373,0.00965366999621526,2.40476819582852,4.45196684445588e-06,1.49287878266941
"chr9_10273786_10275153","ENSG00000153707","PTPRD","protein tyrosine phosphatase, receptor type D","chr9",10273786,10275153,"Intron",337570,0.675582648261714,3.65691879318545e-08,0.00965366999621526,2.40476819582852,0.000104014474378428,1.77916460403721
"chr5_172866543_172867121","ENSG00000113719","ERGIC1","endoplasmic reticulum-golgi intermediate compartment 1","chr5",172866543,172867121,"Intron",32268,0.471127995324372,0.000447472776178119,0.00965366999621526,0.589689250830571,0.000870512643048088,1.32625475530227
"chr12_116885422_116885767","ENSG00000135116","HRK","harakiri, BCL2 interacting protein","chr12",116885422,116885767,"Distal Intergenic",-3981,0.694213909994156,1.07823676234689e-08,0.00967592215774655,2.07847757058718,3.01958627633535e-20,1.04372685722858
"chr12_116816138_116816459","ENSG00000135116","HRK","harakiri, BCL2 interacting protein","chr12",116816138,116816459,"Intron",64982,0.604324956165985,1.97022812729274e-06,0.00967592215774655,2.07847757058718,2.4698468833403e-05,1.0970570555252
"chr8_124751690_124752368","ENSG00000170873","MTSS1","MTSS1, I-BAR domain containing","chr8",124751690,124752368,"Distal Intergenic",-23261,-0.402337814143776,0.00347258981595271,0.00968816966964406,0.946087246914607,2.21031749397325e-39,1.89747643683408
"chr8_124655125_124655614","ENSG00000170873","MTSS1","MTSS1, I-BAR domain containing","chr8",124655125,124655614,"Intron",72815,0.644886031560491,2.30444710965753e-07,0.00968816966964406,0.946087246914607,1.77611488538425e-09,1.42803692148027
"chr8_124644093_124644368","ENSG00000170873","MTSS1","MTSS1, I-BAR domain containing","chr8",124644093,124644368,"Intron",84061,0.604675628287551,1.93689804066379e-06,0.00968816966964406,0.946087246914607,0.000996654185758105,1.09634593281548
"chr20_32792219_32792696","ENSG00000101367","MAPRE1","microtubule associated protein RP/EB family member 1","chr20",32792219,32792696,"Exon",-27197,0.544243132670953,3.06024436034985e-05,0.00974945899993555,0.922111063839469,2.99215595618712e-15,1.22111025576763
"chr17_17958218_17958529","ENSG00000175662","TOM1L2","target of myb1 like 2 membrane trafficking protein","chr17",17958218,17958529,"Intron",13893,0.322443015780246,0.0228406933996925,0.00974945899993555,1.03463267254642,0.000425190888803319,1.13736539231554
"chr20_32796417_32797324","ENSG00000101367","MAPRE1","microtubule associated protein RP/EB family member 1","chr20",32796417,32797324,"Exon",-22569,0.652542372881356,1.48626619576193e-07,0.00974945899993555,0.922111063839469,0.00312755507716705,1.31355174368425
"chr5_179668515_179668676","ENSG00000127022","CANX","calnexin","chr5",179668515,179668676,"Distal Intergenic",-9952,0.420338983050848,0.00210832451264791,0.0098540178015359,0.604577232947182,8.65309478260732e-07,1.29531746687111
"chr11_2316254_2316902","ENSG00000110665","C11orf21","chromosome 11 open reading frame 21","chr11",2316254,2316902,"3' UTR",-13205,-0.533839859731151,4.67532713936327e-05,0.00990488899088919,1.38402250470895,4.7063267830437e-06,1.25969614374028
"chr20_17648234_17648564","ENSG00000125844","RRBP1","ribosome binding protein 1","chr20",17648234,17648564,"Intron",33731,0.481180596142607,0.000320769142887135,0.00992697749967192,1.43602659781151,1.05941015748766e-32,2.67253709652297
"chr20_17648898_17649323","ENSG00000125844","RRBP1","ribosome binding protein 1","chr20",17648898,17649323,"Intron",32972,0.396084161309176,0.00409902726545688,0.00992697749967192,1.43602659781151,1.50780797064236e-27,1.72325116346738
"chr20_17646860_17647231","ENSG00000125844","RRBP1","ribosome binding protein 1","chr20",17646860,17647231,"Intron",35064,0.310929281122151,0.0288439602485621,0.00992697749967192,1.43602659781151,7.42116534164265e-18,3.26147784728263
"chr20_17634602_17636111","ENSG00000125844","RRBP1","ribosome binding protein 1","chr20",17634602,17636111,"Exon",46184,0.505435417884278,0.000136900843819166,0.00992697749967192,1.43602659781151,9.40350533765684e-13,1.516288363862
"chr20_17650333_17650930","ENSG00000125844","RRBP1","ribosome binding protein 1","chr20",17650333,17650930,"Intron",31365,0.300292226767972,0.035486576376751,0.00992697749967192,1.43602659781151,1.35871545863682e-09,1.60439682883932
"chr1_147046632_147047036","ENSG00000268043","NBPF12","NBPF member 12","chr1",147046632,147047036,"Distal Intergenic",107888,0.716130917592052,2.26075755311258e-09,0.0100549867367996,1.34868638961756,2.87977402235594e-16,2.09445538409676
"chr4_113773119_113773433","ENSG00000145349","CAMK2D","calcium/calmodulin dependent protein kinase II delta","chr4",113773119,113773433,"Distal Intergenic",-11192,-0.549561659848042,2.45600773299282e-05,0.0101341589765756,1.11259391593284,3.62203991299634e-18,1.70335515752544
"chr4_113574579_113575009","ENSG00000145349","CAMK2D","calcium/calmodulin dependent protein kinase II delta","chr4",113574579,113575009,"Intron",186918,0.360549386323787,0.00993409253774077,0.0101341589765756,1.11259391593284,5.279312344735e-13,1.09734735901053
"chr4_113640759_113641480","ENSG00000145349","CAMK2D","calcium/calmodulin dependent protein kinase II delta","chr4",113640759,113641480,"Intron",120447,0.740093512565751,3.42531942055082e-10,0.0101341589765756,1.11259391593284,4.08475247318772e-11,1.16198057759164
"chr4_113825103_113825727","ENSG00000145349","CAMK2D","calcium/calmodulin dependent protein kinase II delta","chr4",113825103,113825727,"Distal Intergenic",-63176,-0.390707188778492,0.00471569163130654,0.0101341589765756,1.11259391593284,2.6039198446787e-09,1.16200017540513
"chr4_113788977_113789173","ENSG00000145349","CAMK2D","calcium/calmodulin dependent protein kinase II delta","chr4",113788977,113789173,"Distal Intergenic",-27050,0.526395768550764,6.2281930083896e-05,0.0101341589765756,1.11259391593284,0.000220113732012407,1.41923411994884
"chr4_113617284_113617703","ENSG00000145349","CAMK2D","calcium/calmodulin dependent protein kinase II delta","chr4",113617284,113617703,"Intron",144224,0.635476329631794,3.89658708309225e-07,0.0101341589765756,1.11259391593284,0.00592727404980595,1.16210516170989
"chr4_113602968_113603106","ENSG00000145349","CAMK2D","calcium/calmodulin dependent protein kinase II delta","chr4",113602968,113603106,"Intron",158821,0.837278626715118,1.6688924162728e-14,0.0101341589765756,1.11259391593284,0.006187869499292,1.14491214328584
"chr11_124892969_124893434","ENSG00000154133","ROBO4","roundabout guidance receptor 4","chr11",124892969,124893434,"Exon",5066,0.859121523389025,7.40915186627547e-16,0.0101441616824062,3.56556001759409,9.89694482340095e-05,1.38327925285949
"chr11_124897438_124898340","ENSG00000154133","ROBO4","roundabout guidance receptor 4","chr11",124897438,124898340,"Promoter",160,0.828440747788707,5.05149834443873e-14,0.0101441616824062,3.56556001759409,0.00490773788336272,1.437001601216
"chr17_43018342_43018765","ENSG00000108828","VAT1","vesicle amine transport 1","chr17",43018342,43018765,"Exon",6358,0.330566919929866,0.0192869126601268,0.0101441616824062,1.27868094561823,0.00639094386815262,1.05628535397692
"chr16_38748_39293","ENSG00000161981","SNRNP25","small nuclear ribonucleoprotein U11/U12 subunit 25","chr16",38748,39293,"Distal Intergenic",-13717,-0.356107539450614,0.0110054622306189,0.010145108460988,1.03148868504024,8.80365729368869e-07,1.03729499755472
"chr20_24948956_24950008","ENSG00000077984","CST7","cystatin F","chr20",24948956,24950008,"Promoter",0,0.649132804464449,1.81619077002563e-07,0.010145108460988,2.19741780443104,3.11406797255352e-06,1.12345745003996
"chr5_133120431_133120722","ENSG00000170606","HSPA4","heat shock protein family A (Hsp70) member 4","chr5",133120431,133120722,"Distal Intergenic",68469,-0.406547810411997,0.00309971766270517,0.010145108460988,0.619798800785123,3.80652443057879e-06,2.34938430767416
"chr20_24754931_24755837","ENSG00000077984","CST7","cystatin F","chr20",24754931,24755837,"Distal Intergenic",-193393,0.473706512419246,0.000411340068453426,0.010145108460988,2.19741780443104,0.00149152802864115,1.79649852976337
"chr20_24837881_24838425","ENSG00000077984","CST7","cystatin F","chr20",24837881,24838425,"Distal Intergenic",-110805,0.470586573539001,0.000455737749291918,0.010145108460988,2.19741780443104,0.00158656482103823,2.29237853932153
"chr20_24918047_24918778","ENSG00000077984","CST7","cystatin F","chr20",24918047,24918778,"Distal Intergenic",-30452,0.679787840339081,2.78520649803848e-08,0.010145108460988,2.19741780443104,0.00268146058818845,1.07035196166151
"chr5_133147343_133147894","ENSG00000170606","HSPA4","heat shock protein family A (Hsp70) member 4","chr5",133147343,133147894,"Distal Intergenic",95381,-0.712215078901227,2.98317642405184e-09,0.010145108460988,0.619798800785123,0.00427201592108295,1.03861202233193
"chr20_24778682_24779439","ENSG00000077984","CST7","cystatin F","chr20",24778682,24779439,"Distal Intergenic",-169791,0.517190490857237,8.85492683495125e-05,0.010145108460988,2.19741780443104,0.00643924823811384,1.40162567793354
"chr20_24723422_24723821","ENSG00000077984","CST7","cystatin F","chr20",24723422,24723821,"Distal Intergenic",-225409,0.601128028288378,2.3165523882548e-06,0.010145108460988,2.19741780443104,0.00648564188931552,1.96186358044273
"chr4_56723351_56723694","ENSG00000171476","HOPX","HOP homeobox","chr4",56723351,56723694,"Distal Intergenic",-41452,0.674459380479252,3.92148781431704e-08,0.010145108460988,2.24415725723329,0.00784052671611697,1.45214617487625
"chr11_59134210_59134372","ENSG00000166801","FAM111A","family with sequence similarity 111 member A","chr11",59134210,59134372,"Exon",-8376,-0.349757438203369,0.0127200597920752,0.0102619741871419,1.21935864790684,1.29356864539066e-08,1.88643215182833
"chr1_234475198_234475569","ENSG00000059588","TARBP1","TAR (HIV-1) RNA binding protein 1","chr1",234475198,234475569,"Intron",3534,0.353769725306838,0.0116176402756075,0.0102705124676815,0.987572369854845,1.54564449300803e-54,2.27212167394501
"chr1_234488168_234489057","ENSG00000059588","TARBP1","TAR (HIV-1) RNA binding protein 1","chr1",234488168,234489057,"Distal Intergenic",-9065,-0.523670368205728,6.91966719091822e-05,0.0102705124676815,0.987572369854845,1.80937787206789e-09,1.00402614502357
"chr2_64534424_64534527","ENSG00000119844","AFTPH","aftiphilin","chr2",64534424,64534527,"Intron",10119,0.437054354178843,0.00130625440400142,0.0104543415021247,0.97889612571746,1.06381406769949e-05,1.337849381943
"chr5_157607533_157608166","ENSG00000135074","ADAM19","ADAM metallopeptidase domain 19","chr5",157607533,157608166,"Distal Intergenic",-31758,-0.678725891291642,2.98188212889304e-08,0.0104543415021247,1.48709724410237,8.52589009129986e-05,1.05881071202374
"chr5_157598074_157598221","ENSG00000135074","ADAM19","ADAM metallopeptidase domain 19","chr5",157598074,157598221,"Distal Intergenic",-22299,0.808924735982551,5.29069190563844e-13,0.0104543415021247,1.48709724410237,0.00900774146951452,1.06619192901977
"chr6_43322542_43322737","ENSG00000146215","CRIP3","cysteine rich protein 3","chr6",43322542,43322737,"Intron",9119,0.722280701754386,1.41119595223319e-09,0.0104992168733931,2.35303119688362,3.05686181683596e-05,2.33427128925147
"chr14_68928157_68928914","ENSG00000072110","ACTN1","actinin alpha 1","chr14",68928157,68928914,"Intron",50526,0.749853886616014,1.5305777259569e-10,0.0105144296761016,2.13172281222815,0.000297357163952213,1.96890915801318
"chr14_68970129_68970727","ENSG00000072110","ACTN1","actinin alpha 1","chr14",68970129,68970727,"Intron",8713,0.764465225014611,4.35408185246993e-11,0.0105144296761016,2.13172281222815,0.00250154643809693,1.6314548894003
"chr17_82126713_82127144","ENSG00000169710","FASN","fatty acid synthase","chr17",82126713,82127144,"Intron",-28381,0.384570426651081,0.0055361736124401,0.0107550606663257,0.878482055607563,3.49722389108308e-07,1.79535377938686
"chr17_82120238_82120464","ENSG00000169710","FASN","fatty acid synthase","chr17",82120238,82120464,"Intron",-21906,0.565217818071812,1.25490826476669e-05,0.0107550606663257,0.878482055607563,0.000983689928030776,2.60491327880485
"chr5_158935373_158935526","ENSG00000164330","EBF1","EBF transcription factor 1","chr5",158935373,158935526,"Intron",164235,0.710929281122151,3.27335096387087e-09,0.0107550606663257,1.46271327855407,0.00724322072578882,1.03962650323941
"chr2_39919586_39921056","ENSG00000227028","SLC8A1-AS1","SLC8A1 antisense RNA 1","chr2",39919586,39921056,"Exon",133133,0.789791074211334,3.98976314568162e-12,0.0107724417601917,3.7937611794904,1.39938052787673e-10,1.77349501558087
"chr2_39802439_39802928","ENSG00000227028","SLC8A1-AS1","SLC8A1 antisense RNA 1","chr2",39802439,39802928,"Intron",15986,0.296297475254385,0.0382590060601585,0.0107724417601917,3.7937611794904,4.32073336429444e-06,3.58263059526614
"chr2_39865519_39866279","ENSG00000227028","SLC8A1-AS1","SLC8A1 antisense RNA 1","chr2",39865519,39866279,"Intron",79066,0.79843382173671,1.62897169324575e-12,0.0107724417601917,3.7937611794904,1.74885166017784e-05,1.47472198300849
"chr2_39937715_39938672","ENSG00000227028","SLC8A1-AS1","SLC8A1 antisense RNA 1","chr2",39937715,39938672,"Intron",151262,0.783519080347432,7.37471807129215e-12,0.0107724417601917,3.7937611794904,1.87363470863099e-05,1.94985341308864
"chr2_40059572_40060290","ENSG00000227028","SLC8A1-AS1","SLC8A1 antisense RNA 1","chr2",40059572,40060290,"Intron",273119,0.487767575338323,0.000256510020473081,0.0107724417601917,3.7937611794904,5.40236231991419e-05,2.51992733550078
"chr2_40178270_40179408","ENSG00000227028","SLC8A1-AS1","SLC8A1 antisense RNA 1","chr2",40178270,40179408,"Exon",391817,0.463917479148606,0.000566718913306637,0.0107724417601917,3.7937611794904,7.6553944248624e-05,1.49358289698304
"chr2_40028787_40029767","ENSG00000227028","SLC8A1-AS1","SLC8A1 antisense RNA 1","chr2",40028787,40029767,"Intron",242334,0.446151831457554,0.000993313216180783,0.0107724417601917,3.7937611794904,0.00151374106701151,1.77687601497599
"chr2_40036280_40036721","ENSG00000227028","SLC8A1-AS1","SLC8A1 antisense RNA 1","chr2",40036280,40036721,"Intron",249827,0.746590963092459,2.01637178966578e-10,0.0107724417601917,3.7937611794904,0.00524714548157696,1.55795852353592
"chr2_230093612_230094155","ENSG00000163053","SLC16A14","solute carrier family 16 member 14","chr2",230093612,230094155,"Distal Intergenic",-24613,0.459203098570596,0.000659984977044553,0.0108189575651731,3.69883007120216,4.16147890278553e-05,1.11945653347111
"chr2_230134494_230135517","ENSG00000163053","SLC16A14","solute carrier family 16 member 14","chr2",230134494,230135517,"Intron",-65495,0.501063345308117,0.000160713421760344,0.0108189575651731,3.69883007120216,0.00242726173000103,1.04156490896815
"chr2_223761149_223761407","ENSG00000152056","AP1S3","adaptor related protein complex 1 subunit sigma 3","chr2",223761149,223761407,"Intron",76620,0.471829339567504,0.000437273964858554,0.0110785462834607,1.78107108525186,1.36573437051039e-08,1.39280126122659
"chr2_223797823_223798133","ENSG00000152056","AP1S3","adaptor related protein complex 1 subunit sigma 3","chr2",223797823,223798133,"Intron",39894,0.81531268264173,2.53276865549252e-13,0.0110785462834607,1.78107108525186,0.000142784269460045,1.09819912365811
"chr11_111460863_111461292","ENSG00000110777","POU2AF1","POU class 2 associating factor 1","chr11",111460863,111461292,"Distal Intergenic",-10882,-0.601090021835378,2.32026886161992e-06,0.0112609390300465,1.90931346451688,0.00992441386634064,1.289131963812
"chr2_180937555_180937855","ENSG00000170035","UBE2E3","ubiquitin conjugating enzyme E2 E3","chr2",180937555,180937855,"Distal Intergenic",-29393,-0.514903565166569,9.62591676863948e-05,0.0114688863632248,1.07157153642632,1.68581647961077e-12,1.1689373674929
"chr10_14587588_14588589","ENSG00000151474","FRMD4A","FERM domain containing 4A","chr10",14587588,14588589,"Intron",-125446,0.382889617802092,0.00577724002467967,0.0115463117081142,4.06503391860813,8.24454174941547e-14,1.06187917705638
"chr10_14547895_14548357","ENSG00000151474","FRMD4A","FERM domain containing 4A","chr10",14547895,14548357,"Intron",-85753,-0.421759178364283,0.00202836226716912,0.0115463117081142,4.06503391860813,8.96264732095921e-05,1.04468246401532
"chr10_14575077_14575276","ENSG00000151474","FRMD4A","FERM domain containing 4A","chr10",14575077,14575276,"Intron",-112935,-0.484745950132921,0.000283979118718432,0.0115463117081142,4.06503391860813,0.00179049955313463,1.13920846118015
"chr1_47211616_47212480","ENSG00000162367","TAL1","TAL bHLH transcription factor 1, erythroid differentiation factor","chr1",47211616,47212480,"Distal Intergenic",19740,0.645499426153087,2.22851800582974e-07,0.0117410662571267,3.60533780444896,0.00165515330568023,1.63243417465303
"chr6_142380683_142381470","ENSG00000112414","ADGRG6","adhesion G protein-coupled receptor G6","chr6",142380683,142381470,"Intron",78829,0.675724956653053,3.62574122240816e-08,0.0117996081551776,4.83325829898087,4.53070568348723e-05,1.34001738329386
"chr5_173626611_173626680","ENSG00000145919","BOD1","biorientation of chromosomes in cell division 1","chr5",173626611,173626680,"Distal Intergenic",-9951,-0.419584934617041,0.00215430682309741,0.0119518842193862,1.28875134554745,0.00033083865652101,1.46900902379609
"chr14_102941478_102941890","ENSG00000166126","AMN","amnion associated transmembrane protein","chr14",102941478,102941890,"Intron",18822,0.503974284044419,0.000144218543956636,0.0120874436200497,2.1268462556607,0.000184195378986514,1.15933915439545
"chr14_102907212_102907974","ENSG00000166126","AMN","amnion associated transmembrane protein","chr14",102907212,102907974,"3' UTR",-14682,0.632028053769725,4.67997669173423e-07,0.0120874436200497,2.1268462556607,0.00334215700562566,1.10727547429303
"chr1_160673191_160673322","ENSG00000117090","SLAMF1","signaling lymphocytic activation molecule family member 1","chr1",160673191,160673322,"Exon",-25896,0.614111017549906,1.19880697663017e-06,0.0122877626032473,3.49265110577009,9.01040506983548e-11,1.54827281079186
"chr1_72623191_72623746","ENSG00000172260","NEGR1","neuronal growth regulator 1","chr1",72623191,72623746,"Distal Intergenic",-340457,0.661729822306807,8.59045631212941e-08,0.0124287319886534,4.20779892457682,4.15689966836408e-12,1.11927167547912
"chr1_72063513_72064896","ENSG00000172260","NEGR1","neuronal growth regulator 1","chr1",72063513,72064896,"Intron",217838,0.742891420461824,2.77152069769927e-10,0.0124287319886534,4.20779892457682,1.21908167294857e-05,1.42987849443672
"chr1_72369294_72369644","ENSG00000172260","NEGR1","neuronal growth regulator 1","chr1",72369294,72369644,"Distal Intergenic",-86560,0.561714042652678,1.46340457434731e-05,0.0124287319886534,4.20779892457682,1.43249885173118e-05,1.41639081218912
"chr1_72186857_72186999","ENSG00000172260","NEGR1","neuronal growth regulator 1","chr1",72186857,72186999,"Intron",95735,0.530911749376979,5.23587573670077e-05,0.0124287319886534,4.20779892457682,0.000110027905224774,1.28474191606671
"chr1_72394214_72395097","ENSG00000172260","NEGR1","neuronal growth regulator 1","chr1",72394214,72395097,"Distal Intergenic",-111480,0.75160040219156,1.32462490838827e-10,0.0124287319886534,4.20779892457682,0.000652205000302247,1.39636130477425
"chr1_72374437_72375007","ENSG00000172260","NEGR1","neuronal growth regulator 1","chr1",72374437,72375007,"Distal Intergenic",-91703,0.696438331892693,9.24639199686018e-09,0.0124287319886534,4.20779892457682,0.008783961792853,1.5635914963607
"chr1_72183863_72184675","ENSG00000172260","NEGR1","neuronal growth regulator 1","chr1",72183863,72184675,"Intron",98059,0.735614126241867,4.97067964956306e-10,0.0124287319886534,4.20779892457682,0.00909110475646013,1.53296441080239
"chr17_4978851_4979185","ENSG00000108509","CAMTA2","calmodulin binding transcription activator 2","chr17",4978851,4979185,"Intron",8467,0.32822910578609,0.0202772091514322,0.0124484984038622,1.0543228841015,1.21429485591643e-18,1.67454595569295
"chr14_60106286_60106550","ENSG00000126773","PCNX4","pecanex 4","chr14",60106286,60106550,"Intron",14375,0.380011689070719,0.00619060137314877,0.0124484984038622,0.698899875377263,8.81980869966016e-07,1.14861090107985
"chr11_118808168_118808698","ENSG00000110367","DDX6","DEAD-box helicase 6","chr11",118808168,118808698,"Distal Intergenic",-17019,0.762361192285213,5.23440965963589e-11,0.0126499836071044,0.704500366857908,2.31329790898977e-10,2.42076832136532
"chr11_118813437_118814047","ENSG00000110367","DDX6","DEAD-box helicase 6","chr11",118813437,118814047,"Distal Intergenic",-22288,0.784745762711865,6.52359072194977e-12,0.0126499836071044,0.704500366857908,8.69443729899823e-06,1.78710060216612
"chr7_27098545_27098763","ENSG00000233429","HOTAIRM1","HOXA transcript antisense RNA, myeloid-specific 1","chr7",27098545,27098763,"Intron",2451,-0.600876680303916,2.34425719686042e-06,0.0129457668032308,1.12303673956826,0.000101625716217489,1.08722618404559
"chr19_51824601_51825171","ENSG00000171051","FPR1","formyl peptide receptor 1","chr19",51824601,51825171,"3' UTR",-20491,-0.313066368242198,0.0276839536517522,0.01295959939026,3.86903559574427,7.85080710625359e-18,1.73883821175532
"chr4_118173637_118174695","ENSG00000269893","SNHG8","small nucleolar RNA host gene 8","chr4",118173637,118174695,"Intron",-104014,0.342255990648744,0.0149915360525539,0.0130560917340974,0.705270572298209,2.75111233431683e-08,1.89338677552576
"chr2_112087323_112087825","ENSG00000153214","TMEM87B","transmembrane protein 87B","chr2",112087323,112087825,"Intron",32100,0.372886804347291,0.00738339352600862,0.0131130046831711,1.05196822199045,0.00343948266180271,1.03348829902708
"chr8_11251187_11251523","ENSG00000104643","MTMR9","myotubularin related protein 9","chr8",11251187,11251523,"Intron",-32893,0.44739918176505,0.00095527921602695,0.0133129741099844,0.791649695850097,3.31291561202686e-34,1.93502052484595
"chr22_17221097_17221360","ENSG00000093072","ADA2","adenosine deaminase 2","chr22",17221097,17221360,"Promoter",629,-0.476329631794272,0.000376832342993366,0.0133129741099844,1.08310290631817,1.38833686435754e-15,1.30369010468205
"chr15_62026858_62027485","ENSG00000129003","VPS13C","vacuolar protein sorting 13 homolog C","chr15",62026858,62027485,"Intron",32988,0.712273524254822,2.97544130667084e-09,0.0133129741099844,0.822486000058012,1.16639676218919e-07,1.68394672162396
"chr15_61831054_61831763","ENSG00000129003","VPS13C","vacuolar protein sorting 13 homolog C","chr15",61831054,61831763,"Distal Intergenic",228710,-0.548509643483343,2.56325755105237e-05,0.0133129741099844,0.822486000058012,1.45122509345649e-06,1.91469615059547
"chr15_61857494_61857670","ENSG00000129003","VPS13C","vacuolar protein sorting 13 homolog C","chr15",61857494,61857670,"Intron",202803,0.588194038573933,4.33949146100621e-06,0.0133129741099844,0.822486000058012,0.000122922337172962,1.20428527062279
"chr9_88341041_88341362","ENSG00000106723","SPIN1","spindlin 1","chr9",88341041,88341362,"Distal Intergenic",-47057,0.508915543519763,0.000120654094048175,0.013364540218745,1.07466816881565,0.000317649287487379,2.36680065900398
"chr9_88303967_88304162","ENSG00000106723","SPIN1","spindlin 1","chr9",88303967,88304162,"Distal Intergenic",-84257,0.455322480838262,0.000743930137483238,0.013364540218745,1.07466816881565,0.000612200096734881,2.43101896208959
"chr9_88310192_88310793","ENSG00000106723","SPIN1","spindlin 1","chr9",88310192,88310793,"Distal Intergenic",-77626,0.491145012236449,0.000227783550652493,0.013364540218745,1.07466816881565,0.00108901562133891,1.83874390842854
"chr9_88262680_88262988","ENSG00000106723","SPIN1","spindlin 1","chr9",88262680,88262988,"Distal Intergenic",-125431,0.494973699590883,0.000199448351671751,0.013364540218745,1.07466816881565,0.00150674546625976,2.32938393989537
"chr9_88315914_88316427","ENSG00000106723","SPIN1","spindlin 1","chr9",88315914,88316427,"Distal Intergenic",-71992,0.541963763880772,3.36126126786105e-05,0.013364540218745,1.07466816881565,0.00226829962236919,1.57573777184392
"chr9_88280778_88281303","ENSG00000106723","SPIN1","spindlin 1","chr9",88280778,88281303,"Distal Intergenic",-107116,0.497369959088253,0.000183519054019588,0.013364540218745,1.07466816881565,0.00510355253550844,2.05377624424148
"chr8_42037468_42038002","ENSG00000083168","KAT6A","lysine acetyltransferase 6A","chr8",42037468,42038002,"Intron",13988,0.375686732904734,0.00688782718295681,0.0133725413842855,0.660896185716592,2.89494493313019e-06,1.10132374890745
"chr2_37295510_37295864","ENSG00000115825","PRKD3","protein kinase D3","chr2",37295510,37295864,"Intron",28944,0.49520748100526,0.000197809615998332,0.0134699917338455,1.15083222746179,0.00480687750916582,1.17979358447138
"chr1_62485020_62485226","ENSG00000162607","USP1","ubiquitin specific peptidase 1","chr1",62485020,62485226,"Intron",48723,-0.567738164815897,1.12830841912576e-05,0.0135797756987773,1.03660109790322,1.74506845316568e-05,1.29786431824216
"chr11_10878741_10879100","ENSG00000236287","ZBED5","zinc finger BED-type containing 5","chr11",10878741,10879100,"Exon",-19945,0.492986557568673,0.000213790744813338,0.0136145384345955,1.32686877526202,1.05318999261325e-07,1.20456634359662
"chr11_10978247_10978585","ENSG00000236287","ZBED5","zinc finger BED-type containing 5","chr11",10978247,10978585,"Distal Intergenic",-119451,0.433781414377557,0.00143943852675901,0.0136145384345955,1.32686877526202,1.87013234089412e-06,1.03427829969179
"chr11_10920179_10920700","ENSG00000236287","ZBED5","zinc finger BED-type containing 5","chr11",10920179,10920700,"Distal Intergenic",-61383,-0.430894665368401,0.00156816994222978,0.0136145384345955,1.32686877526202,0.00147943990575108,2.06350911236677
"chr11_10986140_10986519","ENSG00000236287","ZBED5","zinc finger BED-type containing 5","chr11",10986140,10986519,"Distal Intergenic",-127344,-0.543059788941899,3.21566964080164e-05,0.0136145384345955,1.32686877526202,0.00399644088658012,2.14619122598526
"chr9_7094546_7095415","ENSG00000107077","KDM4C","lysine demethylase 4C","chr9",7094546,7095415,"Intron",378051,0.530216247808299,5.38071120246517e-05,0.0136268102234627,0.703768371777941,1.78100077074296e-22,1.62725170305788
"chr9_7297968_7298477","ENSG00000107077","KDM4C","lysine demethylase 4C","chr9",7297968,7298477,"Distal Intergenic",581473,-0.442139099941555,0.00112242774710577,0.0136268102234627,0.703768371777941,2.37512168441426e-07,1.76616754795208
"chr9_6779346_6779686","ENSG00000107077","KDM4C","lysine demethylase 4C","chr9",6779346,6779686,"Intron",62851,0.647983635300994,1.93480187362333e-07,0.0136268102234627,0.703768371777941,1.34776156967963e-06,1.5457140217958
"chr9_7216100_7216326","ENSG00000107077","KDM4C","lysine demethylase 4C","chr9",7216100,7216326,"Distal Intergenic",499605,-0.677786800218106,3.16831044380965e-08,0.0136268102234627,0.703768371777941,0.000599813206864388,2.26032885752572
"chr9_6968256_6968650","ENSG00000107077","KDM4C","lysine demethylase 4C","chr9",6968256,6968650,"Intron",251761,-0.787854878150702,4.90200631574742e-12,0.0136268102234627,0.703768371777941,0.00143372704074628,1.8776267049657
"chr9_7172629_7173408","ENSG00000107077","KDM4C","lysine demethylase 4C","chr9",7172629,7173408,"Intron",456134,-0.416072472238457,0.0023811904590722,0.0136268102234627,0.703768371777941,0.00593184308783451,1.64562970747209
"chr1_147072776_147073315","ENSG00000131791","PRKAB2","protein kinase AMP-activated non-catalytic subunit beta 2","chr1",147072776,147073315,"Distal Intergenic",99235,0.323787258912916,0.0222285648930682,0.0137792010087159,1.58879640575632,4.83016540445847e-44,2.28684558553285
"chr14_20786850_20787254","ENSG00000169413","RNASE6","ribonuclease A family member k6","chr14",20786850,20787254,"Distal Intergenic",5799,-0.32583284628872,0.0213036609702753,0.0137820585404701,3.10382541228258,1.74070523951419e-08,1.85223290968659
"chr5_109645695_109646108","ENSG00000112893","MAN2A1","mannosidase alpha class 2A member 1","chr5",109645695,109646108,"Distal Intergenic",-43258,-0.354154794818559,0.0115160989417409,0.0138148757392667,1.3258227324114,0.000131924049265323,1.91634362684365
"chr5_109558404_109558610","ENSG00000112893","MAN2A1","mannosidase alpha class 2A member 1","chr5",109558404,109558610,"Distal Intergenic",-130756,-0.342832094848727,0.0148128858060142,0.0138148757392667,1.3258227324114,0.00843557790330886,1.5419653125471
"chr6_83889739_83889910","ENSG00000065615","CYB5R4","cytochrome b5 reductase 4","chr6",83889739,83889910,"Intron",30096,0.37461096747084,0.00706873861780378,0.0139165229990737,0.888409152651508,3.08262362562469e-10,1.71553728890651
"chr8_27546093_27546370","ENSG00000120915","EPHX2","epoxide hydrolase 2","chr8",27546093,27546370,"Distal Intergenic",55314,-0.511005661406978,0.000111450369031271,0.014602352897644,4.52085136752056,2.8209726401217e-28,3.34327804421018
"chr1_86382884_86383145","ENSG00000122417","ODF2L","outer dense fiber of sperm tails 2 like","chr1",86382884,86383145,"3' UTR",13197,0.284219754529515,0.0478852696929666,0.0146182016104133,0.768915351923148,0.00527751328563332,1.15090427786103
"chr4_41213819_41214985","ENSG00000163697","APBB2","amyloid beta precursor protein binding family B member 2","chr4",41213819,41214985,"5' UTR",1729,-0.378316773816482,0.00644711694591674,0.0147636936593143,1.95316818084602,2.48111889804658e-19,1.07424872423137
"chr4_40992002_40992274","ENSG00000163697","APBB2","amyloid beta precursor protein binding family B member 2","chr4",40992002,40992274,"Intron",224440,0.529865575686733,5.45616060590957e-05,0.0147636936593143,1.95316818084602,4.80650166842961e-05,1.19272263347408
"chr4_40992630_40993265","ENSG00000163697","APBB2","amyloid beta precursor protein binding family B member 2","chr4",40992630,40993265,"Intron",223449,-0.481063705435418,0.000322086593979959,0.0147636936593143,1.95316818084602,0.00265483126735886,1.07245649437586
"chr17_42453512_42453926","ENSG00000033627","ATP6V0A1","ATPase H+ transporting V0 subunit a1","chr17",42453512,42453926,"Distal Intergenic",-4918,0.788720046756283,4.4527898584201e-12,0.0148568222832514,1.17860754753073,5.80346345710145e-12,1.333818498931
"chr7_55413313_55413706","ENSG00000132434","LANCL2","LanC like 2","chr7",55413313,55413706,"Intron",47865,0.432034366416171,0.00151681770537704,0.0152782479277733,1.13314783471505,0.00012682265241197,1.84283167533403
"chr7_55439475_55440235","ENSG00000132434","LANCL2","LanC like 2","chr7",55439475,55440235,"Intron",74027,0.369491525423729,0.00801483122867267,0.0152782479277733,1.13314783471505,0.000385584210036752,1.17132623753089
"chr9_126945682_126945932","ENSG00000136828","RALGPS1","Ral GEF with PH domain and SH3 binding motif 1","chr9",126945682,126945932,"Intron",30908,-0.420624848570599,0.00209307472043157,0.0152782479277733,1.33409175454027,0.00554535504719563,2.11452904237378
"chr7_55406281_55407189","ENSG00000132434","LANCL2","LanC like 2","chr7",55406281,55407189,"Intron",40833,0.37030976037405,0.00785642122263348,0.0152782479277733,1.13314783471505,0.00689184096671734,1.14429565544934
"chr16_2619682_2620038","ENSG00000260565","ERVK13-1","endogenous retrovirus group K13 member 1","chr16",2619682,2620038,"Distal Intergenic",53406,-0.453419053185272,0.000791400423151408,0.0152920810784942,1.38960384271989,5.15824505965981e-17,1.61812727299391
"chr1_17304258_17305000","ENSG00000159339","PADI4","peptidyl arginine deiminase 4","chr1",17304258,17305000,"Distal Intergenic",-3195,0.441379310344828,0.00114882308086803,0.0152920810784942,1.22624844116312,0.000147115187392244,1.95466097678042
"chr1_17308083_17308370","ENSG00000159339","PADI4","peptidyl arginine deiminase 4","chr1",17308083,17308370,"Promoter",0,0.371149687933054,0.0077058403660215,0.0152920810784942,1.22624844116312,0.00227862785103864,2.00787593856709
"chr1_17294068_17294316","ENSG00000159339","PADI4","peptidyl arginine deiminase 4","chr1",17294068,17294316,"Distal Intergenic",-13879,0.399380019498925,0.00374868192824633,0.0152920810784942,1.22624844116312,0.009704611241226,2.19036891479382
"chr20_44579616_44579799","ENSG00000168734","PKIG","cAMP-dependent protein kinase inhibitor gamma","chr20",44579616,44579799,"Intron",47831,0.613267095265926,1.25187525310663e-06,0.015522815544868,0.781663914481168,4.11040399722948e-58,3.37080227053521
"chr12_11724933_11725143","ENSG00000139083","ETV6","ETS variant 6","chr12",11724933,11725143,"Intron",75079,0.694623027469316,1.04807261445844e-08,0.0155729003218325,0.633594560560441,9.06604017405543e-07,1.31091882186421
"chr12_11794196_11794485","ENSG00000139083","ETV6","ETS variant 6","chr12",11794196,11794485,"Intron",144342,0.513793103448276,0.000100416662043371,0.0155729003218325,0.633594560560441,0.00385537207074551,1.07205421093518
"chr14_52235241_52236019","ENSG00000168229","PTGDR","prostaglandin D2 receptor","chr14",52235241,52236019,"Distal Intergenic",-31694,0.28361763549264,0.0484166880080463,0.0155729003218325,4.50516868129911,0.00475031041842979,1.00244642399675
"chr20_9442061_9442515","ENSG00000125869","LAMP5","lysosomal associated membrane protein family member 5","chr20",9442061,9442515,"Intron",-71843,0.529236667610527,5.58644465388273e-05,0.0157645206995468,3.73441401429371,2.99001921323001e-06,2.29864614298603
"chr20_9412216_9412736","ENSG00000125869","LAMP5","lysosomal associated membrane protein family member 5","chr20",9412216,9412736,"Intron",-101622,0.520917224796402,7.70329070524383e-05,0.0157645206995468,3.73441401429371,8.83950540934931e-06,1.48408167215908
"chr20_9510679_9511425","ENSG00000125869","LAMP5","lysosomal associated membrane protein family member 5","chr20",9510679,9511425,"Intron",-2933,0.57212909659239,9.23380104115725e-06,0.0157645206995468,3.73441401429371,4.21427162638757e-05,1.17369404262486
"chr20_9375001_9376002","ENSG00000125869","LAMP5","lysosomal associated membrane protein family member 5","chr20",9375001,9376002,"Intron",-138356,0.50457855147222,0.000141056865622544,0.0157645206995468,3.73441401429371,4.28266350013406e-05,1.82258178767061
"chr20_9442765_9443127","ENSG00000125869","LAMP5","lysosomal associated membrane protein family member 5","chr20",9442765,9443127,"Intron",-71231,0.530884010933587,5.24039897840824e-05,0.0157645206995468,3.73441401429371,8.50126256584353e-05,1.39646529521643
"chr20_9447266_9447521","ENSG00000125869","LAMP5","lysosomal associated membrane protein family member 5","chr20",9447266,9447521,"Intron",-66837,0.45722760854693,0.000701403896004157,0.0157645206995468,3.73441401429371,0.00079170251075716,1.88718070283229
"chr20_9491301_9491658","ENSG00000125869","LAMP5","lysosomal associated membrane protein family member 5","chr20",9491301,9491658,"Distal Intergenic",-22700,0.431315796335383,0.00155046636843337,0.0157645206995468,3.73441401429371,0.000854421972719746,1.07267471567234
"chr20_9457996_9458758","ENSG00000125869","LAMP5","lysosomal associated membrane protein family member 5","chr20",9457996,9458758,"Intron",-55600,0.64307767433786,2.5438009468861e-07,0.0157645206995468,3.73441401429371,0.00108594204026601,1.54881377256153
"chr20_9374086_9374721","ENSG00000125869","LAMP5","lysosomal associated membrane protein family member 5","chr20",9374086,9374721,"Intron",-139637,0.481224108552953,0.000320337670165549,0.0157645206995468,3.73441401429371,0.00171503506391236,2.01287150553959
"chr20_9359647_9360875","ENSG00000125869","LAMP5","lysosomal associated membrane protein family member 5","chr20",9359647,9360875,"Intron",-153483,0.344753844544357,0.0142253574835484,0.0157645206995468,3.73441401429371,0.00370592989746752,1.42020038503201
"chr4_182809056_182809780","ENSG00000129187","DCTD","dCMP deaminase","chr4",182809056,182809780,"Distal Intergenic",108156,0.515955581531268,9.2516454711866e-05,0.0158749395724215,0.79931657072337,3.95641586269133e-38,1.71920196106553
"chr4_182863530_182863855","ENSG00000129187","DCTD","dCMP deaminase","chr4",182863530,182863855,"Distal Intergenic",54081,0.495441262419638,0.000196242705680028,0.0158749395724215,0.79931657072337,7.91371530354051e-06,2.04684530980821
"chr4_182846499_182847145","ENSG00000129187","DCTD","dCMP deaminase","chr4",182846499,182847145,"Distal Intergenic",70791,0.652016364699006,1.53561319222535e-07,0.0158749395724215,0.79931657072337,0.000894987559117028,1.40556554392078
"chr4_182828599_182828975","ENSG00000129187","DCTD","dCMP deaminase","chr4",182828599,182828975,"Distal Intergenic",88961,-0.322443015780246,0.0228406933996925,0.0158749395724215,0.79931657072337,0.00846156909553351,1.15906282117333
"chr3_13575381_13575926","ENSG00000163520","FBLN2","fibulin 2","chr3",13575381,13575926,"Intron",26250,-0.638524817789052,3.28336584907641e-07,0.015985860798018,2.18931343510793,2.92904624270411e-06,2.60371896678411
"chr3_13516160_13516452","ENSG00000163520","FBLN2","fibulin 2","chr3",13516160,13516452,"Distal Intergenic",-32679,-0.419253025439968,0.00217305722750203,0.015985860798018,2.18931343510793,0.00127603617715725,1.55609844511085
"chr3_13536660_13537212","ENSG00000163520","FBLN2","fibulin 2","chr3",13536660,13537212,"Distal Intergenic",-11919,-0.682758620689655,2.30031056869001e-08,0.015985860798018,2.18931343510793,0.00678461763107838,1.39706470150712
"chr2_138237682_138238314","ENSG00000144228","SPOPL","speckle type BTB/POZ protein like","chr2",138237682,138238314,"Distal Intergenic",-263487,-0.751267552206908,1.36395493183177e-10,0.0160501223546464,1.09581210682943,2.13447981381069e-05,1.93188782240693
"chr2_138622600_138623097","ENSG00000144228","SPOPL","speckle type BTB/POZ protein like","chr2",138622600,138623097,"Distal Intergenic",120799,-0.364289888953828,0.00908502766525692,0.0160501223546464,1.09581210682943,0.000365601490531364,1.00488311010569
"chr2_138267886_138268210","ENSG00000144228","SPOPL","speckle type BTB/POZ protein like","chr2",138267886,138268210,"Distal Intergenic",-233591,-0.353591601948168,0.0116655952232076,0.0160501223546464,1.09581210682943,0.00268303411576261,2.47592790561168
"chr7_78026355_78026797","ENSG00000006576","PHTF2","putative homeodomain transcription factor 2","chr7",78026355,78026797,"Intron",227563,-0.488551849144044,0.00024978842439228,0.0162626511967382,1.20155232154129,6.30796811311998e-05,2.49310086751759
"chr9_73200659_73200917","ENSG00000135046","ANXA1","annexin A1","chr9",73200659,73200917,"Distal Intergenic",48902,0.467329047340736,0.000508053244726425,0.0164155127298275,3.11521503738908,2.12949921702137e-05,1.19589298202225
"chr19_17752885_17753126","ENSG00000130475","FCHO1","FCH domain only 1","chr19",17752885,17753126,"Intron",5167,0.420455873758036,0.00210214482095454,0.016605999703051,0.637248952099297,0.00315399104134647,1.1242926014923
"chr7_66463834_66464618","ENSG00000237310","GS1-124K5.4","uncharacterized LOC100289098","chr7",66463834,66464618,"Distal Intergenic",-29088,-0.323378141437756,0.0224036840806124,0.016664694272794,1.43906870927739,0.000128953610510951,1.04261314332033
"chr4_99723453_99724271","ENSG00000070190","DAPP1","dual adaptor of phosphotyrosine and 3-phosphoinositides 1","chr4",99723453,99724271,"Distal Intergenic",-92562,-0.477860592564082,0.000358368102860081,0.0170795675284436,0.686708537235872,0.00343316095736217,2.14612065330683
"chr2_38648050_38648349","ENSG00000143891","GALM","galactose mutarotase","chr2",38648050,38648349,"Distal Intergenic",-17561,-0.315371127995324,0.0264345136149756,0.0171136411178156,1.22194100311393,0.00211215452018918,1.21388715559831
"chr6_122445374_122445562","ENSG00000111897","SERINC1","serine incorporator 1","chr6",122445374,122445562,"Intron",26260,0.463595318508262,0.000572307314087174,0.0172685068401261,0.774656274716028,0.00021152213913302,1.69514275867605
"chr11_88414342_88415375","ENSG00000109861","CTSC","cathepsin C","chr11",88414342,88415375,"Distal Intergenic",-76555,0.715429573348919,2.37537968378993e-09,0.0173023470145758,1.12615293792186,2.65704116540916e-05,1.08735800448057
"chr19_952825_953334","ENSG00000116017","ARID3A","AT-rich interaction domain 3A","chr19",952825,953334,"Intron",27044,0.356750438340152,0.0108429027184941,0.0174014558872672,1.3221541152252,0.00167493110022626,1.17722618219071
"chr4_2867476_2868267","ENSG00000087274","ADD1","adducin 1","chr4",2867476,2868267,"5' UTR",23619,-0.54780829924021,2.64184240317696e-05,0.0174261393823088,0.714829873251115,2.66360088399693e-07,1.01650498406594
"chr1_23119376_23119792","ENSG00000169641","LUZP1","leucine zipper protein 1","chr1",23119376,23119792,"Intron",58016,0.635008766803039,3.9965875911733e-07,0.0174261393823088,0.935069600421591,0.00181792917818448,1.05782118928366
"chr8_54209329_54209720","ENSG00000137547","MRPL15","mitochondrial ribosomal protein L15","chr8",54209329,54209720,"Distal Intergenic",74119,0.455013173488147,0.000751550522509501,0.0174265097198422,1.10153342434028,0.00110223597057476,2.4486013850764
"chr13_30548111_30548374","ENSG00000189403","HMGB1","high mobility group box 1","chr13",30548111,30548374,"Intron",69223,-0.47030976037405,0.00045958078461852,0.0176059698774675,0.690389976812357,3.84952428842192e-07,1.00415892326724
"chr3_25592000_25592995","ENSG00000077097","TOP2B","DNA topoisomerase II beta","chr3",25592000,25592995,"Intron",71912,0.525073056691993,6.55986934000311e-05,0.0178997470401007,1.16609301012878,8.21479234909261e-10,1.56614108470016
"chr3_25396785_25397509","ENSG00000077097","TOP2B","DNA topoisomerase II beta","chr3",25396785,25397509,"Intron",267398,0.590569704471348,3.88305498525909e-06,0.0178997470401007,1.16609301012878,1.81813417581659e-07,2.42772765282929
"chr3_25394896_25395258","ENSG00000077097","TOP2B","DNA topoisomerase II beta","chr3",25394896,25395258,"Intron",269649,0.544912343087764,2.97904366235848e-05,0.0178997470401007,1.16609301012878,3.00065618119565e-06,2.81064917445992
"chr4_168631172_168632032","ENSG00000129116","PALLD","palladin, cytoskeletal associated protein","chr4",168631172,168632032,"5' UTR",134106,0.715525924526717,2.36498250096364e-09,0.0181483847800627,3.90066133564545,0.000312673875468473,1.34157544707027
"chr4_168611245_168611439","ENSG00000129116","PALLD","palladin, cytoskeletal associated protein","chr4",168611245,168611439,"Intron",114179,0.75441968110428,1.04128705652684e-10,0.0181483847800627,3.90066133564545,0.000427634282517601,1.66468239759168
"chr4_168643058_168643368","ENSG00000129116","PALLD","palladin, cytoskeletal associated protein","chr4",168643058,168643368,"Intron",145992,0.571145964189002,9.65342544296e-06,0.0181483847800627,3.90066133564545,0.00376117191287075,2.2957539816732
"chr11_103325888_103326562","ENSG00000187240","DYNC2H1","dynein cytoplasmic 2 heavy chain 1","chr11",103325888,103326562,"Intron",216457,0.338592413631092,0.0162017862561171,0.0182192515380832,4.49450588851566,6.43974506314251e-18,1.47516707826649
"chr2_122135322_122136312","ENSG00000211460","TSN","translin","chr2",122135322,122136312,"Distal Intergenic",398219,0.433372296902396,0.00145758583521061,0.0182192515380832,0.94200545097358,1.6093024900562e-11,1.97624619938887
"chr2_122155947_122156726","ENSG00000211460","TSN","translin","chr2",122155947,122156726,"Distal Intergenic",418844,0.368322618351841,0.00824909742014247,0.0182192515380832,0.94200545097358,9.41335672074016e-09,1.84643498940736
"chr7_100180753_100180988","ENSG00000066923","STAG3","stromal antigen 3","chr7",100180753,100180988,"Exon",3190,0.342494776406759,0.0149174877593769,0.0182192515380832,1.79461701161438,6.27057778877171e-07,1.04160209922824
"chr2_122031923_122032461","ENSG00000211460","TSN","translin","chr2",122031923,122032461,"Distal Intergenic",294820,0.296610169491525,0.0380463863081076,0.0182192515380832,0.94200545097358,2.80849882548057e-06,2.11608219940882
"chr2_122009448_122010285","ENSG00000211460","TSN","translin","chr2",122009448,122010285,"Distal Intergenic",272345,0.33115137346581,0.0190511949586691,0.0182192515380832,0.94200545097358,7.40336696322365e-06,2.26611682329411
"chr4_6275412_6275684","ENSG00000109501","WFS1","wolframin ER transmembrane glycoprotein","chr4",6275412,6275684,"Intron",5563,0.557132214846646,1.77807716445542e-05,0.0182192515380832,1.9480058291524,8.18424436651254e-06,1.80296510046573
"chr2_122163463_122163987","ENSG00000211460","TSN","translin","chr2",122163463,122163987,"Distal Intergenic",426360,0.330683810637054,0.019241011794379,0.0182192515380832,0.94200545097358,2.39593731310406e-05,1.99808860381273
"chr2_121994805_121995037","ENSG00000211460","TSN","translin","chr2",121994805,121995037,"Distal Intergenic",257702,0.302527008316943,0.0339953142211636,0.0182192515380832,0.94200545097358,0.000114244683865841,2.35580810096806
"chr4_6395669_6396415","ENSG00000109501","WFS1","wolframin ER transmembrane glycoprotein","chr4",6395669,6396415,"Intron",125820,0.443554516223327,0.0010741873692534,0.0182192515380832,1.9480058291524,0.000127145288663937,2.30204962076553
"chr4_6308718_6309621","ENSG00000109501","WFS1","wolframin ER transmembrane glycoprotein","chr4",6308718,6309621,"Distal Intergenic",38869,0.651117937684564,1.62133594819071e-07,0.0182192515380832,1.9480058291524,0.000176157731760173,1.02128554913052
"chr4_6324375_6325554","ENSG00000109501","WFS1","wolframin ER transmembrane glycoprotein","chr4",6324375,6325554,"Intron",54526,0.465556047642402,0.00053685871360156,0.0182192515380832,1.9480058291524,0.0014958955281952,1.3857801910867
"chr16_58081490_58082159","ENSG00000070761","CFAP20","cilia and flagella associated protein 20","chr16",58081490,58082159,"Distal Intergenic",47291,0.552696561960839,2.14749163553339e-05,0.0182433233840973,0.88107634521402,4.32000111152336e-06,2.30479812035473
"chr16_58102881_58103378","ENSG00000070761","CFAP20","cilia and flagella associated protein 20","chr16",58102881,58103378,"Distal Intergenic",26072,0.374050263004091,0.00717072382125853,0.0182433233840973,0.88107634521402,0.00114639491980629,1.3861278362482
"chr16_58100646_58101130","ENSG00000070761","CFAP20","cilia and flagella associated protein 20","chr16",58100646,58101130,"Distal Intergenic",28320,0.655639976621859,1.22933203231444e-07,0.0182433233840973,0.88107634521402,0.00509620091394876,1.36881829375439
"chr16_58111310_58111571","ENSG00000070761","CFAP20","cilia and flagella associated protein 20","chr16",58111310,58111571,"Downstream (2-3kb)",17879,0.554888294745012,1.95709931343815e-05,0.0182433233840973,0.88107634521402,0.00738413867013364,1.49350575294781
"chr17_7184017_7184327","ENSG00000141505","ASGR1","asialoglycoprotein receptor 1","chr17",7184017,7184327,"Distal Intergenic",-4453,0.497157350769285,0.000184879563887184,0.0185155172565136,4.07114996412916,5.70887202022703e-05,1.7621061781003
"chr20_5164716_5165485","ENSG00000101290","CDS2","CDP-diacylglycerol synthase 2","chr20",5164716,5165485,"Intron",37930,0.428112215078901,0.00170020907903548,0.018705152233034,0.829932078159514,0.00175670428922191,1.33554738852618
"chr15_77990249_77991081","ENSG00000167202","TBC1D2B","TBC1 domain family member 2B","chr15",77990249,77991081,"Intron",86643,0.446814728229106,0.000972342257071149,0.0189266059882786,1.21018275153477,2.40940304713844e-14,1.00338421364075
"chr15_77954024_77954188","ENSG00000167202","TBC1D2B","TBC1 domain family member 2B","chr15",77954024,77954188,"Exon",123536,0.533196960841613,4.794217083566e-05,0.0189266059882786,1.21018275153477,0.00129409015685201,1.60920484293794
"chr3_45321771_45322516","ENSG00000011376","LARS2","leucyl-tRNA synthetase 2, mitochondrial","chr3",45321771,45322516,"Distal Intergenic",-65990,0.591525423728814,3.70743946207164e-06,0.0189875673616064,1.64532102885664,1.29472802747862e-07,2.03505821279018
"chr3_45330414_45331170","ENSG00000011376","LARS2","leucyl-tRNA synthetase 2, mitochondrial","chr3",45330414,45331170,"Distal Intergenic",-57336,0.607071887784921,1.71840867605965e-06,0.0189875673616064,1.64532102885664,3.43925184280917e-05,1.67191031897048
"chr3_45381154_45381920","ENSG00000011376","LARS2","leucyl-tRNA synthetase 2, mitochondrial","chr3",45381154,45381920,"Distal Intergenic",-6586,0.628053769725307,5.77946715658523e-07,0.0189875673616064,1.64532102885664,0.00151131282788923,1.3982676136974
"chr14_52045763_52046093","ENSG00000087303","NID2","nidogen 2","chr14",52045763,52046093,"Intron",23135,0.539057519064167,3.79093023086528e-05,0.0191097858586968,3.09444650649378,4.44490816083892e-10,3.13284390962122
"chr14_52042737_52043518","ENSG00000087303","NID2","nidogen 2","chr14",52042737,52043518,"Exon",25710,0.657501587286867,1.10145568317044e-07,0.0191097858586968,3.09444650649378,4.82772249964162e-05,2.28429903575731
"chr14_52115398_52115758","ENSG00000087303","NID2","nidogen 2","chr14",52115398,52115758,"Intron",-46170,0.611007921894482,1.40263753995936e-06,0.0191097858586968,3.09444650649378,0.00228748969698133,2.08055916846505
"chr14_52153933_52154599","ENSG00000087303","NID2","nidogen 2","chr14",52153933,52154599,"Distal Intergenic",-84705,0.69205275201659,1.24460529397377e-08,0.0191097858586968,3.09444650649378,0.00965370898232653,1.3441612135025
"chr14_103121715_103123465","ENSG00000185215","TNFAIP2","TNF alpha induced protein 2","chr14",103121715,103123465,"Promoter",0,0.504683002435557,0.000140549406845087,0.0192817294712024,3.5939165160764,4.8161061324813e-07,1.0092634183461
"chr14_103119055_103119350","ENSG00000185215","TNFAIP2","TNF alpha induced protein 2","chr14",103119055,103119350,"Distal Intergenic",-4092,0.773740119020628,1.89235589675414e-11,0.0192817294712024,3.5939165160764,0.001941311727388,1.26542206175485
"chr14_103136897_103137292","ENSG00000185215","TNFAIP2","TNF alpha induced protein 2","chr14",103136897,103137292,"3' UTR",13455,0.658581136016739,1.03152588060579e-07,0.0192817294712024,3.5939165160764,0.00769699818079858,1.78856120750382
"chr9_76166340_76167097","ENSG00000135002","RFK","riboflavin kinase","chr9",76166340,76167097,"Intron",227420,0.522753184012304,7.17459288157033e-05,0.0201566651344199,1.21844660899258,5.34191763517746e-06,2.68080417577452
"chr9_76269682_76270072","ENSG00000135002","RFK","riboflavin kinase","chr9",76269682,76270072,"Intron",124445,0.296623782980227,0.0380420042385511,0.0201566651344199,1.21844660899258,0.000876719139045411,2.43478629643608
"chr9_76325220_76325789","ENSG00000135002","RFK","riboflavin kinase","chr9",76325220,76325789,"Intron",68728,0.288080269009994,0.0446056340641877,0.0201566651344199,1.21844660899258,0.00212064884713626,2.11704531699786
"chr9_76203430_76203679","ENSG00000135002","RFK","riboflavin kinase","chr9",76203430,76203679,"Intron",190838,0.319789548886055,0.0241201575568954,0.0201566651344199,1.21844660899258,0.00844097496257885,2.09445595714073
"chr9_76181049_76181508","ENSG00000135002","RFK","riboflavin kinase","chr9",76181049,76181508,"Exon",213009,0.441531875147587,0.00114416872755401,0.0201566651344199,1.21844660899258,0.00986871069201007,1.78177688965532
"chr5_50613031_50613446","ENSG00000151883","PARP8","poly(ADP-ribose) polymerase family member 8","chr5",50613031,50613446,"Distal Intergenic",-52453,0.515663354763296,9.36225781975466e-05,0.0202039582965428,1.39176286080859,0.00013393774953053,1.45865954421132
"chr5_50702653_50702891","ENSG00000151883","PARP8","poly(ADP-ribose) polymerase family member 8","chr5",50702653,50702891,"Intron",36754,0.574634716540035,8.23209974186794e-06,0.0202039582965428,1.39176286080859,0.000411721451967872,1.20825799118057
"chr5_50560099_50560253","ENSG00000151883","PARP8","poly(ADP-ribose) polymerase family member 8","chr5",50560099,50560253,"Distal Intergenic",-105646,0.424699367365139,0.00187464745833704,0.0202039582965428,1.39176286080859,0.000431526785655298,1.51159736764273
"chr5_50634797_50635390","ENSG00000151883","PARP8","poly(ADP-ribose) polymerase family member 8","chr5",50634797,50635390,"Distal Intergenic",-30509,-0.562302746931619,1.42807498724743e-05,0.0202039582965428,1.39176286080859,0.00162744555590299,1.34905587016636
"chr5_50574122_50574765","ENSG00000151883","PARP8","poly(ADP-ribose) polymerase family member 8","chr5",50574122,50574765,"Distal Intergenic",-91134,-0.36031560490941,0.00998634157565992,0.0202039582965428,1.39176286080859,0.00207593847636449,1.42878234894014
"chr5_50576634_50577159","ENSG00000151883","PARP8","poly(ADP-ribose) polymerase family member 8","chr5",50576634,50577159,"Distal Intergenic",-88740,0.411513734658095,0.0027052137840216,0.0202039582965428,1.39176286080859,0.00643935548535337,1.30454291889414
"chr6_139361108_139361870","ENSG00000164442","CITED2","Cbp/p300 interacting transactivator with Glu/Asp rich carboxy-terminal domain 2","chr6",139361108,139361870,"Distal Intergenic",12750,0.758679135008767,7.2248408847125e-11,0.020236404489722,1.08189596067789,5.2724929947002e-17,1.29938471717769
"chr12_7948791_7949409","ENSG00000059804","SLC2A3","solute carrier family 2 member 3","chr12",7948791,7949409,"Distal Intergenic",-12516,0.66031560490941,9.34811508903203e-08,0.020236404489722,1.37015311308587,8.90197070017358e-07,1.22498152791467
"chr6_139422392_139422817","ENSG00000164442","CITED2","Cbp/p300 interacting transactivator with Glu/Asp rich carboxy-terminal domain 2","chr6",139422392,139422817,"Distal Intergenic",-47772,0.731326709526593,7.05507652082225e-10,0.020236404489722,1.08189596067789,0.000635752228745149,1.1497491179364
"chr6_139337984_139338322","ENSG00000164442","CITED2","Cbp/p300 interacting transactivator with Glu/Asp rich carboxy-terminal domain 2","chr6",139337984,139338322,"Distal Intergenic",36298,0.722852133255406,1.34967982929729e-09,0.020236404489722,1.08189596067789,0.00106864364984185,1.60222960729665
"chr6_139396033_139396331","ENSG00000164442","CITED2","Cbp/p300 interacting transactivator with Glu/Asp rich carboxy-terminal domain 2","chr6",139396033,139396331,"Distal Intergenic",-21413,0.644535359438925,2.35387870286875e-07,0.020236404489722,1.08189596067789,0.00382406801123284,1.13652299711643
"chr2_236753565_236754477","ENSG00000144476","ACKR3","atypical chemokine receptor 3","chr2",236753565,236754477,"Exon",185778,-0.58723974410692,4.5446225055246e-06,0.0204638758623371,3.71081797268543,1.17907174029345e-07,2.13571840973002
"chr15_55942287_55942881","ENSG00000069869","NEDD4","neural precursor cell expressed, developmentally down-regulated 4, E3 ubiquitin protein ligase","chr15",55942287,55942881,"Intron",50865,0.739451747074787,3.6093967008522e-10,0.0204638758623371,3.57313295579104,0.000167367902426796,1.82616411689683
"chr15_55929091_55929538","ENSG00000069869","NEDD4","neural precursor cell expressed, developmentally down-regulated 4, E3 ubiquitin protein ligase","chr15",55929091,55929538,"Intron",64208,0.760099522212501,6.37415760216531e-11,0.0204638758623371,3.57313295579104,0.0032324979254059,2.10910245270803
"chr2_236607528_236607877","ENSG00000144476","ACKR3","atypical chemokine receptor 3","chr2",236607528,236607877,"Distal Intergenic",39741,0.610437702395568,1.44148819502043e-06,0.0204638758623371,3.71081797268543,0.00328447547632914,1.38510252505306
"chr8_11796411_11796668","ENSG00000079459","FDFT1","farnesyl-diphosphate farnesyltransferase 1","chr8",11796411,11796668,"Promoter",838,0.337234617724744,0.0166874615224898,0.0204638758623371,0.675199668432937,0.00456069664268039,1.18504475805509
"chr15_55936865_55937410","ENSG00000069869","NEDD4","neural precursor cell expressed, developmentally down-regulated 4, E3 ubiquitin protein ligase","chr15",55936865,55937410,"Intron",56336,0.799959298775609,1.37983014688536e-12,0.0204638758623371,3.57313295579104,0.00908416798441655,1.93539963949436
"chr1_85311807_85312449","ENSG00000142867","BCL10","B cell CLL/lymphoma 10","chr1",85311807,85312449,"Intron",-34717,-0.288194038573933,0.0445089287065447,0.0204770656732786,0.783147315502077,5.31644855219907e-06,1.62322496411589
"chr1_85313860_85314189","ENSG00000142867","BCL10","B cell CLL/lymphoma 10","chr1",85313860,85314189,"Intron",-36770,-0.422536857684755,0.00198748636004204,0.0204770656732786,0.783147315502077,1.71816295775515e-05,2.0681025501053
"chr1_85289896_85290759","ENSG00000142867","BCL10","B cell CLL/lymphoma 10","chr1",85289896,85290759,"Intron",-12806,-0.465692577440094,0.000534532794872016,0.0204770656732786,0.783147315502077,0.000134267511542064,1.51560765445331
"chr1_85321682_85322035","ENSG00000142867","BCL10","B cell CLL/lymphoma 10","chr1",85321682,85322035,"Intron",-44592,-0.633757130835447,4.26634562284813e-07,0.0204770656732786,0.783147315502077,0.00141674915678889,1.93306271502128
"chr11_59010819_59010973","ENSG00000255240","LOC283194","uncharacterized LOC283194","chr11",59010819,59010973,"Intron",47686,0.487943889471398,0.000255008621332369,0.0208074218569683,2.00733167452445,1.84775064834081e-08,1.21170959605968
"chr11_59065413_59065580","ENSG00000255240","LOC283194","uncharacterized LOC283194","chr11",59065413,59065580,"Distal Intergenic",-6754,-0.322431685453637,0.0228424554705609,0.0208074218569683,2.00733167452445,1.62392307982755e-06,1.70459913704211
"chr11_58999221_58999617","ENSG00000255240","LOC283194","uncharacterized LOC283194","chr11",58999221,58999617,"Intron",59042,0.640888506039462,2.87723171913031e-07,0.0208074218569683,2.00733167452445,1.9270256509082e-06,2.02542353778192
"chr11_59051499_59051736","ENSG00000255240","LOC283194","uncharacterized LOC283194","chr11",59051499,59051736,"Intron",6923,0.608621955936052,1.58573943024717e-06,0.0208074218569683,2.00733167452445,0.0050837867277489,1.45451740376061
"chr1_183554665_183555072","ENSG00000116701","NCF2","neutrophil cytosolic factor 2","chr1",183554665,183555072,"Intron",35804,0.431969608416131,0.00151961859252987,0.0208381872388146,2.89780479884498,4.55273704403956e-06,1.0545225607576
"chr2_199738671_199740147","ENSG00000226124","FTCDNL1","formiminotransferase cyclodeaminase N-terminal like","chr2",199738671,199740147,"Distal Intergenic",111026,0.614930690945435,1.14794655617702e-06,0.0208886541309818,3.42533435851736,0.00859034384735594,1.08219124277166
"chr12_3225308_3226103","ENSG00000011105","TSPAN9","tetraspanin 9","chr12",3225308,3226103,"Intron",147953,0.596103357424963,2.95885365187946e-06,0.020923974858895,3.78606403524506,0.000277469134644106,1.19062329904038
"chr12_3218108_3219115","ENSG00000011105","TSPAN9","tetraspanin 9","chr12",3218108,3219115,"Intron",140753,0.343645144522708,0.0145567481288741,0.020923974858895,3.78606403524506,0.000708243715779923,1.17637680513602
"chr12_3215031_3215798","ENSG00000011105","TSPAN9","tetraspanin 9","chr12",3215031,3215798,"Exon",137676,0.323493664849087,0.0223605280126665,0.020923974858895,3.78606403524506,0.000872156759049539,1.44492443580679
"chr12_70487545_70487971","ENSG00000135643","KCNMB4","potassium calcium-activated channel subfamily M regulatory beta subunit 4","chr12",70487545,70487971,"Intron",121269,0.378748028000975,0.00638485453525871,0.0209690341173647,1.56089783872767,3.07722173395003e-06,1.61726151966928
"chr12_70459922_70460024","ENSG00000135643","KCNMB4","potassium calcium-activated channel subfamily M regulatory beta subunit 4","chr12",70459922,70460024,"Distal Intergenic",93646,0.402513521761012,0.00345542570925803,0.0209690341173647,1.56089783872767,0.00107319892625871,1.32874513133855
"chr19_33414308_33414670","ENSG00000153879","CEBPG","CCAAT enhancer binding protein gamma","chr19",33414308,33414670,"Intron",40978,0.400175404410428,0.00367393598038923,0.0210841488726803,1.20929643788136,0.000892676216209485,2.30999376077213
"chr9_37403035_37403488","ENSG00000137106","GRHPR","glyoxylate and hydroxypyruvate reductase","chr9",37403035,37403488,"Distal Intergenic",-19178,-0.330800701344243,0.0191933968129226,0.0210841488726803,0.842955159359102,0.00567001396772258,1.13697025068913
"chr15_59406354_59406966","ENSG00000157483","MYO1E","myosin IE","chr15",59406354,59406966,"Intron",-33454,0.72424539850758,1.21733785193019e-09,0.0211438161943407,3.4076032945013,3.22157946856068e-05,1.40248328138083
"chr3_58338587_58338808","ENSG00000168297","PXK","PX domain containing serine/threonine kinase like","chr3",58338587,58338808,"Intron",5707,0.50479251899474,0.000139975551485085,0.0211507672941394,0.74774096026252,3.59087570934994e-11,2.50252762812007
"chr1_1924419_1924687","ENSG00000178821","TMEM52","transmembrane protein 52","chr1",1924419,1924687,"Exon",-5146,0.353572274627411,0.0116689949860715,0.0211507672941394,4.58636146216536,9.20964224655511e-11,1.74964970276118
"chr2_9720629_9721593","ENSG00000134308","YWHAQ","tyrosine 3-monooxygenase/tryptophan 5-monooxygenase activation protein theta","chr2",9720629,9721593,"Distal Intergenic",-89615,0.321098772647575,0.0234825091718199,0.0213228589145369,0.894337162967937,1.44426923131656e-10,1.29378021943908
"chr2_9690098_9690906","ENSG00000134308","YWHAQ","tyrosine 3-monooxygenase/tryptophan 5-monooxygenase activation protein theta","chr2",9690098,9690906,"Intron",-59084,0.539918176504968,3.66152352345756e-05,0.0213228589145369,0.894337162967937,4.02436599949208e-10,1.75527809052864
"chr2_9703134_9703929","ENSG00000134308","YWHAQ","tyrosine 3-monooxygenase/tryptophan 5-monooxygenase activation protein theta","chr2",9703134,9703929,"Intron",-72120,0.342548217416715,0.0149018941109213,0.0213228589145369,0.894337162967937,8.13318473220439e-08,1.48825552835806
"chr2_9717929_9718224","ENSG00000134308","YWHAQ","tyrosine 3-monooxygenase/tryptophan 5-monooxygenase activation protein theta","chr2",9717929,9718224,"Distal Intergenic",-86915,0.64308052710627,2.5438009468861e-07,0.0213228589145369,0.894337162967937,0.000896928834624955,2.0037694135638
"chr9_112682277_112682576","ENSG00000148153","INIP","INTS3 and NABP interacting protein","chr9",112682277,112682576,"Downstream (1-2kb)",35660,0.613150204558738,1.2596537351214e-06,0.0214122570607744,1.1628535634983,3.10506892799222e-11,2.93985276615131
"chr9_112621258_112621572","ENSG00000148153","INIP","INTS3 and NABP interacting protein","chr9",112621258,112621572,"Intron",96664,-0.414436002337814,0.00249500297576231,0.0214122570607744,1.1628535634983,8.31154284254161e-06,1.43265074456592
"chr3_157445776_157446251","ENSG00000163661","PTX3","pentraxin 3","chr3",157445776,157446251,"Intron",8987,0.32484872605736,0.0217672977437343,0.0218669699349961,6.48916777248649,0.000826089660312789,2.24429735466349
"chr7_149787525_149787929","ENSG00000197558","SSPO","SCO-spondin","chr7",149787525,149787929,"Exon",11483,0.380484132393918,0.00612048748495568,0.0218772166590831,3.63810182329006,2.97831434207134e-30,2.66048322858372
"chr4_55336097_55336923","ENSG00000128039","SRD5A3","steroid 5 alpha-reductase 3","chr4",55336097,55336923,"Distal Intergenic",-9186,0.800935270863983,1.23522436746618e-12,0.0218772166590831,1.86935988923938,1.93358847777904e-05,1.71138218489586
"chr4_55305250_55305947","ENSG00000128039","SRD5A3","steroid 5 alpha-reductase 3","chr4",55305250,55305947,"Distal Intergenic",-40162,0.743650453651408,2.59047087946226e-10,0.0218772166590831,1.86935988923938,2.72248408473811e-05,1.75845910357125
"chr4_55318701_55319081","ENSG00000128039","SRD5A3","steroid 5 alpha-reductase 3","chr4",55318701,55319081,"Distal Intergenic",-27028,0.774981741432979,1.70661604445548e-11,0.0218772166590831,1.86935988923938,0.000352510802342916,1.55225224245085
"chr3_14119049_14119430","ENSG00000163528","CHCHD4","coiled-coil-helix-coiled-coil-helix domain containing 4","chr3",14119049,14119430,"3' UTR",5440,0.33458543507927,0.0176981553716873,0.0218772166590831,1.42723358409875,0.000447652637185422,1.99705654720444
"chr4_55242277_55243144","ENSG00000128039","SRD5A3","steroid 5 alpha-reductase 3","chr4",55242277,55243144,"Distal Intergenic",-102965,0.742452148801553,2.87539306338711e-10,0.0218772166590831,1.86935988923938,0.00140694107816811,1.35396272091824
"chr2_237905007_237905688","ENSG00000132329","RAMP1","receptor activity modifying protein 1","chr2",237905007,237905688,"Intron",46114,0.549395733576136,2.47218989440694e-05,0.0223312936499113,6.3524600083907,8.12590626286486e-28,3.15198147829242
"chr2_237858362_237858784","ENSG00000132329","RAMP1","receptor activity modifying protein 1","chr2",237858362,237858784,"Promoter",-109,0.619924623676658,8.84366907156172e-07,0.0223312936499113,6.3524600083907,1.40669764893235e-19,1.97261921182393
"chr2_237859625_237860134","ENSG00000132329","RAMP1","receptor activity modifying protein 1","chr2",237859625,237860134,"Promoter",732,0.804454952517248,8.34581558757049e-13,0.0223312936499113,6.3524600083907,1.21357326838266e-09,2.21925506811273
"chr2_237892569_237892794","ENSG00000132329","RAMP1","receptor activity modifying protein 1","chr2",237892569,237892794,"Intron",33676,0.76421601084641,4.44916421265172e-11,0.0223312936499113,6.3524600083907,2.944149788248e-06,2.16154567303202
"chr2_237873391_237873853","ENSG00000132329","RAMP1","receptor activity modifying protein 1","chr2",237873391,237873853,"Intron",14498,0.773568162714606,1.9233182899701e-11,0.0223312936499113,6.3524600083907,1.11341099346794e-05,1.29761306532699
"chr2_237868661_237868907","ENSG00000132329","RAMP1","receptor activity modifying protein 1","chr2",237868661,237868907,"Intron",9768,0.731626323376152,6.91184169085884e-10,0.0223312936499113,6.3524600083907,0.005688235585959,1.51581631843192
"chr7_158818315_158818906","ENSG00000117868","ESYT2","extended synaptotagmin 2","chr7",158818315,158818906,"Intron",11347,0.580946814728229,6.14173168561192e-06,0.0223934422317313,0.908405378909665,3.91816929903116e-34,1.57353522549927
"chr12_9411550_9412291","ENSG00000260423","LINC02367","long intergenic non-protein coding RNA 2367","chr12",9411550,9412291,"Distal Intergenic",44086,-0.475973114838767,0.000381292737132006,0.0225615356956706,5.59327327963677,9.77194620756684e-15,1.31009552610918
"chr12_9350410_9351286","ENSG00000260423","LINC02367","long intergenic non-protein coding RNA 2367","chr12",9350410,9351286,"Distal Intergenic",-16178,0.38114822924007,0.00601879971603482,0.0225615356956706,5.59327327963677,0.00131278701284145,1.42195005956976
"chr3_187066579_187066929","ENSG00000163923","RPL39L","ribosomal protein L39 like","chr3",187066579,187066929,"Intron",113979,-0.65219170075979,1.52007196275783e-07,0.0226735858656485,1.39730542323906,2.23718155974712e-27,1.35527097138916
"chr3_187133257_187133517","ENSG00000163923","RPL39L","ribosomal protein L39 like","chr3",187133257,187133517,"Intron",47391,-0.39760374050263,0.00393373588574109,0.0226735858656485,1.39730542323906,6.02834880666416e-08,1.4748524645319
"chr3_187072436_187072909","ENSG00000163923","RPL39L","ribosomal protein L39 like","chr3",187072436,187072909,"3' UTR",107999,-0.749503214494448,1.57556278874546e-10,0.0226735858656485,1.39730542323906,0.0022412116829133,1.28844127168142
"chr11_6627546_6628083","ENSG00000166340","TPP1","tripeptidyl peptidase 1","chr11",6627546,6628083,"Exon",-8085,0.651607247223846,1.57542661073422e-07,0.0228133756578392,0.734924574779809,2.09331410827175e-11,1.06409590083461
"chr2_64090346_64090614","ENSG00000225889","LOC100507006","uncharacterized LOC100507006","chr2",64090346,64090614,"Downstream (2-3kb)",-52625,0.656747420052942,1.15124961000616e-07,0.0228133756578392,2.71693875399403,0.000327443054928756,1.21515234947494
"chr5_76431437_76431893","ENSG00000145703","IQGAP2","IQ motif containing GTPase activating protein 2","chr5",76431437,76431893,"Intron",28188,0.617416715371128,1.00723221012704e-06,0.0229676442632005,1.2174597987486,2.78954909769273e-17,1.56325936759432
"chr5_76445859_76446134","ENSG00000145703","IQGAP2","IQ motif containing GTPase activating protein 2","chr5",76445859,76446134,"Intron",42610,0.617360813255726,1.00997673790582e-06,0.0229676442632005,1.2174597987486,0.00428613440983526,2.14545428344344
"chr5_76336699_76336854","ENSG00000145703","IQGAP2","IQ motif containing GTPase activating protein 2","chr5",76336699,76336854,"Intron",-66395,0.283981378851401,0.0481094032683985,0.0229676442632005,1.2174597987486,0.00789212242027615,2.34480036109052
"chr5_76319525_76320358","ENSG00000145703","IQGAP2","IQ motif containing GTPase activating protein 2","chr5",76319525,76320358,"Intron",-82891,0.648626534190532,1.86948132786097e-07,0.0229676442632005,1.2174597987486,0.00985711246163493,1.36358124853257
"chr18_62869222_62870116","ENSG00000081913","PHLPP1","PH domain and leucine rich repeat protein phosphatase 1","chr18",62869222,62870116,"Intron",153772,-0.303540379056059,0.0333121078634731,0.0229706572724976,1.65171298284254,1.48529117111519e-09,1.0586190909
"chr18_62913877_62914283","ENSG00000081913","PHLPP1","PH domain and leucine rich repeat protein phosphatase 1","chr18",62913877,62914283,"Intron",198427,-0.308658932172185,0.0301535980123223,0.0229706572724976,1.65171298284254,0.000211914451275599,1.26192512166919
"chr18_62751516_62752171","ENSG00000081913","PHLPP1","PH domain and leucine rich repeat protein phosphatase 1","chr18",62751516,62752171,"Intron",36066,0.297958766232365,0.0370867772623615,0.0229706572724976,1.65171298284254,0.000873081064021411,1.21588396887188
"chr18_62874610_62874787","ENSG00000081913","PHLPP1","PH domain and leucine rich repeat protein phosphatase 1","chr18",62874610,62874787,"Intron",159160,0.348690074410021,0.0130257174932169,0.0229706572724976,1.65171298284254,0.00817560796306553,1.77466612594978
"chr4_104889018_104889765","ENSG00000168769","TET2","tet methylcytosine dioxygenase 2","chr4",104889018,104889765,"Intron",-256110,-0.405143191116306,0.00322120098063865,0.0230328834456624,1.4370511423823,0.000152794055378707,2.07715618441114
"chr4_104976264_104976568","ENSG00000168769","TET2","tet methylcytosine dioxygenase 2","chr4",104976264,104976568,"Intron",-169307,0.328053769725307,0.0203529149238629,0.0230328834456624,1.4370511423823,0.000824921893135975,1.24998698521177
"chr4_104943078_104943853","ENSG00000168769","TET2","tet methylcytosine dioxygenase 2","chr4",104943078,104943853,"Exon",-202022,0.336411455289305,0.0169921616557613,0.0230328834456624,1.4370511423823,0.00114106657442819,1.66694111700027
"chr15_64180075_64180697","ENSG00000166794","PPIB","peptidylprolyl isomerase B","chr15",64180075,64180697,"3' UTR",-16870,-0.582232612507306,5.77276124599167e-06,0.0230632606592752,0.674386900831327,2.60806283442466e-13,1.12034589585226
"chr16_23957241_23957771","ENSG00000166501","PRKCB","protein kinase C beta","chr16",23957241,23957771,"Intron",121240,0.454237288135593,0.000770779726492481,0.0230957467593078,0.635789681489219,1.12775165401365e-08,1.48410636927016
"chr5_76920532_76920990","ENSG00000145708","CRHBP","corticotropin releasing hormone binding protein","chr5",76920532,76920990,"3' UTR",-31723,0.646865913351323,2.0621728389144e-07,0.0231546822535068,3.77814543854083,0.000114351459357072,2.98976460030956
"chr5_76914511_76915033","ENSG00000145708","CRHBP","corticotropin releasing hormone binding protein","chr5",76914511,76915033,"Intron",-37680,0.785881922939641,5.88676658234963e-12,0.0231546822535068,3.77814543854083,0.00199288192278279,2.33127683867662
"chr5_76944535_76945041","ENSG00000145708","CRHBP","corticotropin releasing hormone binding protein","chr5",76944535,76945041,"Distal Intergenic",-7672,0.785692279618468,5.97731612933138e-12,0.0231546822535068,3.77814543854083,0.00200161678469849,2.36875701181696
"chr15_64521842_64522109","ENSG00000180357","ZNF609","zinc finger protein 609","chr15",64521842,64522109,"Intron",22550,0.38786603608248,0.00507535002391829,0.0231546822535068,0.933810632164947,0.00349830920611715,2.03244129561042
"chr13_48413081_48413249","ENSG00000139679","LPAR6","lysophosphatidic acid receptor 6","chr13",48413081,48413249,"5' UTR",31455,0.296309273763407,0.0382560705285234,0.0232428976880709,5.87864052288349,7.19215528694483e-06,1.40964438822714
"chr13_48403273_48403576","ENSG00000139679","LPAR6","lysophosphatidic acid receptor 6","chr13",48403273,48403576,"Intron",41128,0.486834985160211,0.000264429705110858,0.0232428976880709,5.87864052288349,0.000128246337555689,1.25491352203754
"chr13_48400647_48401760","ENSG00000139679","LPAR6","lysophosphatidic acid receptor 6","chr13",48400647,48401760,"Exon",42944,0.293600646901948,0.040234781275315,0.0232428976880709,5.87864052288349,0.0028313629024277,1.04431427280882
"chr9_25677409_25678916","ENSG00000198680","TUSC1","tumor suppressor candidate 1","chr9",25677409,25678916,"Promoter",0,0.854696360101583,1.43971040762616e-15,0.0234006432667845,1.58058010254683,1.0260241746387e-21,1.43942798502662
"chr11_110522317_110522937","ENSG00000137714","FDX1","ferredoxin 1","chr11",110522317,110522937,"Distal Intergenic",92434,0.284628872004676,0.047568865429174,0.0234006432667845,0.771676405721205,2.22326377799343e-06,1.92835643159602
"chr1_247852765_247853191","ENSG00000162722","TRIM58","tripartite motif containing 58","chr1",247852765,247853191,"Distal Intergenic",-4008,0.686674459380479,1.77094744979264e-08,0.0235373988918937,1.48124962515925,0.000193393959092548,1.05140812135963
"chr6_90251344_90252111","ENSG00000112182","BACH2","BTB domain and CNC homolog 2","chr6",90251344,90252111,"Intron",44797,0.56750438340152,1.13947759484964e-05,0.0236503769058958,0.957900545837466,2.67119342788201e-05,1.43623591697263
"chr6_90271977_90272295","ENSG00000112182","BACH2","BTB domain and CNC homolog 2","chr6",90271977,90272295,"Intron",24613,0.416481589713618,0.0023547031071391,0.0236503769058958,0.957900545837466,0.000636369048855893,1.01141882369444
"chr17_31308599_31308767","ENSG00000185862","EVI2B","ecotropic viral integration site 2B","chr17",31308599,31308767,"Intron",10064,0.552250146113384,2.18619571677003e-05,0.0237853637934187,1.19718357122762,2.06048313014091e-09,1.03140567207696
"chr7_134419828_134420487","ENSG00000085662","AKR1B1","aldo-keto reductase family 1 member B","chr7",134419828,134420487,"Intron",38797,0.5645821157218,1.28990115163092e-05,0.0237868172887358,0.684080704388552,9.90927365038809e-08,2.323862361461
"chr7_47390955_47391151","ENSG00000136205","TNS3","tensin 3","chr7",47390955,47391151,"Intron",191407,-0.495441262419638,0.000196242705680028,0.0239214267529105,1.24790829500347,1.30570582377684e-50,2.50323700653764
"chr6_26375413_26375568","ENSG00000124508","BTN2A2","butyrophilin subfamily 2 member A2","chr6",26375413,26375568,"3' UTR",-7528,0.757334891876096,8.10059289161695e-11,0.0239214267529105,0.763342518025782,2.46834689875302e-09,1.62038092376094
"chr7_47187845_47188992","ENSG00000136205","TNS3","tensin 3","chr7",47187845,47188992,"Distal Intergenic",393566,0.32583284628872,0.0213036609702753,0.0239214267529105,1.24790829500347,1.17603919769591e-07,1.72306591378003
"chr7_47475193_47475598","ENSG00000136205","TNS3","tensin 3","chr7",47475193,47475598,"Intron",106960,0.575920514319112,7.7488507932507e-06,0.0239214267529105,1.24790829500347,8.96174467150169e-07,1.0844060943736
"chr7_47482038_47482659","ENSG00000136205","TNS3","tensin 3","chr7",47482038,47482659,"Intron",99899,0.668147282291058,5.81471034271957e-08,0.0239214267529105,1.24790829500347,4.94797437354568e-05,1.29311258033105
"chr7_47191861_47192461","ENSG00000136205","TNS3","tensin 3","chr7",47191861,47192461,"Distal Intergenic",390097,-0.452834599649328,0.000806223177399363,0.0239214267529105,1.24790829500347,6.90913691769892e-05,1.70002003511802
"chr7_47227492_47228339","ENSG00000136205","TNS3","tensin 3","chr7",47227492,47228339,"Distal Intergenic",354219,0.30958503798948,0.0296332683206574,0.0239214267529105,1.24790829500347,0.000222724906193683,1.3175406502531
"chr8_101313755_101314638","ENSG00000120963","ZNF706","zinc finger protein 706","chr8",101313755,101314638,"Distal Intergenic",-107562,-0.408416130917592,0.00294647555316705,0.0239214267529105,0.931479777766359,0.00022986981122552,1.52206255551728
"chr7_47186153_47186829","ENSG00000136205","TNS3","tensin 3","chr7",47186153,47186829,"Distal Intergenic",395729,-0.386966686148451,0.00519985923284447,0.0239214267529105,1.24790829500347,0.000481774190859051,1.01299750895855
"chr7_47317383_47318009","ENSG00000136205","TNS3","tensin 3","chr7",47317383,47318009,"Intron",264549,0.369399390178437,0.00803286362030166,0.0239214267529105,1.24790829500347,0.000675910829075789,2.18857025082655
"chr7_47513756_47514219","ENSG00000136205","TNS3","tensin 3","chr7",47513756,47514219,"Intron",68339,0.521800116890707,7.44951281224597e-05,0.0239214267529105,1.24790829500347,0.0012392523451906,1.20802637219601
"chr2_197442835_197443131","ENSG00000115524","SF3B1","splicing factor 3b subunit 1","chr2",197442835,197443131,"Distal Intergenic",-7744,-0.314202220923437,0.027068094996848,0.0239214267529105,0.716016617895847,0.00198826428396639,1.1542963815569
"chr8_101143748_101144305","ENSG00000120963","ZNF706","zinc finger protein 706","chr8",101143748,101144305,"Distal Intergenic",61888,0.529573348918761,5.5184902250963e-05,0.0239214267529105,0.931479777766359,0.00634468788044414,1.54907101231411
"chr12_48954950_48955381","ENSG00000134287","ARF3","ADP ribosylation factor 3","chr12",48954950,48955381,"Intron",2170,0.339859731151374,0.0157708231670252,0.0240090342176978,0.726716880590036,1.30129094676859e-11,1.24778239949801
"chr7_101733645_101734087","ENSG00000257923","CUX1","cut like homeobox 1","chr7",101733645,101734087,"Distal Intergenic",-81817,0.606019871420222,1.80832020890276e-06,0.0241953693772281,0.708951388218369,9.40002445865308e-11,1.25551954000203
"chr7_101982050_101982192","ENSG00000257923","CUX1","cut like homeobox 1","chr7",101982050,101982192,"Intron",166146,-0.456107539450614,0.000726792236407623,0.0241953693772281,0.708951388218369,0.00133200491917611,1.00653875993406
"chr7_101879157_101879598","ENSG00000257923","CUX1","cut like homeobox 1","chr7",101879157,101879598,"Intron",63253,0.604383401519579,1.9648002703283e-06,0.0241953693772281,0.708951388218369,0.00220815208956794,1.4052051644699
"chr7_101985205_101985514","ENSG00000257923","CUX1","cut like homeobox 1","chr7",101985205,101985514,"Intron",169301,0.512222563213112,0.000106681244631836,0.0241953693772281,0.708951388218369,0.00277599008672688,1.54386980188643
"chr1_23896371_23896967","ENSG00000188822","CNR2","cannabinoid receptor 2","chr1",23896371,23896967,"Intron",16395,-0.461462031931667,0.00061313344511451,0.0244727671724692,1.69747138958083,1.69453582019646e-12,1.04356061552706
"chr4_89889178_89890003","ENSG00000138722","MMRN1","multimerin 1","chr4",89889178,89890003,"Intron",9646,0.797593691051567,1.77054712312181e-12,0.0244727671724692,4.33994125269064,4.34941510700931e-06,1.43546487983429
"chr1_23907740_23908096","ENSG00000188822","CNR2","cannabinoid receptor 2","chr1",23907740,23908096,"Exon",5266,-0.679174155159513,2.90611212595052e-08,0.0244727671724692,1.69747138958083,1.10286840297894e-05,1.09396843652751
"chr4_89898335_89898716","ENSG00000138722","MMRN1","multimerin 1","chr4",89898335,89898716,"Intron",18803,0.298523836455694,0.0366977791874594,0.0244727671724692,4.33994125269064,3.2088378003925e-05,1.50217624990173
"chr4_89863304_89863843","ENSG00000138722","MMRN1","multimerin 1","chr4",89863304,89863843,"Distal Intergenic",-15689,0.651238020857113,1.6108311585114e-07,0.0244727671724692,4.33994125269064,0.000773567470839746,1.24044886514438
"chrX_41240470_41240986","ENSG00000215301","DDX3X","DEAD-box helicase 3 X-linked","chrX",41240470,41240986,"Distal Intergenic",-92362,0.306838106370544,0.0312429199888695,0.0247027971475443,0.925293035905624,1.42256146054581e-15,1.18439834257459
"chr3_53083727_53084120","ENSG00000163935","SFMBT1","Scm like with four mbt domains 1","chr3",53083727,53084120,"Intron",15333,-0.559964932787843,1.57815388243901e-05,0.0248242918899429,1.20914879282344,5.00693407330427e-08,2.43937922729631
"chr3_53031065_53031417","ENSG00000163935","SFMBT1","Scm like with four mbt domains 1","chr3",53031065,53031417,"Intron",68036,0.504675628287551,0.000140549406845087,0.0248242918899429,1.20914879282344,3.3011749959946e-06,1.47198917700214
"chr8_23598704_23599023","ENSG00000147454","SLC25A37","solute carrier family 25 member 37","chr8",23598704,23599023,"Distal Intergenic",69899,0.685797779076564,1.87938727364114e-08,0.0248242918899429,0.824392277162883,0.000116030415517717,1.19848748617717
"chr2_200618458_200619052","ENSG00000138356","AOX1","aldehyde oxidase 1","chr2",200618458,200619052,"Intron",32590,0.623815872785652,7.19211031661878e-07,0.0248312033432792,4.06459635822832,5.05434221371625e-08,1.18352742984941
"chr22_36769683_36770011","ENSG00000100360","IFT27","intraflagellar transport 27","chr22",36769683,36770011,"Intron",6245,0.422098511127921,0.0020102640421111,0.0248610761283514,0.730593890167138,0.00284026972256689,1.50739478470772
"chr22_36790706_36791067","ENSG00000100360","IFT27","intraflagellar transport 27","chr22",36790706,36791067,"Distal Intergenic",-14450,0.381823495032145,0.00592512727161632,0.0248610761283514,0.730593890167138,0.00356879219732776,1.18450393968884
"chr2_134679681_134680130","ENSG00000152128","TMEM163","transmembrane protein 163","chr2",134679681,134680130,"Intron",38870,0.281811556565448,0.0499642194497668,0.0250369600178367,3.91444336750256,3.06059110140006e-42,2.43294267212494
"chr2_134773393_134773659","ENSG00000152128","TMEM163","transmembrane protein 163","chr2",134773393,134773659,"Intron",-54393,0.497593479812649,0.000182074313641105,0.0250369600178367,3.91444336750256,0.001032107891782,1.14516996899008
"chr22_50541205_50541351","ENSG00000130487","KLHDC7B","kelch domain containing 7B","chr22",50541205,50541351,"Distal Intergenic",-6682,0.30282307609152,0.0337986553835229,0.0251314596064557,2.5853117273786,1.43050163553498e-06,1.95466765375072
"chr11_68115272_68115518","ENSG00000110721","CHKA","choline kinase alpha","chr11",68115272,68115518,"Intron",5926,0.422735242548218,0.00197710067190038,0.0252314367234795,0.869763495788543,0.000964499517977463,1.03628694945296
"chr20_41248601_41249064","ENSG00000174306","ZHX3","zinc fingers and homeoboxes 3","chr20",41248601,41249064,"Intron",68608,0.685271770894214,1.94417576355603e-08,0.025263399813389,0.959090768886495,9.14902826298243e-09,2.20309086314165
"chr20_41249865_41250133","ENSG00000174306","ZHX3","zinc fingers and homeoboxes 3","chr20",41249865,41250133,"Intron",67539,0.457860900058445,0.00068734290493852,0.025263399813389,0.959090768886495,1.49630306520706e-05,1.44010051716173
"chr10_12242117_12242309","ENSG00000165609","NUDT5","nudix hydrolase 5","chr10",12242117,12242309,"Intron",-45973,-0.690239625949737,1.40236377136376e-08,0.025263399813389,0.967266894340822,2.5706281249221e-05,1.01671615039743
"chr20_41245307_41245648","ENSG00000174306","ZHX3","zinc fingers and homeoboxes 3","chr20",41245307,41245648,"Intron",72024,0.555873758036236,1.87219565527169e-05,0.025263399813389,0.959090768886495,0.000486485875314574,1.43295512641547
"chr5_108700508_108701221","ENSG00000272523","LINC01023","long intergenic non-protein coding RNA 1023","chr5",108700508,108701221,"Distal Intergenic",27039,-0.361893629456458,0.00963235357647159,0.025535684620982,1.51500207538046,1.1829763764887e-10,1.65736349108883
"chr2_65042738_65043507","ENSG00000011523","CEP68","centrosomal protein 68","chr2",65042738,65043507,"Intron",-12859,0.495908825248393,0.000192908408217333,0.025535684620982,0.974413413193407,3.68933828755923e-05,1.29869439346782
"chr5_108649523_108649972","ENSG00000272523","LINC01023","long intergenic non-protein coding RNA 1023","chr5",108649523,108649972,"Distal Intergenic",78288,0.313740069530181,0.0273099595465304,0.025535684620982,1.51500207538046,0.00213582328732932,2.33490210085899
"chr9_37060903_37061233","ENSG00000281649","EBLN3P","endogenous Bornavirus-like nucleoprotein 3, pseudogene","chr9",37060903,37061233,"Distal Intergenic",-18624,0.671361776738749,4.76007186150764e-08,0.0255858422493261,1.00921766430229,1.08311355485604e-05,1.09878363412641
"chr13_98525956_98526110","ENSG00000102572","STK24","serine/threonine kinase 24","chr13",98525956,98526110,"Intron",51830,0.694739918176505,1.03964185443855e-08,0.0258035914649351,0.783641936696106,1.2733857913485e-14,2.10111428418107
"chr13_98524454_98525224","ENSG00000102572","STK24","serine/threonine kinase 24","chr13",98524454,98525224,"Intron",52716,0.562887200467563,1.39040981714995e-05,0.0258035914649351,0.783641936696106,1.79332092444081e-14,1.40645420391068
"chr13_98558327_98558562","ENSG00000102572","STK24","serine/threonine kinase 24","chr13",98558327,98558562,"Intron",19378,-0.50666277030976,0.000130999352467462,0.0258035914649351,0.783641936696106,1.05400627497862e-07,1.26180630665002
"chr13_98565958_98566164","ENSG00000102572","STK24","serine/threonine kinase 24","chr13",98565958,98566164,"Intron",11776,-0.40052600818235,0.0036420714810486,0.0258035914649351,0.783641936696106,3.00872722947308e-05,1.01091726232559
"chr13_98454496_98454984","ENSG00000102572","STK24","serine/threonine kinase 24","chr13",98454496,98454984,"3' UTR",122956,-0.340970192869667,0.0153985278701042,0.0258035914649351,0.783641936696106,0.000841599349919252,1.6519782689752
"chr10_75402849_75403301","ENSG00000165655","ZNF503","zinc finger protein 503","chr10",75402849,75403301,"Promoter",-943,0.674715544589247,3.8728930751222e-08,0.0260929517196631,5.30391846672024,0.00228363048513924,1.02869886051511
"chr17_59670124_59670262","ENSG00000062716","VMP1","vacuole membrane protein 1","chr17",59670124,59670262,"Intron",-37203,-0.444834085875741,0.00103462144240036,0.0261821469850019,1.26815132184183,3.76415504310145e-05,1.12024321978457
"chr10_22630496_22631035","ENSG00000150867","PIP4K2A","phosphatidylinositol-5-phosphate 4-kinase type 2 alpha","chr10",22630496,22631035,"Intron",83520,0.578901227352426,6.753039593212e-06,0.0262114563519271,0.867526465245784,1.98179843106762e-10,1.2855722620523
"chr1_109711745_109712577","ENSG00000134201","GSTM5","glutathione S-transferase mu 5","chr1",109711745,109712577,"Promoter",0,0.816785763631417,2.14718328497859e-13,0.0262566534885007,2.53102185339928,7.91417057306042e-30,1.48576479989825
"chr1_244735248_244735988","ENSG00000121644","DESI2","desumoylating isopeptidase 2","chr1",244735248,244735988,"Distal Intergenic",82313,0.492986557568673,0.000213790744813338,0.0263088775982284,0.803233754779344,0.00103792468828032,1.16608113204074
"chr3_98710052_98710664","ENSG00000064225","ST3GAL6","ST3 beta-galactoside alpha-2,3-sialyltransferase 6","chr3",98710052,98710664,"Distal Intergenic",-21572,0.516860880636641,8.96340069788941e-05,0.0263605019581137,3.30398797946909,0.000156244118434729,1.6026777297071
"chr3_156569974_156570225","ENSG00000114850","SSR3","signal sequence receptor subunit 3","chr3",156569974,156570225,"Distal Intergenic",-14790,0.659263588544711,9.94425246012909e-08,0.0264026010721347,0.837825123240183,8.08302530733776e-12,1.71744886081782
"chr9_72312562_72312695","ENSG00000225434","LINC01504","long intergenic non-protein coding RNA 1504","chr9",72312562,72312695,"Intron",7132,0.495849122831365,0.000193302540691189,0.0264026010721347,3.32289978312421,3.27541587429944e-05,1.77257684855215
"chr3_156517110_156517468","ENSG00000114850","SSR3","signal sequence receptor subunit 3","chr3",156517110,156517468,"Intron",37716,0.548626534190532,2.55134578534502e-05,0.0264026010721347,0.837825123240183,0.00362002555847598,1.29615617122918
"chr6_2898028_2898792","ENSG00000170542","SERPINB9","serpin family B member 9","chr6",2898028,2898792,"Intron",4488,0.635359438924606,3.9225815376691e-07,0.026483470123843,1.02506263978664,3.03021808027714e-20,1.13996397299825
"chr7_6294715_6295120","ENSG00000008256","CYTH3","cytohesin 3","chr7",6294715,6295120,"Distal Intergenic",-22071,0.28692501071864,0.0456294764400224,0.0267393545247112,0.983661554337799,1.51315681246873e-05,1.47440593150271
"chr7_44261220_44261832","ENSG00000106636","YKT6","YKT6 v-SNARE homolog","chr7",44261220,44261832,"Intron",60252,0.680946814728229,2.59016033076185e-08,0.0268957615998401,0.709868733245878,1.73193345826244e-07,1.22220840912889
"chrX_53441006_53441296","ENSG00000072506","HSD17B10","hydroxysteroid 17-beta dehydrogenase 10","chrX",53441006,53441296,"Distal Intergenic",-6633,0.424021040327294,0.00190739988646631,0.0272561010786538,0.627453553071389,0.00480236263028696,1.23412372970069
"chr1_186680118_186681137","ENSG00000073756","PTGS2","prostaglandin-endoperoxide synthase 2","chr1",186680118,186681137,"Promoter",0,0.471996251921078,0.000434860980370583,0.0272924042213887,6.03786462506922,5.19870655688583e-12,1.13987597692355
"chr1_186655963_186656184","ENSG00000073756","PTGS2","prostaglandin-endoperoxide synthase 2","chr1",186655963,186656184,"Distal Intergenic",24243,0.547504651409424,2.6751263932012e-05,0.0272924042213887,6.03786462506922,1.37392674601557e-08,2.59538936999009
"chr1_186626322_186627133","ENSG00000073756","PTGS2","prostaglandin-endoperoxide synthase 2","chr1",186626322,186627133,"Distal Intergenic",53294,0.45832831955296,0.000678175361261079,0.0272924042213887,6.03786462506922,0.00161543847090984,1.55756947836667
"chr11_60986237_60986502","ENSG00000013725","CD6","CD6 molecule","chr11",60986237,60986502,"Intron",14557,0.648626534190532,1.86948132786097e-07,0.0273437437945549,2.1384431038526,1.7770338109402e-06,1.96894681049635
"chr11_60989397_60989617","ENSG00000013725","CD6","CD6 molecule","chr11",60989397,60989617,"Intron",17717,0.698053657162908,8.25466406248006e-09,0.0273437437945549,2.1384431038526,7.8405563184524e-06,1.60208744993462
"chr11_61004412_61005061","ENSG00000013725","CD6","CD6 molecule","chr11",61004412,61005061,"Exon",32732,-0.5645821157218,1.28990115163092e-05,0.0273437437945549,2.1384431038526,0.0022973756107008,1.27892742491938
"chr4_183411110_183411694","ENSG00000168564","CDKN2AIP","CDKN2A interacting protein","chr4",183411110,183411694,"Distal Intergenic",-32897,0.409351256575102,0.00287067894562544,0.0274766327291522,1.51102352447876,0.00198270320934568,1.26588238388712
"chr1_164602125_164602996","ENSG00000185630","PBX1","PBX homeobox 1","chr1",164602125,164602996,"Intron",46541,0.681073779090893,2.5683264706985e-08,0.0277196747298245,3.33570005271394,9.33925971079781e-08,3.12336925024997
"chr1_164511121_164511604","ENSG00000185630","PBX1","PBX homeobox 1","chr1",164511121,164511604,"Distal Intergenic",-43980,0.571549929312438,9.48896429855624e-06,0.0277196747298245,3.33570005271394,2.08171748675977e-07,3.20034039377518
"chr1_164588264_164588976","ENSG00000185630","PBX1","PBX homeobox 1","chr1",164588264,164588976,"Intron",32680,0.680191716765346,2.71384834622197e-08,0.0277196747298245,3.33570005271394,1.26966302279906e-05,2.76616843052303
"chr1_164624957_164625579","ENSG00000185630","PBX1","PBX homeobox 1","chr1",164624957,164625579,"Intron",69373,0.690433066793854,1.38910974468317e-08,0.0277196747298245,3.33570005271394,5.61195957711645e-05,2.48208007971891
"chr1_164651371_164652111","ENSG00000185630","PBX1","PBX homeobox 1","chr1",164651371,164652111,"Exon",95787,0.754415921006274,1.04128705652684e-10,0.0277196747298245,3.33570005271394,7.83639989708889e-05,1.72809537738056
"chr4_5033139_5034002","ENSG00000170891","CYTL1","cytokine like 1","chr4",5033139,5034002,"Distal Intergenic",-13667,0.638408056944381,3.30546696382116e-07,0.027746527195249,3.31460318443616,9.7010523107294e-09,1.3789338993236
"chr4_5001637_5002391","ENSG00000170891","CYTL1","cytokine like 1","chr4",5001637,5002391,"Distal Intergenic",17081,0.535382047830901,4.3957428293392e-05,0.027746527195249,3.31460318443616,0.000118068297248234,2.15013214636681
"chr4_5003362_5004192","ENSG00000170891","CYTL1","cytokine like 1","chr4",5003362,5004192,"Distal Intergenic",15280,0.740161665046195,3.4165959053949e-10,0.027746527195249,3.31460318443616,0.000459694180062063,2.08990231206656
"chr9_81508468_81508853","ENSG00000196781","TLE1","transducin like enhancer of split 1","chr9",81508468,81508853,"Distal Intergenic",180452,-0.598363077303248,2.65833947852229e-06,0.0280476529962347,1.05346265373887,6.7865408738167e-41,4.34965009432548
"chr9_81132221_81132933","ENSG00000196781","TLE1","transducin like enhancer of split 1","chr9",81132221,81132933,"Distal Intergenic",556372,-0.676953651281989,3.34287201002998e-08,0.0280476529962347,1.05346265373887,5.64689887335528e-10,2.45870511160702
"chr9_81530298_81530807","ENSG00000196781","TLE1","transducin like enhancer of split 1","chr9",81530298,81530807,"Distal Intergenic",158498,0.744535359438925,2.39996561316767e-10,0.0280476529962347,1.05346265373887,5.19413972982637e-09,1.59469945082732
"chr9_81234839_81235214","ENSG00000196781","TLE1","transducin like enhancer of split 1","chr9",81234839,81235214,"Distal Intergenic",454091,0.424145004966787,0.00190087364215509,0.0280476529962347,1.05346265373887,5.97599238859877e-09,2.35927566689205
"chr9_81596873_81598349","ENSG00000196781","TLE1","transducin like enhancer of split 1","chr9",81596873,81598349,"Intron",90956,0.355406195207481,0.0111863478012879,0.0280476529962347,1.05346265373887,1.28841063507984e-07,1.15229375325206
"chr9_81489165_81489525","ENSG00000196781","TLE1","transducin like enhancer of split 1","chr9",81489165,81489525,"Distal Intergenic",199780,-0.567425006270482,1.14346557208003e-05,0.0280476529962347,1.05346265373887,1.30601457592439e-07,2.171113810434
"chr9_81083188_81083332","ENSG00000196781","TLE1","transducin like enhancer of split 1","chr9",81083188,81083332,"Distal Intergenic",605973,0.42489772063121,0.00186383908932069,0.0280476529962347,1.05346265373887,4.77155972757412e-07,1.55175880204443
"chr9_81335837_81336291","ENSG00000196781","TLE1","transducin like enhancer of split 1","chr9",81335837,81336291,"Distal Intergenic",353014,-0.307030987365746,0.0311334422791399,0.0280476529962347,1.05346265373887,6.96132784901599e-07,3.28090789873978
"chr10_71873764_71873850","ENSG00000197746","PSAP","prosaposin","chr10",71873764,71873850,"Distal Intergenic",-22389,0.458153126826417,0.000681620383750591,0.0280476529962347,0.844348576686333,1.72272776230171e-06,1.09125090420379
"chr9_81608434_81608630","ENSG00000196781","TLE1","transducin like enhancer of split 1","chr9",81608434,81608630,"Intron",80675,0.826699399389782,6.22621975468843e-14,0.0280476529962347,1.05346265373887,7.16427440156623e-06,1.50390485385363
"chr4_5125224_5125841","ENSG00000152953","STK32B","serine/threonine kinase 32B","chr4",5125224,5125841,"Intron",73782,0.301098462508832,0.0349335665267319,0.0280476529962347,3.68855238806467,1.18793075949842e-05,1.91195515078338
"chr9_81002321_81002591","ENSG00000196781","TLE1","transducin like enhancer of split 1","chr9",81002321,81002591,"Distal Intergenic",686714,-0.379248871505293,0.00630362975431174,0.0280476529962347,1.05346265373887,2.32372136849862e-05,2.0989380540498
"chr9_81373254_81373566","ENSG00000196781","TLE1","transducin like enhancer of split 1","chr9",81373254,81373566,"Distal Intergenic",315739,-0.301064677456943,0.0349467044569928,0.0280476529962347,1.05346265373887,0.000400162837713397,2.84501402123006
"chr10_71865715_71865910","ENSG00000197746","PSAP","prosaposin","chr10",71865715,71865910,"Distal Intergenic",-14340,-0.549043673987218,2.50720590916789e-05,0.0280476529962347,0.844348576686333,0.000785319353794525,1.11941169070864
"chr9_81637301_81637696","ENSG00000196781","TLE1","transducin like enhancer of split 1","chr9",81637301,81637696,"Intron",51609,0.621507890122735,8.12151810842288e-07,0.0280476529962347,1.05346265373887,0.00128964451350295,1.13953206532909
"chr4_5177880_5177988","ENSG00000152953","STK32B","serine/threonine kinase 32B","chr4",5177880,5177988,"Intron",126438,0.493320684592131,0.000211662477532765,0.0280476529962347,3.68855238806467,0.00138431527280862,2.35678692137295
"chr4_5259535_5259979","ENSG00000152953","STK32B","serine/threonine kinase 32B","chr4",5259535,5259979,"Intron",208093,0.333298210708675,0.0181808841337005,0.0280476529962347,3.68855238806467,0.00153352079859437,2.25651197171987
"chr17_74478560_74479271","ENSG00000167851","CD300A","CD300a molecule","chr17",74478560,74479271,"Intron",12144,0.424196376388077,0.00189870582595006,0.0285100425854105,1.78744271887548,3.62327490544338e-33,2.00684493842664
"chr7_158588166_158588676","ENSG00000155093","PTPRN2","protein tyrosine phosphatase, receptor type N2","chr7",158588166,158588676,"Promoter",-378,-0.615874686889857,1.09588815754365e-06,0.0286231653300671,2.35301625283156,4.6348069098405e-07,1.23819839577372
"chr7_38349225_38350249","ENSG00000281103","TRG-AS1","T cell receptor gamma locus antisense RNA 1","chr7",38349225,38350249,"5' UTR",7648,0.567034647719349,1.16127874405071e-05,0.0286510862206723,2.97581002428955,3.00584566548354e-139,3.69952038676671
"chr7_38353453_38353871","ENSG00000281103","TRG-AS1","T cell receptor gamma locus antisense RNA 1","chr7",38353453,38353871,"Exon",11876,0.726780751791721,1.00010184131206e-09,0.0286510862206723,2.97581002428955,1.54635999411775e-120,8.18764479856428
"chr7_38344637_38345862","ENSG00000281103","TRG-AS1","T cell receptor gamma locus antisense RNA 1","chr7",38344637,38345862,"3' UTR",3060,0.612469928865883,1.30227158388017e-06,0.0286510862206723,2.97581002428955,1.1058176697194e-20,1.31580283651133
"chr7_38317438_38317963","ENSG00000281103","TRG-AS1","T cell receptor gamma locus antisense RNA 1","chr7",38317438,38317963,"5' UTR",-23614,0.452247701914143,0.000820724897809841,0.0286510862206723,2.97581002428955,5.25393409096749e-11,1.34324161165969
"chr7_38393997_38394359","ENSG00000281103","TRG-AS1","T cell receptor gamma locus antisense RNA 1","chr7",38393997,38394359,"3' UTR",52420,-0.309275678229106,0.0297946684597331,0.0286510862206723,2.97581002428955,7.76645774302106e-07,1.0131641524181
"chr12_7557194_7557476","ENSG00000177575","CD163","CD163 molecule","chr12",7557194,7557476,"Distal Intergenic",-53301,-0.382653459068657,0.00581025108715663,0.0286510862206723,6.42266927407467,0.0017547057674262,1.74230356539993
"chr7_38390549_38391212","ENSG00000281103","TRG-AS1","T cell receptor gamma locus antisense RNA 1","chr7",38390549,38391212,"Intron",48972,0.538235579553754,3.92277363399612e-05,0.0286510862206723,2.97581002428955,0.00952396164276438,2.06387048357237
"chr11_118870005_118871222","ENSG00000160683","CXCR5","C-X-C motif chemokine receptor 5","chr11",118870005,118871222,"Distal Intergenic",-12544,0.785322813124766,6.1777518200672e-12,0.0287354592984239,3.6918100075653,2.25104946098394e-09,1.12008868195326
"chr16_50697994_50698367","ENSG00000167207","NOD2","nucleotide binding oligomerization domain containing 2","chr16",50697994,50698367,"3' UTR",4391,0.350468924688125,0.0125222168736316,0.0291439760076164,4.16198371094582,5.95626243096027e-17,1.28747864484959
"chr2_24885807_24885970","ENSG00000138031","ADCY3","adenylate cyclase 3","chr2",24885807,24885970,"Intron",33869,-0.406019871420222,0.00314748784199794,0.0295269890119215,0.886450302742785,1.02281330002997e-07,1.17318521714956
"chr1_93414749_93415428","ENSG00000137942","FNBP1L","formin binding protein 1 like","chr1",93414749,93415428,"Distal Intergenic",-32703,0.423465169235554,0.00193735758001325,0.02986462483178,3.67061952332712,3.92413570232351e-06,1.15033266567472
"chr2_48343801_48344642","ENSG00000170802","FOXN2","forkhead box N2","chr2",48343801,48344642,"Intron",29164,-0.348042080654588,0.0132068596244845,0.0304904572502923,1.23369087917791,5.92322057796857e-16,1.64020744233928
"chr2_48253204_48253701","ENSG00000170802","FOXN2","forkhead box N2","chr2",48253204,48253701,"Distal Intergenic",-60936,0.404324956165985,0.00329295830072705,0.0304904572502923,1.23369087917791,0.00152832501866157,1.02888759213392
"chr22_23264015_23264413","ENSG00000186716","BCR","BCR, RhoGEF and GTPase activating protein","chr22",23264015,23264413,"Intron",84311,-0.66750438340152,6.04390572990374e-08,0.0304983738004634,0.679792544390912,7.87949644262165e-13,1.29046804871754
"chr3_67335806_67336263","ENSG00000172340","SUCLG2","succinate-CoA ligase GDP-forming beta subunit","chr3",67335806,67336263,"Distal Intergenic",318351,-0.566986659713647,1.16303963486393e-05,0.0307129151479986,1.80694654295855,2.23125712340925e-05,2.4855652084393
"chr3_67617465_67617844","ENSG00000172340","SUCLG2","succinate-CoA ligase GDP-forming beta subunit","chr3",67617465,67617844,"Intron",36770,0.423202805376973,0.00195246735250249,0.0307129151479986,1.80694654295855,4.07671473727234e-05,1.08827310705133
"chr3_67362587_67363403","ENSG00000172340","SUCLG2","succinate-CoA ligase GDP-forming beta subunit","chr3",67362587,67363403,"Intron",291211,-0.496259497369959,0.00019055760840407,0.0307129151479986,1.80694654295855,0.000811477391825278,1.9824107464678
"chr3_67602795_67603086","ENSG00000172340","SUCLG2","succinate-CoA ligase GDP-forming beta subunit","chr3",67602795,67603086,"Intron",51528,-0.438131978070264,0.00126430732759694,0.0307129151479986,1.80694654295855,0.00109741234792217,1.89056110880567
"chr2_237919688_237919871","ENSG00000184182","UBE2F","ubiquitin conjugating enzyme E2 F (putative)","chr2",237919688,237919871,"Distal Intergenic",-46956,0.534599649327879,4.53317712351839e-05,0.0310514968015444,1.15554801727047,5.61852880855141e-06,1.01254785682905
"chr2_237943244_237943968","ENSG00000184182","UBE2F","ubiquitin conjugating enzyme E2 F (putative)","chr2",237943244,237943968,"Distal Intergenic",-22859,0.590215676968186,3.95319990895136e-06,0.0310514968015444,1.15554801727047,0.00473838286536628,1.88942051786968
"chr21_44377064_44377622","ENSG00000142185","TRPM2","transient receptor potential cation channel subfamily M member 2","chr21",44377064,44377622,"Intron",26901,0.608182349503215,1.62066934948473e-06,0.0313838084723631,2.64459179833237,0.00245371497545432,1.48121374817512
"chr21_44344543_44345298","ENSG00000142185","TRPM2","transient receptor potential cation channel subfamily M member 2","chr21",44344543,44345298,"Distal Intergenic",-4865,0.692518994739918,1.2101841960565e-08,0.0313838084723631,2.64459179833237,0.00325468076567305,1.08036128669739
"chr2_201264728_201265052","ENSG00000064012","CASP8","caspase 8","chr2",201264728,201265052,"Intron",31285,0.292869666861485,0.0408125945080931,0.0315620968581475,0.908792586648326,0.00740704338931664,1.00063121319603
"chr3_105907684_105908159","ENSG00000114423","CBLB","Cbl proto-oncogene B","chr3",105907684,105908159,"Distal Intergenic",-38641,0.357685563997662,0.0106140514984072,0.0316122863603954,0.798736009040767,9.12357468481699e-13,1.07724895431888
"chr3_105730954_105731214","ENSG00000114423","CBLB","Cbl proto-oncogene B","chr3",105730954,105731214,"Intron",137829,0.445587375803624,0.00101030599506519,0.0316122863603954,0.798736009040767,1.12644647747817e-10,1.53814349427383
"chr3_106514528_106515080","ENSG00000114423","CBLB","Cbl proto-oncogene B","chr3",106514528,106515080,"Distal Intergenic",-645485,-0.54021040327294,3.62020950355235e-05,0.0316122863603954,0.798736009040767,5.5913376270016e-08,1.51224465752033
"chr3_106302512_106303009","ENSG00000114423","CBLB","Cbl proto-oncogene B","chr3",106302512,106303009,"Distal Intergenic",-433469,0.52729398012858,6.01353930072921e-05,0.0316122863603954,0.798736009040767,4.54475075519576e-07,1.28280307413256
"chr3_106403638_106404489","ENSG00000114423","CBLB","Cbl proto-oncogene B","chr3",106403638,106404489,"Distal Intergenic",-534595,0.664699006428989,7.17051393149337e-08,0.0316122863603954,0.798736009040767,7.37478346567941e-06,1.27257907346898
"chr3_106184576_106185371","ENSG00000114423","CBLB","Cbl proto-oncogene B","chr3",106184576,106185371,"Distal Intergenic",-315533,0.66271186440678,8.08592007923652e-08,0.0316122863603954,0.798736009040767,1.4106742659128e-05,1.22934533676937
"chr3_106420129_106421242","ENSG00000114423","CBLB","Cbl proto-oncogene B","chr3",106420129,106421242,"Distal Intergenic",-551086,0.814845119812975,2.64951069896572e-13,0.0316122863603954,0.798736009040767,0.000444885907292727,1.10614538295708
"chr3_106290755_106290914","ENSG00000114423","CBLB","Cbl proto-oncogene B","chr3",106290755,106290914,"Distal Intergenic",-421712,-0.523144360023378,7.0628176058712e-05,0.0316122863603954,0.798736009040767,0.00160851955538681,1.30245761644989
"chr3_106067730_106068140","ENSG00000114423","CBLB","Cbl proto-oncogene B","chr3",106067730,106068140,"Distal Intergenic",-198687,0.665439296378696,6.8704573358874e-08,0.0316122863603954,0.798736009040767,0.00583931764312276,1.50954891640333
"chr3_106103131_106103634","ENSG00000114423","CBLB","Cbl proto-oncogene B","chr3",106103131,106103634,"Distal Intergenic",-234088,0.479229679035362,0.000342405308796955,0.0316122863603954,0.798736009040767,0.00698784611156951,1.62570997941815
"chr12_52073958_52074410","ENSG00000123395","ATG101","autophagy related 101","chr12",52073958,52074410,"Intron",4712,0.496259497369959,0.00019055760840407,0.0316141742450307,0.947647678413331,2.62955295044782e-05,1.37530850821138
"chr7_80287970_80288632","ENSG00000135218","CD36","CD36 molecule","chr7",80287970,80288632,"Intron",-80943,-0.301486063077099,0.0346985590228726,0.0316141742450307,3.5967647634946,0.00010014217755674,1.98166295844815
"chr12_92446883_92447067","ENSG00000205057","CLLU1OS","chronic lymphocytic leukemia up-regulated 1 opposite strand","chr12",92446883,92447067,"Intron",-18735,0.33645368252974,0.0169781485036457,0.0316141742450307,4.61329067186703,0.00024047671596378,1.05585489822418
"chr12_92437375_92438012","ENSG00000205057","CLLU1OS","chronic lymphocytic leukemia up-regulated 1 opposite strand","chr12",92437375,92438012,"Intron",-9227,0.372692371986846,0.00741794713879425,0.0316141742450307,4.61329067186703,0.00149707277165109,1.16716480972509
"chr6_7468673_7469097","ENSG00000096696","DSP","desmoplakin","chr6",7468673,7469097,"Distal Intergenic",-72478,-0.404860698025532,0.00324688238220209,0.0316141742450307,3.89608548862432,0.00392051196605947,1.54603902751597
"chr12_92471659_92472103","ENSG00000205057","CLLU1OS","chronic lymphocytic leukemia up-regulated 1 opposite strand","chr12",92471659,92472103,"Intron",-43511,0.328042169999498,0.0203529149238629,0.0316141742450307,4.61329067186703,0.00839149428871506,1.02467932553218
"chr15_81865992_81866664","ENSG00000183496","MEX3B","mex-3 RNA binding family member B","chr15",81865992,81866664,"Intron",179477,-0.501396968217065,0.000158768192270021,0.0316889737423243,3.06758188677843,2.04255369326611e-28,1.49942432790221
"chr15_81809670_81809853","ENSG00000183496","MEX3B","mex-3 RNA binding family member B","chr15",81809670,81809853,"Intron",236288,0.622013817933274,7.90358691886782e-07,0.0316889737423243,3.06758188677843,2.88647684383281e-15,2.25635079385254
"chr15_81753393_81753665","ENSG00000183496","MEX3B","mex-3 RNA binding family member B","chr15",81753393,81753665,"Exon",292476,0.474058088234661,0.000406634884934457,0.0316889737423243,3.06758188677843,4.19136754296014e-06,3.9662754762261
"chr15_81941917_81942547","ENSG00000183496","MEX3B","mex-3 RNA binding family member B","chr15",81941917,81942547,"Distal Intergenic",103594,0.578239188806254,6.96267741061156e-06,0.0316889737423243,3.06758188677843,9.56543355491785e-06,2.27332615965915
"chr15_81909238_81909628","ENSG00000183496","MEX3B","mex-3 RNA binding family member B","chr15",81909238,81909628,"Distal Intergenic",136513,0.60142622507933,2.28550422455805e-06,0.0316889737423243,3.06758188677843,4.85717327771699e-05,2.99963938533345
"chr15_81752637_81753182","ENSG00000183496","MEX3B","mex-3 RNA binding family member B","chr15",81752637,81753182,"Intron",292959,0.457523614951996,0.000694749770355194,0.0316889737423243,3.06758188677843,6.4221503796669e-05,3.513863333049
"chr5_132317149_132318531","ENSG00000072682","P4HA2","prolyl 4-hydroxylase subunit alpha 2","chr5",132317149,132318531,"Intron",-21878,0.691106746068896,1.33043208114304e-08,0.0317938384250699,3.36640754354379,7.18756151083978e-05,1.68419718185163
"chr3_34856157_34857031","ENSG00000172995","ARPP21","cAMP regulated phosphoprotein 21","chr3",34856157,34857031,"Distal Intergenic",-781914,0.559238424604323,1.62766602402524e-05,0.0322317064629209,4.16814453010652,9.32829536585838e-07,2.0570699123154
"chr3_35393867_35394345","ENSG00000172995","ARPP21","cAMP regulated phosphoprotein 21","chr3",35393867,35394345,"Distal Intergenic",-244600,0.389409056507927,0.00488097350612317,0.0322317064629209,4.16814453010652,1.57109924857303e-05,2.23051100754924
"chr3_35485100_35485801","ENSG00000172995","ARPP21","cAMP regulated phosphoprotein 21","chr3",35485100,35485801,"Distal Intergenic",-153144,0.419201390327583,0.00217603266873648,0.0322317064629209,4.16814453010652,0.000979268695403847,1.75037486291106
"chr3_35671449_35671976","ENSG00000172995","ARPP21","cAMP regulated phosphoprotein 21","chr3",35671449,35671976,"Intron",32504,0.301173529501714,0.034883427681815,0.0322317064629209,4.16814453010652,0.00101325996627882,1.12962501070867
"chr3_35504985_35505555","ENSG00000172995","ARPP21","cAMP regulated phosphoprotein 21","chr3",35504985,35505555,"Distal Intergenic",-133390,0.514750548668963,9.68115445258683e-05,0.0322317064629209,4.16814453010652,0.00177322034228483,1.28237265110336
"chr3_35636142_35636714","ENSG00000172995","ARPP21","cAMP regulated phosphoprotein 21","chr3",35636142,35636714,"Distal Intergenic",-2231,0.477628409448495,0.000360959923749341,0.0322317064629209,4.16814453010652,0.00438292767023298,1.09402208947989
"chr16_77679543_77680396","ENSG00000140876","NUDT7","nudix hydrolase 7","chr16",77679543,77680396,"Distal Intergenic",-42096,0.434664445757179,0.00140295064657483,0.032336941242041,1.23792239925345,3.41039554042658e-21,1.18033453118294
"chr16_77585449_77586056","ENSG00000140876","NUDT7","nudix hydrolase 7","chr16",77585449,77586056,"Distal Intergenic",-136436,0.451672292162361,0.000835132897924867,0.032336941242041,1.23792239925345,0.000302173156182632,1.57036458485155
"chr11_134360099_134360628","ENSG00000149328","GLB1L2","galactosidase beta 1 like 2","chr11",134360099,134360628,"Exon",28225,0.865515046975018,3.05594492451876e-16,0.0324751603787437,4.35116192424459,3.5793722373935e-06,1.30218366389626
"chr4_176036367_176037013","ENSG00000150627","WDR17","WD repeat domain 17","chr4",176036367,176037013,"Distal Intergenic",-28821,0.485480842551609,0.000277045121539529,0.0326653253725334,3.22473021406254,0.000176087963376929,1.19184771623615
"chr11_60891162_60891586","ENSG00000110107","PRPF19","pre-mRNA processing factor 19","chr11",60891162,60891586,"3' UTR",15002,0.481947815471523,0.000312821760425924,0.0326653253725334,0.937400066290343,0.00443758764827739,2.18596162483861
"chr2_165147094_165147900","ENSG00000153253","SCN3A","sodium voltage-gated channel alpha subunit 3","chr2",165147094,165147900,"Intron",56167,-0.341483502427362,0.0152273947457798,0.032785870842406,2.40293750615692,1.47145978687188e-07,1.26755019957562
"chr2_165144150_165144522","ENSG00000153253","SCN3A","sodium voltage-gated channel alpha subunit 3","chr2",165144150,165144522,"Intron",59545,0.366343127047374,0.00865166932678799,0.032785870842406,2.40293750615692,5.7964928568135e-07,1.1705559024059
"chr7_132979331_132980232","ENSG00000106554","CHCHD3","coiled-coil-helix-coiled-coil-helix domain containing 3","chr7",132979331,132980232,"Intron",101850,0.330157802454705,0.0194591923196868,0.0329849230451898,1.04200380990102,0.000119131758447385,1.75719281945374
"chr7_133035228_133035612","ENSG00000106554","CHCHD3","coiled-coil-helix-coiled-coil-helix domain containing 3","chr7",133035228,133035612,"Intron",46470,-0.698227618829923,8.15065178087464e-09,0.0329849230451898,1.04200380990102,0.00690096250959347,1.26221072640303
"chr20_32155098_32155906","ENSG00000101337","TM9SF4","transmembrane 9 superfamily member 4","chr20",32155098,32155906,"Exon",45592,0.301578024547049,0.0346361208893453,0.0330203676422569,1.30584753221978,0.00657565246069833,1.07334901634538
"chr16_1335012_1335795","ENSG00000007516","BAIAP3","BAI1 associated protein 3","chr16",1335012,1335795,"Intron",1411,0.299371623830819,0.0361223176735831,0.0332278918712441,1.73954900677616,1.48775071806138e-09,1.14567697244343
"chr16_1336139_1336222","ENSG00000007516","BAIAP3","BAI1 associated protein 3","chr16",1336139,1336222,"5' UTR",2538,-0.377524481599404,0.00657681659914173,0.0332278918712441,1.73954900677616,0.000395108959202005,1.08866786693171
"chr1_11814711_11815539","ENSG00000177000","MTHFR","methylenetetrahydrofolate reductase","chr1",11814711,11815539,"Intron",-7791,0.663062536528346,7.9235152847263e-08,0.0335256593959407,0.615113590928258,1.98616112910268e-11,1.23004974338076
"chr16_1533581_1533961","ENSG00000131634","TMEM204","transmembrane protein 204","chr16",1533581,1533961,"5' UTR",4893,0.461771754446893,0.000606947229958911,0.0335430424090234,3.93973188142107,2.51704385227955e-07,1.34616503198901
"chr16_2580146_2580500","ENSG00000140992","PDPK1","3-phosphoinositide dependent protein kinase 1","chr16",2580146,2580500,"Intron",42182,-0.437931034482759,0.00127173588940905,0.033810773302338,0.933216488883113,4.58838384530423e-11,1.2603279222163
"chr2_110576899_110577085","ENSG00000169679","BUB1","BUB1 mitotic checkpoint serine/threonine kinase","chr2",110576899,110577085,"5' UTR",101029,-0.353291724945382,0.0117382536665398,0.033810773302338,2.46234286887082,9.30851499255355e-06,1.45289602097835
"chr19_46731027_46731832","ENSG00000105287","PRKD2","protein kinase D2","chr19",46731027,46731832,"Exon",-13900,-0.569082407948568,1.06153818292653e-05,0.033810773302338,0.874274345445615,0.00045104154666313,1.12073713378114
"chr9_97934740_97935253","ENSG00000136929","HEMGN","hemogen","chr9",97934740,97935253,"Intron",9603,0.7163691704619,2.21818353542932e-09,0.033810773302338,5.61504758260398,0.00867757663161826,1.3590954221526
"chr3_10173878_10174088","ENSG00000134070","IRAK2","interleukin 1 receptor associated kinase 2","chr3",10173878,10174088,"Intron",9013,0.423140057649801,0.00195585383735907,0.0338207171174006,2.49395606790208,0.00148921981009879,1.49996948969333
"chr6_35426119_35426568","ENSG00000112039","FANCE","FA complementation group E","chr6",35426119,35426568,"3' UTR",-25793,0.43463522265339,0.0014038566790919,0.0338322539632529,1.46511971962047,0.00466355345831615,1.35251261483489
"chr16_50722029_50722583","ENSG00000083799","CYLD","CYLD lysine 63 deubiquitinase","chr16",50722029,50722583,"Intron",-19467,-0.30118651053843,0.0348797963723837,0.0338600060948033,0.744070720108096,0.00107577126222832,2.00439056822136
"chr16_50719991_50720538","ENSG00000083799","CYLD","CYLD lysine 63 deubiquitinase","chr16",50719991,50720538,"3' UTR",-21512,-0.704909409701929,5.09652922653296e-09,0.0338600060948033,0.744070720108096,0.00452833512043124,1.38066401083453
"chr10_77541035_77541741","ENSG00000156113","KCNMA1","potassium calcium-activated channel subfamily M alpha 1","chr10",77541035,77541741,"Intron",96854,-0.552999279490934,2.11961088419948e-05,0.0343281155166132,5.50583285520242,0.000577944951043889,1.74390650367887
"chr15_52308940_52309379","ENSG00000128833","MYO5C","myosin VC","chr15",52308940,52309379,"3' UTR",-13142,-0.761395219391136,5.7285069853819e-11,0.0344928637718975,3.67394849666992,2.44872481996284e-07,1.29659995642092
"chr8_143434623_143435467","ENSG00000182759","MAFA","MAF bZIP transcription factor A","chr8",143434623,143435467,"Distal Intergenic",-4217,0.600736738020315,2.36124463954635e-06,0.0349151304515071,4.33104016504533,1.11479591830593e-24,1.25353329759104
"chr8_143548360_143548793","ENSG00000182759","MAFA","MAF bZIP transcription factor A","chr8",143548360,143548793,"Intron",-117954,0.548134614420341,2.60620552544862e-05,0.0349151304515071,4.33104016504533,1.14234297416066e-11,1.45590674950005
"chr7_50805418_50806160","ENSG00000106070","GRB10","growth factor receptor bound protein 10","chr7",50805418,50806160,"Distal Intergenic",-11956,0.772085445600319,2.19682632770069e-11,0.0349151304515071,2.24178803456913,1.00294287914336e-10,1.34229810882317
"chr7_51019112_51019722","ENSG00000106070","GRB10","growth factor receptor bound protein 10","chr7",51019112,51019722,"Intron",-225650,0.658927973053746,1.01055165668191e-07,0.0349151304515071,2.24178803456913,3.92397505613545e-08,3.05720890193465
"chr7_50723272_50725090","ENSG00000106070","GRB10","growth factor receptor bound protein 10","chr7",50723272,50725090,"Intron",68372,0.858752997174235,7.75549491526869e-16,0.0349151304515071,2.24178803456913,9.14804838338417e-08,1.75810611917371
"chr7_50946783_50947459","ENSG00000106070","GRB10","growth factor receptor bound protein 10","chr7",50946783,50947459,"Intron",-153321,0.311373210777935,0.0286279776660336,0.0349151304515071,2.24178803456913,2.98139999696327e-07,3.89431867501875
"chr7_50717119_50717611","ENSG00000106070","GRB10","growth factor receptor bound protein 10","chr7",50717119,50717611,"Intron",75851,0.865331494029495,3.05594492451876e-16,0.0349151304515071,2.24178803456913,6.30859350927209e-07,2.21854203772725
"chr7_50923461_50923866","ENSG00000106070","GRB10","growth factor receptor bound protein 10","chr7",50923461,50923866,"Intron",-129999,0.690866699061648,1.35114208026925e-08,0.0349151304515071,2.24178803456913,1.86999831665289e-06,3.68227047161503
"chr7_50953924_50954148","ENSG00000106070","GRB10","growth factor receptor bound protein 10","chr7",50953924,50954148,"Intron",-160462,0.804538507319115,8.32079903269892e-13,0.0349151304515071,2.24178803456913,6.67257017462267e-06,2.54054367343986
"chr7_50826847_50827100","ENSG00000106070","GRB10","growth factor receptor bound protein 10","chr7",50826847,50827100,"Distal Intergenic",-33385,0.727791364532763,9.23003443033928e-10,0.0349151304515071,2.24178803456913,1.08581588332759e-05,2.23305532456862
"chr7_50832706_50833180","ENSG00000106070","GRB10","growth factor receptor bound protein 10","chr7",50832706,50833180,"Distal Intergenic",-39244,0.705535512776485,4.87112263236596e-09,0.0349151304515071,2.24178803456913,1.6870449838124e-05,2.33679113858326
"chr7_50749915_50750529","ENSG00000106070","GRB10","growth factor receptor bound protein 10","chr7",50749915,50750529,"Intron",42933,0.772085445600319,2.19682632770069e-11,0.0349151304515071,2.24178803456913,2.42295430192996e-05,1.7803684115435
"chr7_50962693_50963395","ENSG00000106070","GRB10","growth factor receptor bound protein 10","chr7",50962693,50963395,"Intron",-169231,0.782618794146872,8.08067601455677e-12,0.0349151304515071,2.24178803456913,3.97354793005205e-05,2.04378908093948
"chr7_50761612_50762424","ENSG00000106070","GRB10","growth factor receptor bound protein 10","chr7",50761612,50762424,"Exon",31038,0.445821726517348,0.0010028812266353,0.0349151304515071,2.24178803456913,4.42149522957896e-05,1.43932160719786
"chr7_50754220_50754454","ENSG00000106070","GRB10","growth factor receptor bound protein 10","chr7",50754220,50754454,"Intron",39008,0.438368405462324,0.00125607714706294,0.0349151304515071,2.24178803456913,6.62807698121107e-05,2.84928021899918
"chr7_50792147_50792965","ENSG00000106070","GRB10","growth factor receptor bound protein 10","chr7",50792147,50792965,"Promoter",497,0.88639178353143,7.11594891643797e-18,0.0349151304515071,2.24178803456913,0.000125329603208851,1.16902591091998
"chr8_143524296_143524951","ENSG00000182759","MAFA","MAF bZIP transcription factor A","chr8",143524296,143524951,"Intron",-93890,0.54006051984715,3.64210183725398e-05,0.0349151304515071,4.33104016504533,0.000322450394667263,1.6009751600078
"chr7_50768224_50769053","ENSG00000106070","GRB10","growth factor receptor bound protein 10","chr7",50768224,50769053,"Intron",24409,-0.29697440802475,0.0377804174483895,0.0349151304515071,2.24178803456913,0.000336355306856938,1.75092782875705
"chr7_50688027_50688826","ENSG00000106070","GRB10","growth factor receptor bound protein 10","chr7",50688027,50688826,"Intron",104636,0.755970322610294,9.1555982789774e-11,0.0349151304515071,2.24178803456913,0.000337447518285106,1.38041271260319
"chr7_50954636_50954959","ENSG00000106070","GRB10","growth factor receptor bound protein 10","chr7",50954636,50954959,"Intron",-161174,0.786053120855024,5.85285236778182e-12,0.0349151304515071,2.24178803456913,0.000697510915772611,2.50075594953659
"chr7_50697022_50697858","ENSG00000106070","GRB10","growth factor receptor bound protein 10","chr7",50697022,50697858,"Intron",95604,0.709035402021095,3.76720334006726e-09,0.0349151304515071,2.24178803456913,0.00153719993711603,1.52815834669359
"chr7_50811975_50812923","ENSG00000106070","GRB10","growth factor receptor bound protein 10","chr7",50811975,50812923,"Distal Intergenic",-18513,0.872300045286918,1.0376893221217e-16,0.0349151304515071,2.24178803456913,0.00172965427436133,1.80043425617702
"chr12_132662470_132663404","ENSG00000177084","POLE","DNA polymerase epsilon, catalytic subunit","chr12",132662470,132663404,"Intron",23961,0.768790181180596,2.94463749202638e-11,0.0350711915191627,0.963719676035345,0.000196235138630818,1.16733870026376
"chr7_102064511_102065066","ENSG00000160999","SH2B2","SH2B adaptor protein 2","chr7",102064511,102065066,"Intron",-220025,-0.778550555230859,1.20164637585379e-11,0.0358939814944586,1.21259737328282,6.27469554898774e-05,1.33103606733519
"chr7_102121793_102122495","ENSG00000160999","SH2B2","SH2B adaptor protein 2","chr7",102121793,102122495,"Intron",-162596,-0.51198129748685,0.000107575533684544,0.0358939814944586,1.21259737328282,0.00291536316684135,1.2769147953678
"chr7_102080612_102081095","ENSG00000160999","SH2B2","SH2B adaptor protein 2","chr7",102080612,102081095,"Intron",-203996,-0.400175336060783,0.00367393598038923,0.0358939814944586,1.21259737328282,0.0077648061856247,1.75044768581606
"chr8_95162338_95162829","ENSG00000175895","PLEKHF2","pleckstrin homology and FYVE domain containing 2","chr8",95162338,95162829,"Distal Intergenic",28534,0.574050263004091,8.46055513829579e-06,0.0359363382016949,1.11206010780942,9.40339893071112e-10,1.22062878791184
"chr5_113102200_113102456","ENSG00000172795","DCP2","decapping mRNA 2","chr5",113102200,113102456,"Intron",125498,-0.33657007073776,0.0169371503128717,0.0361592801626566,0.933750285637956,0.000104623500166925,2.55729303156544
"chr4_73852910_73853647","ENSG00000109272","PF4V1","platelet factor 4 variant 1","chr4",73852910,73853647,"Promoter",0,-0.377999838002247,0.00650189024748851,0.0363987629877795,3.92528407681899,0.000371965361345716,1.68812365916055
"chr4_40197872_40198146","ENSG00000168421","RHOH","ras homolog family member H","chr4",40197872,40198146,"Intron",6819,0.610812390414962,1.41542599549361e-06,0.0364795887484004,0.678438238336523,4.42313146519503e-11,1.03936290716249
"chr4_40151020_40151523","ENSG00000168421","RHOH","ras homolog family member H","chr4",40151020,40151523,"Intron",-39530,0.293687901811806,0.0401751033510519,0.0364795887484004,0.678438238336523,0.00492736158643796,1.23573109164336
"chr15_99911950_99912281","ENSG00000183060","LYSMD4","LysM domain containing 4","chr15",99911950,99912281,"Distal Intergenic",-178389,0.380362361192285,0.0061389265078388,0.0365009713199914,1.28419122477764,8.66732958134862e-06,1.6583873223956
"chr15_99716790_99717760","ENSG00000183060","LYSMD4","LysM domain containing 4","chr15",99716790,99717760,"5' UTR",15801,0.566861484511981,1.16779705186571e-05,0.0365009713199914,1.28419122477764,5.35509033088397e-05,1.32057384472823
"chr8_24299336_24299413","ENSG00000042980","ADAM28","ADAM metallopeptidase domain 28","chr8",24299336,24299413,"Intron",5296,0.634345913947229,4.13616468239782e-07,0.0365683298211402,1.66763366026071,0.000129390149717736,1.64901383903957
"chr9_131657538_131657714","ENSG00000107263","RAPGEF1","Rap guanine nucleotide exchange factor 1","chr9",131657538,131657714,"Intron",82360,0.693220338983051,1.15211056347881e-08,0.0366761077015338,0.711472925248808,6.64964050302313e-07,1.09963197319049
"chr2_230202936_230203091","ENSG00000079263","SP140","SP140 nuclear body protein","chr2",230202936,230203091,"Promoter",-19,0.793706294769964,2.62643671127803e-12,0.0366761077015338,2.84921473880377,0.000137470630672263,1.28387136851014
"chr2_230157192_230157473","ENSG00000079263","SP140","SP140 nuclear body protein","chr2",230157192,230157473,"Intron",-45637,-0.691224650696195,1.3197512941266e-08,0.0366761077015338,2.84921473880377,0.000920913717205386,1.71904425286532
"chr9_131878972_131879570","ENSG00000107263","RAPGEF1","Rap guanine nucleotide exchange factor 1","chr9",131878972,131879570,"Intron",-138898,-0.597583249380701,2.76099524328178e-06,0.0366761077015338,0.711472925248808,0.00112217591076116,1.53106095640835
"chr2_230155029_230155807","ENSG00000079263","SP140","SP140 nuclear body protein","chr2",230155029,230155807,"Intron",-47303,-0.581949189045876,5.84756803698988e-06,0.0366761077015338,2.84921473880377,0.00577143891719191,1.44542154931816
"chr9_98103865_98104755","ENSG00000106785","TRIM14","tripartite motif containing 14","chr9",98103865,98104755,"Intron",14457,-0.499240210403273,0.000171424750307689,0.0368103562881593,0.86153620610177,6.17315609084644e-55,2.28696665253171
"chr9_98133194_98133653","ENSG00000106785","TRIM14","tripartite motif containing 14","chr9",98133194,98133653,"Exon",-13982,-0.588603156049094,4.25842838098918e-06,0.0368103562881593,0.86153620610177,1.23048178095829e-06,1.25413675666245
"chr9_98146264_98146405","ENSG00000106785","TRIM14","tripartite motif containing 14","chr9",98146264,98146405,"Intron",-27052,0.379624759547273,0.00624887967139553,0.0368103562881593,0.86153620610177,2.56531998557868e-06,2.09561194355039
"chr12_132070649_132070675","ENSG00000185684","EP400P1","EP400 pseudogene 1","chr12",132070649,132070675,"Intron",-13608,0.500182644452056,0.00016604267368787,0.037017311017578,0.781106220240056,0.00661329914484842,1.36716740209495
"chr1_212488756_212488920","ENSG00000117691","NENF","neudesin neurotrophic factor","chr1",212488756,212488920,"Distal Intergenic",55869,0.288607373019894,0.044161784416688,0.0376531232432782,0.676425063670791,6.78616609215068e-06,3.00664104595215
"chr1_212485967_212486260","ENSG00000117691","NENF","neudesin neurotrophic factor","chr1",212485967,212486260,"Distal Intergenic",53080,0.447223845704267,0.0009602220277924,0.0376531232432782,0.676425063670791,8.42250932117195e-05,1.958054361428
"chr15_90178459_90179099","ENSG00000185033","SEMA4B","semaphorin 4B","chr15",90178459,90179099,"Intron",17855,0.750438340151958,1.46116418247587e-10,0.0378823333116844,0.783428864115112,3.89885347445906e-15,1.19594345239935
"chr1_158830983_158831391","ENSG00000163563","MNDA","myeloid cell nuclear differentiation antigen","chr1",158830983,158831391,"Promoter",0,0.350263004091175,0.0125672893122375,0.0381172538861668,3.02103812959884,0.00074550638988016,1.30786523870013
"chr13_38417897_38418270","ENSG00000120686","UFM1","ubiquitin fold modifier 1","chr13",38417897,38418270,"Distal Intergenic",68048,-0.293921683226184,0.040026839122553,0.0388952453807512,0.843948496373385,0.000745821695903024,1.20175226570998
"chr13_38391211_38391941","ENSG00000120686","UFM1","ubiquitin fold modifier 1","chr13",38391211,38391941,"Distal Intergenic",41362,-0.377942401302783,0.00650936905764112,0.0388952453807512,0.843948496373385,0.000864589556646981,1.79720090995526
"chr2_28600235_28600431","ENSG00000163803","PLB1","phospholipase B1","chr2",28600235,28600431,"Intron",143090,0.315050641829471,0.0266014035092517,0.038933844615704,4.79642564671183,6.3090592730382e-06,1.53489991600571
"chr3_122295258_122295698","ENSG00000121552","CSTA","cystatin A","chr3",122295258,122295698,"Distal Intergenic",-29546,0.30642741313063,0.0315077479453425,0.038933844615704,6.06395673310437,6.94945756215114e-06,1.17671441666256
"chr16_55499903_55500956","ENSG00000087253","LPCAT2","lysophosphatidylcholine acyltransferase 2","chr16",55499903,55500956,"Intron",-8042,0.82270734183639,1.02649874516422e-13,0.038933844615704,2.48416477152359,8.69060816945259e-06,1.91102486024915
"chr16_55478860_55479671","ENSG00000087253","LPCAT2","lysophosphatidylcholine acyltransferase 2","chr16",55478860,55479671,"5' UTR",-29327,0.770180417345165,2.57830860875944e-11,0.038933844615704,2.48416477152359,0.00550044218810048,1.4518178133194
"chrX_152813118_152813705","ENSG00000147400","CETN2","centrin 2","chrX",152813118,152813705,"Distal Intergenic",17072,0.296084161309176,0.0384052239646466,0.0391618382160376,1.39838297682377,0.00701074140082332,1.42190924183926
"chr7_55469280_55469893","ENSG00000154978","VOPP1","VOPP1, WBP1/VOPP1 family member","chr7",55469280,55469893,"Intron",103095,0.284453535943892,0.0476905035082577,0.0392607553184492,1.2536798926456,4.46216161391644e-06,1.19139064965532
"chr7_55695264_55695516","ENSG00000154978","VOPP1","VOPP1, WBP1/VOPP1 family member","chr7",55695264,55695516,"Distal Intergenic",-122276,-0.589382900181194,4.10320969853055e-06,0.0392607553184492,1.2536798926456,8.37163982930253e-06,3.34334761180988
"chr7_55470418_55470539","ENSG00000154978","VOPP1","VOPP1, WBP1/VOPP1 family member","chr7",55470418,55470539,"Intron",102449,0.379602571595558,0.00625136900734292,0.0392607553184492,1.2536798926456,0.00428172874556892,1.07238202377927
"chr7_55698951_55699510","ENSG00000154978","VOPP1","VOPP1, WBP1/VOPP1 family member","chr7",55698951,55699510,"Distal Intergenic",-125963,-0.572413793103448,9.11682896944284e-06,0.0392607553184492,1.2536798926456,0.00756352626146873,1.35649039161373
"chr7_55561839_55562194","ENSG00000154978","VOPP1","VOPP1, WBP1/VOPP1 family member","chr7",55561839,55562194,"5' UTR",10794,0.630196233209195,5.16091007627818e-07,0.0392607553184492,1.2536798926456,0.00860309531834623,1.34810196288209
"chr11_66115688_66116173","ENSG00000175115","PACS1","phosphofurin acidic cluster sorting protein 1","chr11",66115688,66116173,"Intron",45325,0.698655756867329,7.89606194893264e-09,0.039690771274385,0.811174857379224,1.34192453392691e-20,1.18198617012397
"chr11_66126254_66126395","ENSG00000175115","PACS1","phosphofurin acidic cluster sorting protein 1","chr11",66126254,66126395,"Intron",55891,0.630800701344243,4.99751241786233e-07,0.039690771274385,0.811174857379224,1.59853204899263e-10,1.30829120281361
"chr11_66078049_66078175","ENSG00000175115","PACS1","phosphofurin acidic cluster sorting protein 1","chr11",66078049,66078175,"Intron",7686,0.687551139684395,1.67003875284237e-08,0.039690771274385,0.811174857379224,0.000314067977130879,1.06139392975388
"chr11_66112460_66112921","ENSG00000175115","PACS1","phosphofurin acidic cluster sorting protein 1","chr11",66112460,66112921,"Intron",42097,0.342781998831093,0.0148282238512454,0.039690771274385,0.811174857379224,0.000454238686751067,1.14139138082725
"chr6_150698364_150698716","ENSG00000120278","PLEKHG1","pleckstrin homology and RhoGEF domain containing G1","chr6",150698364,150698716,"Intron",98501,0.805038063178618,7.93495914420814e-13,0.0398253215818578,1.59381328929536,2.33796335071222e-08,1.86779445530295
"chr6_150690115_150690603","ENSG00000120278","PLEKHG1","pleckstrin homology and RhoGEF domain containing G1","chr6",150690115,150690603,"Intron",90252,0.770788585537942,2.46367435807393e-11,0.0398253215818578,1.59381328929536,4.3145488288124e-06,1.06451305029808
"chr6_150528757_150529107","ENSG00000120278","PLEKHG1","pleckstrin homology and RhoGEF domain containing G1","chr6",150528757,150529107,"Distal Intergenic",-70756,0.552638115753261,2.15223153240493e-05,0.0398253215818578,1.59381328929536,7.80591015557595e-05,1.22791500358002
"chr6_150696983_150697378","ENSG00000120278","PLEKHG1","pleckstrin homology and RhoGEF domain containing G1","chr6",150696983,150697378,"Intron",97120,0.806101873228323,7.08295085618596e-13,0.0398253215818578,1.59381328929536,8.51143178558725e-05,1.10477277082213
"chr6_150634194_150634227","ENSG00000120278","PLEKHG1","pleckstrin homology and RhoGEF domain containing G1","chr6",150634194,150634227,"Intron",34331,0.832186326598574,3.12932613657278e-14,0.0398253215818578,1.59381328929536,0.000244613482432578,1.03384969003901
"chr22_22080229_22080797","ENSG00000100038","TOP3B","DNA topoisomerase III beta","chr22",22080229,22080797,"Distal Intergenic",-97413,0.298455558996777,0.0367447494236933,0.0401824999268007,1.06583006561058,3.05432052992872e-08,2.41603671964914
"chr19_18402874_18403123","ENSG00000175489","LRRC25","leucine rich repeat containing 25","chr19",18402874,18403123,"Distal Intergenic",-5257,0.287752131557068,0.044899847885611,0.0404031377616631,2.47873011901383,2.06631151339501e-21,2.09963381668525
"chr18_44751611_44751925","ENSG00000152217","SETBP1","SET binding protein 1","chr18",44751611,44751925,"Intron",71438,0.789637487481829,4.04872733365318e-12,0.0405454483278919,1.62280798381336,2.7537854195794e-07,1.65450745273141
"chr18_44700675_44700947","ENSG00000152217","SETBP1","SET binding protein 1","chr18",44700675,44700947,"Intron",20502,0.521690848840739,7.47919585967483e-05,0.0405454483278919,1.62280798381336,5.19959003677724e-06,1.00123424060551
"chr18_44636350_44636720","ENSG00000152217","SETBP1","SET binding protein 1","chr18",44636350,44636720,"Distal Intergenic",-43453,0.593179227914316,3.41561253525527e-06,0.0405454483278919,1.62280798381336,0.0011139091050451,1.268077764938
"chr18_44786483_44787317","ENSG00000152217","SETBP1","SET binding protein 1","chr18",44786483,44787317,"Intron",106310,0.727421499515107,9.51304288047169e-10,0.0405454483278919,1.62280798381336,0.00169537787234695,1.05525957516404
"chr18_44625457_44625703","ENSG00000152217","SETBP1","SET binding protein 1","chr18",44625457,44625703,"Distal Intergenic",-54470,-0.627507707660609,5.95280117153313e-07,0.0405454483278919,1.62280798381336,0.00363209346959273,1.37308482036964
"chr2_173123366_173125321","ENSG00000091436","MAP3K20","mitogen-activated protein kinase kinase kinase 20","chr2",173123366,173125321,"Intron",47931,0.334950321449445,0.0175511462016031,0.0408073125806855,1.68732907891518,1.68529599940494e-07,1.9764162209144
"chr2_172923558_172923787","ENSG00000091436","MAP3K20","mitogen-activated protein kinase kinase kinase 20","chr2",172923558,172923787,"Intron",-151648,-0.681921126915676,2.42992698596487e-08,0.0408073125806855,1.68732907891518,0.00626007732868446,1.65264841300786
"chr2_172977584_172978250","ENSG00000091436","MAP3K20","mitogen-activated protein kinase kinase kinase 20","chr2",172977584,172978250,"Intron",-97185,0.573933372296903,8.50684536948602e-06,0.0408073125806855,1.68732907891518,0.00714068355748032,1.28512981232126
"chr9_38192718_38193216","ENSG00000107338","SHB","SH2 domain containing adaptor protein B","chr9",38192718,38193216,"Distal Intergenic",-123507,0.537484349023616,4.04303110906999e-05,0.0408807279248921,4.2314012907598,6.04178762438931e-09,2.61437094135688
"chr1_44472446_44473417","ENSG00000187147","RNF220","ring finger protein 220","chr1",44472446,44473417,"Intron",67252,0.463705435417884,0.000570548105664965,0.0408807279248921,0.591241737432696,1.32416821784435e-08,2.04706646070119
"chr1_117674472_117674888","ENSG00000183508","TENT5C","terminal nucleotidyltransferase 5C","chr1",117674472,117674888,"Distal Intergenic",68538,0.587618170988662,4.46515346167878e-06,0.0408807279248921,2.39889492479971,1.32596733556052e-06,1.05664682612131
"chr9_38139230_38139458","ENSG00000107338","SHB","SH2 domain containing adaptor protein B","chr9",38139230,38139458,"Distal Intergenic",-70019,0.640810818603969,2.88958052451593e-07,0.0408807279248921,4.2314012907598,9.56959844156731e-06,2.90337818590004
"chr9_38164324_38165209","ENSG00000107338","SHB","SH2 domain containing adaptor protein B","chr9",38164324,38165209,"Distal Intergenic",-95113,0.623967335237063,7.13944613138242e-07,0.0408807279248921,4.2314012907598,0.000259120927797913,1.89432864435664
"chr1_117644423_117644931","ENSG00000183508","TENT5C","terminal nucleotidyltransferase 5C","chr1",117644423,117644931,"Distal Intergenic",38489,0.545712240155275,2.88140231111518e-05,0.0408807279248921,2.39889492479971,0.000314514667471496,1.29603604584052
"chr9_37998926_37999669","ENSG00000107338","SHB","SH2 domain containing adaptor protein B","chr9",37998926,37999669,"Intron",69542,0.445867639946405,0.00100184339900411,0.0408807279248921,4.2314012907598,0.000397571314546754,1.35656013142067
"chr1_44460189_44460900","ENSG00000187147","RNF220","ring finger protein 220","chr1",44460189,44460900,"Intron",54995,0.527761542957335,5.91122407775931e-05,0.0408807279248921,0.591241737432696,0.000866171785790035,1.81592397087692
"chr9_38020569_38020848","ENSG00000107338","SHB","SH2 domain containing adaptor protein B","chr9",38020569,38020848,"Intron",48363,0.570230634009004,1.00738748730378e-05,0.0408807279248921,4.2314012907598,0.0058740312125476,1.74734202533817
"chr9_38030202_38030530","ENSG00000107338","SHB","SH2 domain containing adaptor protein B","chr9",38030202,38030530,"Intron",38681,0.517633159524463,8.70908475447273e-05,0.0408807279248921,4.2314012907598,0.00659344119891361,1.20421129196362
"chr18_32669676_32670010","ENSG00000197705","KLHL14","kelch like family member 14","chr18",32669676,32670010,"Downstream (2-3kb)",103052,0.742700543220565,2.81618686361995e-10,0.0413979317891355,2.15566403152202,7.05505925297284e-05,1.73612223802805
"chr18_32974469_32975226","ENSG00000197705","KLHL14","kelch like family member 14","chr18",32974469,32975226,"Exon",-201407,0.299286316443554,0.0361692505548753,0.0413979317891355,2.15566403152202,0.0001675969350818,1.87616739342682
"chr18_32813607_32813881","ENSG00000197705","KLHL14","kelch like family member 14","chr18",32813607,32813881,"Distal Intergenic",-40545,0.733684982391669,5.78362956312327e-10,0.0413979317891355,2.15566403152202,0.000193832054568434,1.58866081379882
"chr18_32815873_32816416","ENSG00000197705","KLHL14","kelch like family member 14","chr18",32815873,32816416,"Distal Intergenic",-42811,0.794488282012734,2.43453279629208e-12,0.0413979317891355,2.15566403152202,0.000624354775888565,1.08332275387869
"chr18_32918829_32919072","ENSG00000197705","KLHL14","kelch like family member 14","chr18",32918829,32919072,"Intron",-145767,0.659137954525406,9.99961142574135e-08,0.0413979317891355,2.15566403152202,0.00884700208537318,1.0977288995404
"chr12_42569349_42569508","ENSG00000139174","PRICKLE1","prickle planar cell polarity protein 1","chr12",42569349,42569508,"Intron",20847,0.670812139710759,4.92100816441599e-08,0.04200558241999,2.48854052028767,0.00174175772708976,1.01647608238532
"chr5_151703115_151703522","ENSG00000113140","SPARC","secreted protein acidic and cysteine rich","chr5",151703115,151703522,"Intron",-15950,-0.500935467393649,0.000161485479920162,0.0421128197180695,1.97515664824518,0.0028667135107895,1.78264457837885
"chr14_59107631_59108377","ENSG00000100592","DAAM1","dishevelled associated activator of morphogenesis 1","chr14",59107631,59108377,"Distal Intergenic",-80269,0.405376972530684,0.0032025073161447,0.0421188980205607,1.38361569613751,1.0370337025631e-12,3.00985248164761
"chr13_26721025_26722038","ENSG00000132975","GPR12","G protein-coupled receptor 12","chr13",26721025,26722038,"Distal Intergenic",38747,0.842076858027548,8.90631225000527e-15,0.0421188980205607,3.45265764657714,2.81171724970911e-11,1.20889393618541
"chr15_57217891_57218009","ENSG00000247982","LINC00926","long intergenic non-protein coding RNA 926","chr15",57217891,57218009,"Intron",-82356,-0.557685563997662,1.73725461189825e-05,0.0421188980205607,0.830852175313151,6.36396457356132e-08,1.4297279611851
"chr13_26957055_26957430","ENSG00000132975","GPR12","G protein-coupled receptor 12","chr13",26957055,26957430,"Distal Intergenic",-196270,0.763922027947547,4.56786871143724e-11,0.0421188980205607,3.45265764657714,1.18493524782676e-07,1.94777992790728
"chr15_57259579_57259914","ENSG00000247982","LINC00926","long intergenic non-protein coding RNA 926","chr15",57259579,57259914,"Intron",-40451,0.885167813767981,8.28773046822073e-18,0.0421188980205607,0.830852175313151,6.39967524600403e-05,1.34531318870441
"chr15_57134905_57135074","ENSG00000247982","LINC00926","long intergenic non-protein coding RNA 926","chr15",57134905,57135074,"Intron",-165291,-0.619821458116966,8.89264425319889e-07,0.0421188980205607,0.830852175313151,0.000322165813735839,3.41732300435205
"chr13_26762887_26763434","ENSG00000132975","GPR12","G protein-coupled receptor 12","chr13",26762887,26763434,"Distal Intergenic",-2102,0.772304866573583,2.1623394586103e-11,0.0421188980205607,3.45265764657714,0.000354959348204035,1.68055621876774
"chr14_59087484_59087672","ENSG00000100592","DAAM1","dishevelled associated activator of morphogenesis 1","chr14",59087484,59087672,"Distal Intergenic",-100974,0.498267735713785,0.000177667219342935,0.0421188980205607,1.38361569613751,0.00096037573884217,2.52097545624146
"chr14_59305274_59305756","ENSG00000100592","DAAM1","dishevelled associated activator of morphogenesis 1","chr14",59305274,59305756,"Intron",116628,0.439567504383402,0.00121283798036993,0.0421188980205607,1.38361569613751,0.0015724520773089,1.70669469622122
"chr15_57281319_57282067","ENSG00000247982","LINC00926","long intergenic non-protein coding RNA 926","chr15",57281319,57282067,"Exon",-18298,0.847574517825833,4.29688457078189e-15,0.0421188980205607,0.830852175313151,0.00414853434411146,1.54946045162817
"chr14_59175243_59175969","ENSG00000100592","DAAM1","dishevelled associated activator of morphogenesis 1","chr14",59175243,59175969,"Distal Intergenic",-12677,0.612741087083577,1.28553983772475e-06,0.0421188980205607,1.38361569613751,0.00819928721042771,1.00457595503459
"chr2_175373119_175373918","ENSG00000154518","ATP5MC3","ATP synthase membrane subunit c locus 3","chr2",175373119,175373918,"Intron",-188512,0.484540301254334,0.000286027633987895,0.0422835557006596,0.825219393517151,0.000912237753858389,1.94103703868646
"chr2_175567639_175568109","ENSG00000154518","ATP5MC3","ATP synthase membrane subunit c locus 3","chr2",175567639,175568109,"Distal Intergenic",-383032,0.508357685563998,0.00012304259715267,0.0422835557006596,0.825219393517151,0.00111244897029094,1.66305170993714
"chr2_159584784_159585248","ENSG00000224152","LOC643072","uncharacterized LOC643072","chr2",159584784,159585248,"Intron",-30048,0.68681876607028,1.75342415732524e-08,0.0424445365395252,3.02085486268754,0.000823584465870685,2.13085262390402
"chr19_14746782_14747182","ENSG00000127507","ADGRE2","adhesion G protein-coupled receptor E2","chr19",14746782,14747182,"3' UTR",31359,0.517696231271198,8.68890404434268e-05,0.0427727795163544,3.255914285664,0.00968770541675702,1.86044300958531
"chr17_81393759_81394334","ENSG00000266074","BAHCC1","BAH domain and coiled-coil containing 1","chr17",81393759,81394334,"Distal Intergenic",-1141,0.861827110011478,4.81756430187411e-16,0.0428873415407584,2.2413435366454,1.66312582581983e-05,1.04439241034101
"chr5_172918500_172919478","ENSG00000037241","RPL26L1","ribosomal protein L26 like 1","chr5",172918500,172919478,"Intron",-39251,-0.500467562828755,0.000164373035479895,0.0428902521394355,1.0950220407635,1.89575649369725e-23,1.42124694342005
"chr8_21984862_21985755","ENSG00000158806","NPM2","nucleophosmin/nucleoplasmin 2","chr8",21984862,21985755,"Exon",-38370,0.630408590176529,5.1096059289103e-07,0.0428902521394355,3.86508856038747,3.41397742896456e-12,1.23903425864081
"chr6_3651038_3651271","ENSG00000168994","PXDC1","PX domain containing 1","chr6",3651038,3651271,"Distal Intergenic",100755,0.430163118699666,0.00160233101256043,0.0429307884304388,3.53451643024525,0.000646312659763504,2.86230794063596
"chr8_80752939_80754382","ENSG00000164684","ZNF704","zinc finger protein 704","chr8",80752939,80754382,"Intron",120399,0.63624476177202,3.73768617220779e-07,0.0430670941449791,3.37859274299718,5.0882438410823e-05,1.80093491215366
"chr8_80925232_80925750","ENSG00000164684","ZNF704","zinc finger protein 704","chr8",80925232,80925750,"Distal Intergenic",-50451,-0.533646754275215,4.70996029784717e-05,0.0430670941449791,3.37859274299718,5.24061089664015e-05,1.05994081397505
"chr8_80720617_80721095","ENSG00000164684","ZNF704","zinc finger protein 704","chr8",80720617,80721095,"Intron",153686,0.35226706931936,0.012012995435526,0.0430670941449791,3.37859274299718,0.000361310114977012,2.02726288983784
"chr8_80764206_80764405","ENSG00000164684","ZNF704","zinc finger protein 704","chr8",80764206,80764405,"Intron",110376,-0.556568854148848,1.81921917497728e-05,0.0430670941449791,3.37859274299718,0.00088846210009246,1.53163103181559
"chr8_80839433_80840114","ENSG00000164684","ZNF704","zinc finger protein 704","chr8",80839433,80840114,"Intron",34667,0.718961051953203,1.83505458255628e-09,0.0430670941449791,3.37859274299718,0.00594709626681595,1.0365213226406
"chr18_11916942_11917266","ENSG00000154889","MPPE1","metallophosphoesterase 1","chr18",11916942,11917266,"Distal Intergenic",-7719,-0.516423144360023,9.12029260899218e-05,0.0432170817410096,0.672446534156507,0.00804033222179324,1.18275365884123
"chr9_68678353_68678818","ENSG00000107242","PIP5K1B","phosphatidylinositol-4-phosphate 5-kinase type 1 beta","chr9",68678353,68678818,"Distal Intergenic",-26596,0.570192869666862,1.00885290106884e-05,0.04327395109923,0.890682861980407,2.19487916364891e-20,1.40554324001802
"chr9_68682495_68682679","ENSG00000107242","PIP5K1B","phosphatidylinositol-4-phosphate 5-kinase type 1 beta","chr9",68682495,68682679,"Distal Intergenic",-22735,0.752308591466979,1.24882440116694e-10,0.04327395109923,0.890682861980407,0.000149660941921353,1.31409763747107
"chr9_68739410_68739979","ENSG00000107242","PIP5K1B","phosphatidylinositol-4-phosphate 5-kinase type 1 beta","chr9",68739410,68739979,"5' UTR",33996,-0.430859146697838,0.00156957910364813,0.04327395109923,0.890682861980407,0.00232388566239281,1.87926561460875
"chr7_151115341_151115542","ENSG00000133612","AGAP3","ArfGAP with GTPase domain, ankyrin repeat and PH domain 3","chr7",151115341,151115542,"Exon",29510,0.482419996383043,0.000307753940760591,0.0434458940165541,2.67242410278807,6.19194195125843e-06,1.00985973758133
"chr14_100534635_100535050","ENSG00000183092","BEGAIN","brain enriched guanylate kinase associated","chr14",100534635,100535050,"Downstream (2-3kb)",52363,-0.337565860205257,0.0165768549526311,0.0434458940165541,5.49767599137092,1.27136243836474e-05,1.8100746043942
"chr7_150514526_150516021","ENSG00000179144","GIMAP7","GTPase, IMAP family member 7","chr7",150514526,150516021,"Promoter",0,0.664571390257853,7.22291410787178e-08,0.0434458940165541,2.27013113066732,1.57846781226817e-05,1.11640472399228
"chr14_100618206_100618928","ENSG00000183092","BEGAIN","brain enriched guanylate kinase associated","chr14",100618206,100618928,"Distal Intergenic",-30793,-0.38176801805274,0.00593218790087652,0.0434458940165541,5.49767599137092,0.000147198244223914,1.34837400422217
"chr7_150502562_150503314","ENSG00000179144","GIMAP7","GTPase, IMAP family member 7","chr7",150502562,150503314,"Distal Intergenic",-11516,0.740852373855862,3.24100381258046e-10,0.0434458940165541,2.27013113066732,0.00517441652673763,1.29741450839755
"chr12_59603950_59604119","ENSG00000118596","SLC16A7","solute carrier family 16 member 7","chr12",59603950,59604119,"Intron",7883,0.506896551724138,0.000129843273845361,0.0435194899978044,1.04435147536717,0.000123156921705367,1.55317968546006
"chr12_59431427_59431690","ENSG00000118596","SLC16A7","solute carrier family 16 member 7","chr12",59431427,59431690,"Distal Intergenic",-164377,0.392203275951802,0.00453165835487257,0.0435194899978044,1.04435147536717,0.00256671412977848,1.3994028042948
"chr21_46394228_46394979","ENSG00000160305","DIP2A","disco interacting protein 2 homolog A","chr21",46394228,46394979,"Intron",-63920,0.442957334891876,0.00109306026028019,0.0439272861610763,0.689994659270331,0.000172799108448665,1.90939467279371
"chr4_38985327_38986207","ENSG00000121895","TMEM156","transmembrane protein 156","chr4",38985327,38986207,"Intron",46715,0.548626534190532,2.55134578534502e-05,0.044400464866264,1.27829062275542,3.65559394634156e-21,1.385658438026
"chr4_38958471_38959043","ENSG00000121895","TMEM156","transmembrane protein 156","chr4",38958471,38959043,"Distal Intergenic",73879,-0.326202583992815,0.0211330993474558,0.044400464866264,1.27829062275542,4.1585642710025e-19,5.84603353723237
"chr2_20676883_20677265","ENSG00000143869","GDF7","growth differentiation factor 7","chr2",20676883,20677265,"3' UTR",10219,0.757077419242554,8.29350234581912e-11,0.044400464866264,3.90753240069799,4.18787314299577e-08,2.38145943693415
"chr2_20727891_20728634","ENSG00000143869","GDF7","growth differentiation factor 7","chr2",20727891,20728634,"Intron",61227,-0.437008163552722,0.0013079083618134,0.044400464866264,3.90753240069799,0.00080229621856773,1.75676819599334
"chr4_128454325_128455282","ENSG00000251432","LINC02615","long intergenic non-protein coding RNA 2615","chr4",128454325,128455282,"Exon",161574,0.381616513718209,0.00595264555621078,0.0450843954229736,3.11862022520571,3.40022163603036e-22,1.11355423110007
"chr1_207298094_207299156","ENSG00000196352","CD55","CD55 molecule (Cromer blood group)","chr1",207298094,207299156,"Intron",-22352,0.539976621858562,3.65322578066783e-05,0.0450843954229736,1.05948588206189,2.82869158425488e-12,1.1056672599933
"chr1_207217983_207218541","ENSG00000196352","CD55","CD55 molecule (Cromer blood group)","chr1",207217983,207218541,"Distal Intergenic",-102967,0.563062536528346,1.37974340175128e-05,0.0450843954229736,1.05948588206189,6.36537470346751e-06,1.11672732068044
"chr4_128468525_128468706","ENSG00000251432","LINC02615","long intergenic non-protein coding RNA 2615","chr4",128468525,128468706,"Intron",175774,0.374186372462427,0.00714738306613022,0.0450843954229736,3.11862022520571,0.000494014034858442,1.73357723069562
"chr2_160931617_160931966","ENSG00000136560","TANK","TRAF family member associated NFKB activator","chr2",160931617,160931966,"Distal Intergenic",-204942,-0.509643483343074,0.000117373661116823,0.0450843954229736,0.930445982796094,0.0011960322264408,1.28053214151337
"chr2_160913265_160913600","ENSG00000136560","TANK","TRAF family member associated NFKB activator","chr2",160913265,160913600,"Distal Intergenic",-223308,-0.284699696156986,0.0475118986157729,0.0450843954229736,0.930445982796094,0.00621438666764924,1.79351804025442
"chr15_75328651_75329100","ENSG00000140365","COMMD4","COMM domain containing 4","chr15",75328651,75329100,"Distal Intergenic",-6791,0.553828170660433,2.04800086421758e-05,0.0450901602422652,0.660009336887673,0.00216690404271697,1.16635731932871
"chr6_10587635_10588370","ENSG00000111846","GCNT2","glucosaminyl (N-acetyl) transferase 2 (I blood group)","chr6",10587635,10588370,"Intron",95412,0.69642044876673,9.24972398504844e-09,0.0457176877702193,2.10169359408007,0.000367821100200957,1.5270573997505
"chr12_128783177_128783659","ENSG00000139370","SLC15A4","solute carrier family 15 member 4","chr12",128783177,128783659,"Distal Intergenic",40324,0.491817650496786,0.000222521010312734,0.0459459919238203,1.07314945926668,9.44564966743644e-77,2.18744166151021
"chr1_43461049_43461258","ENSG00000178922","HYI","hydroxypyruvate isomerase (putative)","chr1",43461049,43461258,"Distal Intergenic",-7060,0.593687901811806,3.32977425640825e-06,0.0459459919238203,1.50443089820614,5.15848446021741e-09,1.91571322979183
"chr16_11733858_11734875","ENSG00000153066","TXNDC11","thioredoxin domain containing 11","chr16",11733858,11734875,"Exon",8003,0.430391583869082,0.00159139819026352,0.0459459919238203,0.876366931082578,2.73839717418903e-07,1.2274443313079
"chr12_128810838_128811064","ENSG00000139370","SLC15A4","solute carrier family 15 member 4","chr12",128810838,128811064,"Intron",12919,0.627469316189363,5.95622322117222e-07,0.0459459919238203,1.07314945926668,2.99152953189438e-05,1.35489123800385
"chr3_151476442_151476992","ENSG00000152580","IGSF10","immunoglobulin superfamily member 10","chr3",151476442,151476992,"Distal Intergenic",-17733,0.730528723168127,7.51868965591722e-10,0.0459459919238203,3.78709287908063,9.28778696360959e-05,1.4877380880533
"chr9_123127713_123127783","ENSG00000236901","MIR600HG","MIR600 host gene","chr9",123127713,123127783,"Intron",-12236,0.492701529882078,0.000215846340415546,0.0459459919238203,1.15026124162465,0.000242147319812067,1.9331998007599
"chr3_151502386_151502603","ENSG00000152580","IGSF10","immunoglobulin superfamily member 10","chr3",151502386,151502603,"Distal Intergenic",-43677,0.300799911956537,0.0351273002881015,0.0459459919238203,3.78709287908063,0.00159895380118618,3.42360342126928
"chr3_195208215_195208633","ENSG00000230266","XXYLT1-AS2","XXYLT1 antisense RNA 2","chr3",195208215,195208633,"Intron",60344,-0.543462393528442,3.16507957393682e-05,0.0459459919238203,2.87753461223831,0.00167011839776736,1.7927139648309
"chr3_195194743_195195679","ENSG00000230266","XXYLT1-AS2","XXYLT1 antisense RNA 2","chr3",195194743,195195679,"Intron",46872,0.735142482805283,5.15172974050914e-10,0.0459459919238203,2.87753461223831,0.00598930994189856,1.03997002714047
"chr5_170552178_170553028","ENSG00000145936","KCNMB1","potassium calcium-activated channel subfamily M regulatory beta subunit 1","chr5",170552178,170553028,"Intron",-162501,0.637160410628288,3.54759062106129e-07,0.0459875306035952,3.14767632345079,2.95427627101767e-06,2.28972923643137
"chr5_170426621_170428225","ENSG00000145936","KCNMB1","potassium calcium-activated channel subfamily M regulatory beta subunit 1","chr5",170426621,170428225,"Intron",-36944,0.696274460954612,9.34646330761668e-09,0.0459875306035952,3.14767632345079,3.05301423883293e-06,1.54100569279058
"chr5_170563790_170564168","ENSG00000145936","KCNMB1","potassium calcium-activated channel subfamily M regulatory beta subunit 1","chr5",170563790,170564168,"Intron",-174113,0.479614297404265,0.000338154369600347,0.0459875306035952,3.14767632345079,4.51255804529475e-05,2.97709270704794
"chr5_170572008_170572885","ENSG00000145936","KCNMB1","potassium calcium-activated channel subfamily M regulatory beta subunit 1","chr5",170572008,170572885,"Intron",-182331,0.624981597545977,6.7688208050071e-07,0.0459875306035952,3.14767632345079,7.36460861842509e-05,2.21542662847996
"chr5_170481795_170482315","ENSG00000145936","KCNMB1","potassium calcium-activated channel subfamily M regulatory beta subunit 1","chr5",170481795,170482315,"Intron",-92118,0.356073633321494,0.0110128002131105,0.0459875306035952,3.14767632345079,8.57372950646558e-05,2.64877702495242
"chr5_170522247_170522679","ENSG00000145936","KCNMB1","potassium calcium-activated channel subfamily M regulatory beta subunit 1","chr5",170522247,170522679,"Intron",-132570,0.535346603957473,4.39950414302693e-05,0.0459875306035952,3.14767632345079,0.001609697727166,2.39902020841887
"chr11_118314380_118314610","ENSG00000198851","CD3E","CD3e molecule","chr11",118314380,118314610,"Exon",9835,0.46070048566658,0.000628147615940567,0.0459875306035952,3.4922757752641,0.00195529727051846,2.03201538064257
"chr5_170475148_170476053","ENSG00000145936","KCNMB1","potassium calcium-activated channel subfamily M regulatory beta subunit 1","chr5",170475148,170476053,"Intron",-85471,0.669617480876834,5.30706879283276e-08,0.0459875306035952,3.14767632345079,0.00547414372917229,1.46226562247899
"chrX_135489652_135489850","ENSG00000165359","INTS6L","integrator complex subunit 6 like","chrX",135489652,135489850,"Distal Intergenic",-30809,0.515955581531268,9.2516454711866e-05,0.0459953230738725,1.17811733452838,0.00293404806578703,1.47537035734293
"chr14_50979025_50979137","ENSG00000100504","PYGL","glycogen phosphorylase L","chr14",50979025,50979137,"3' UTR",-34289,-0.639093774018544,3.18195002488676e-07,0.0460236782935385,3.20373263371865,1.52606958806197e-05,1.61260718401963
"chr14_50978183_50978722","ENSG00000100504","PYGL","glycogen phosphorylase L","chr14",50978183,50978722,"Intron",-33447,-0.538705344648715,3.84439067919257e-05,0.0460236782935385,3.20373263371865,0.00035159703215624,1.1118753843824
"chr14_50961532_50962388","ENSG00000100504","PYGL","glycogen phosphorylase L","chr14",50961532,50962388,"Exon",-16796,0.567969435964869,1.11738055256443e-05,0.0460236782935385,3.20373263371865,0.00253939861070806,1.81809812285061
"chr15_41079540_41080411","ENSG00000128908","INO80","INO80 complex subunit","chr15",41079540,41080411,"5' UTR",35943,0.535476329631794,4.38050957684907e-05,0.0461915603917611,0.685960330975105,5.75005559409816e-10,1.14502993237807
"chr9_96680676_96681456","ENSG00000158122","PRXL2C","peroxiredoxin like 2C","chr9",96680676,96681456,"Distal Intergenic",-25373,0.471478667445938,0.000442407815164796,0.0461915603917611,1.36527938321137,0.00828656963036087,1.38729561021986
"chr8_143370605_143370908","ENSG00000158106","RHPN1","rhophilin Rho GTPase binding protein 1","chr8",143370605,143370908,"Intron",1750,0.699883109292811,7.26772355566429e-09,0.0462541730441647,1.26892479718707,0.000141865207240879,1.29039213968734
"chr3_129599587_129599880","ENSG00000004399","PLXND1","plexin D1","chr3",129599587,129599880,"Intron",6938,0.848559239277493,3.89116983397805e-15,0.0462923142421468,1.91851314391601,0.000759607703603671,1.10878838351591
"chr17_31882470_31882931","ENSG00000108651","UTP6","UTP6, small subunit processome component","chr17",31882470,31882931,"Intron",18834,0.464699006428989,0.000552349201052724,0.0463173894506416,0.633948081774357,2.33622360359196e-20,1.2763232581444
"chr17_31917185_31917398","ENSG00000108651","UTP6","UTP6, small subunit processome component","chr17",31917185,31917398,"Distal Intergenic",-15420,-0.349035651665693,0.0129163032552842,0.0463173894506416,0.633948081774357,3.3050090650111e-08,1.24602921679135
"chr22_25561893_25562228","ENSG00000100077","GRK3","G protein-coupled receptor kinase 3","chr22",25561893,25562228,"Intron",-2621,0.802045587375804,1.08445515207077e-12,0.0463173894506416,0.704891303725592,5.07471444610777e-07,1.05953441945323
"chr22_25572803_25573194","ENSG00000100077","GRK3","G protein-coupled receptor kinase 3","chr22",25572803,25573194,"Intron",7954,0.401694915254237,0.00353217119351402,0.0463173894506416,0.704891303725592,2.49962958918673e-06,1.00176682975087
"chr22_25650891_25651507","ENSG00000100077","GRK3","G protein-coupled receptor kinase 3","chr22",25650891,25651507,"Intron",86042,0.708007013442431,4.0529717440895e-09,0.0463173894506416,0.704891303725592,7.63568699762562e-06,1.05404024531581
"chr15_25869671_25870072","ENSG00000206190","ATP10A","ATPase phospholipid transporting 10A (putative)","chr15",25869671,25870072,"Intron",-4499,0.724977475151155,1.14732743337993e-09,0.0468144697649681,3.05753090827163,0.00477466104080849,1.47963108884654
"chr15_25880262_25880628","ENSG00000206190","ATP10A","ATPase phospholipid transporting 10A (putative)","chr15",25880262,25880628,"Distal Intergenic",-15090,0.291514089189887,0.0418816924998612,0.0468144697649681,3.05753090827163,0.00494585587680728,1.45503530096254
"chr14_95876006_95876910","ENSG00000250366","TUNAR","TCL1 upstream neural differentiation-associated RNA","chr14",95876006,95876910,"Promoter",0,0.704355292605895,5.28895305433188e-09,0.0469768843012353,3.49648066367893,2.85306563059959e-10,1.20802684943346
"chr14_95903289_95904078","ENSG00000250366","TUNAR","TCL1 upstream neural differentiation-associated RNA","chr14",95903289,95904078,"Intron",26897,0.444079974927112,0.00105761007634736,0.0469768843012353,3.49648066367893,2.10342496226561e-06,3.21306412013022
"chr4_1105586_1105724","ENSG00000178222","RNF212","ring finger protein 212","chr4",1105586,1105724,"Intron",7838,0.421214159980179,0.00205882497890492,0.0469768843012353,2.08922244153818,0.00379455684744059,1.80935403821525
"chr22_29475694_29475826","ENSG00000100285","NEFH","neurofilament heavy","chr22",29475694,29475826,"Intron",-4404,-0.65954124804371,9.77305367188703e-08,0.0473735303476468,4.5208459961967,8.86332976023854e-05,1.03405969275937
"chr21_44854502_44855323","ENSG00000183255","PTTG1IP","PTTG1 interacting protein","chr21",44854502,44855323,"Exon",18580,0.757334891876096,8.10059289161695e-11,0.047495284172147,0.780950089148431,2.3876028573592e-27,1.63749635784339
"chr18_711549_712986","ENSG00000132199","ENOSF1","enolase superfamily member 1","chr18",711549,712986,"Promoter",0,0.589888953828171,4.01681923527319e-06,0.0475009480042797,1.82737270924787,3.047304147263e-19,1.53676102140244
"chr1_76285647_76286229","ENSG00000184005","ST6GALNAC3","ST6 N-acetylgalactosaminide alpha-2,6-sialyltransferase 3","chr1",76285647,76286229,"Intron",210928,-0.300785779291806,0.0351318197204335,0.0477133419241648,5.06261296407186,6.8888762804782e-11,2.22954888766226
"chr1_76267796_76267963","ENSG00000184005","ST6GALNAC3","ST6 N-acetylgalactosaminide alpha-2,6-sialyltransferase 3","chr1",76267796,76267963,"Intron",193077,-0.542577824962012,3.27603062574031e-05,0.0477133419241648,5.06261296407186,7.79058405620186e-09,1.70795137743313
"chr1_76137044_76137189","ENSG00000184005","ST6GALNAC3","ST6 N-acetylgalactosaminide alpha-2,6-sialyltransferase 3","chr1",76137044,76137189,"Intron",62325,0.458207028514314,0.00068069740445077,0.0477133419241648,5.06261296407186,8.48163549379133e-09,1.81891090738644
"chr1_76284883_76285394","ENSG00000184005","ST6GALNAC3","ST6 N-acetylgalactosaminide alpha-2,6-sialyltransferase 3","chr1",76284883,76285394,"Intron",210164,-0.37305897884815,0.00735122902931024,0.0477133419241648,5.06261296407186,9.00426520350296e-07,2.00454985069724
"chr1_76052767_76053250","ENSG00000184005","ST6GALNAC3","ST6 N-acetylgalactosaminide alpha-2,6-sialyltransferase 3","chr1",76052767,76053250,"Intron",-21469,-0.461314544485245,0.000615511581529442,0.0477133419241648,5.06261296407186,2.93021407918613e-06,1.81217860629408
"chr1_76110066_76110618","ENSG00000184005","ST6GALNAC3","ST6 N-acetylgalactosaminide alpha-2,6-sialyltransferase 3","chr1",76110066,76110618,"Intron",35347,0.420888559692754,0.00207887106738755,0.0477133419241648,5.06261296407186,2.729430699005e-05,1.38762965362177
"chr1_76023718_76024221","ENSG00000184005","ST6GALNAC3","ST6 N-acetylgalactosaminide alpha-2,6-sialyltransferase 3","chr1",76023718,76024221,"Distal Intergenic",-50498,-0.425272296598147,0.00184456353960287,0.0477133419241648,5.06261296407186,0.000155498378671533,2.00394832136153
"chr1_76261558_76262233","ENSG00000184005","ST6GALNAC3","ST6 N-acetylgalactosaminide alpha-2,6-sialyltransferase 3","chr1",76261558,76262233,"Intron",186839,-0.431288849385008,0.00155105348928142,0.0477133419241648,5.06261296407186,0.00411936013783297,1.74449453454504
"chr1_76463826_76464211","ENSG00000184005","ST6GALNAC3","ST6 N-acetylgalactosaminide alpha-2,6-sialyltransferase 3","chr1",76463826,76464211,"Intron",389107,-0.414019841358279,0.00252109652925812,0.0477133419241648,5.06261296407186,0.00704352752330452,1.61411566597178
"chr1_76227746_76228610","ENSG00000184005","ST6GALNAC3","ST6 N-acetylgalactosaminide alpha-2,6-sialyltransferase 3","chr1",76227746,76228610,"Intron",153027,-0.424707875116463,0.00187459321552664,0.0477133419241648,5.06261296407186,0.00934037218181015,1.30247605440258
"chr6_106676861_106677549","ENSG00000130348","QRSL1","QRSL1, glutaminyl-tRNA amidotransferase subunit A","chr6",106676861,106677549,"Distal Intergenic",47283,0.483518410286382,0.000296113137762788,0.048091399957877,0.722538036733422,3.93474118929834e-06,1.14659149334277
"chr6_106688462_106688814","ENSG00000130348","QRSL1","QRSL1, glutaminyl-tRNA amidotransferase subunit A","chr6",106688462,106688814,"Distal Intergenic",58884,0.634365867913501,4.13359753138273e-07,0.048091399957877,0.722538036733422,0.000661558546547223,1.04145512992008
"chr6_106683124_106683905","ENSG00000130348","QRSL1","QRSL1, glutaminyl-tRNA amidotransferase subunit A","chr6",106683124,106683905,"Distal Intergenic",53546,0.67895967270602,2.94948808387395e-08,0.048091399957877,0.722538036733422,0.00105240056259905,1.16566981592772
"chr9_92312968_92313603","ENSG00000188312","CENPP","centromere protein P","chr9",92312968,92313603,"Intron",-11881,0.305827308665874,0.0318777526489338,0.048091399957877,2.26349458777581,0.00512342163227783,1.83472705300785
"chr19_48630797_48631026","ENSG00000105516","DBP","D-box binding PAR bZIP transcription factor","chr19",48630797,48631026,"3' UTR",6412,-0.415254237288136,0.00243665687038832,0.048091399957877,1.31960907794619,0.00612386408392281,1.10399744143777
"chr6_24974340_24975085","ENSG00000111913","RIPOR2","RHO family interacting cell polarization regulator 2","chr6",24974340,24975085,"Intron",67085,0.454295733489188,0.00076942607376983,0.0480935066510412,0.600631110332128,7.50103517904053e-10,1.34581762160351
"chr6_25047063_25047226","ENSG00000111913","RIPOR2","RHO family interacting cell polarization regulator 2","chr6",25047063,25047226,"Intron",-4893,0.766335476329632,3.65553301927594e-11,0.0480935066510412,0.600631110332128,1.17781551503594e-07,1.55330460232982
"chr14_58480097_58480276","ENSG00000100575","TIMM9","translocase of inner mitochondrial membrane 9","chr14",58480097,58480276,"Intron",-52483,-0.380654587960257,0.00609485917345163,0.0480935066510412,1.15842539702873,2.44872481996284e-07,1.46680435343952
"chr22_29079398_29079697","ENSG00000183762","KREMEN1","kringle containing transmembrane protein 1","chr22",29079398,29079697,"Intron",6320,0.704880461719885,5.102755530273e-09,0.0480935066510412,2.78881068998605,1.55982118032676e-05,1.72652062386348
"chr22_29077697_29078683","ENSG00000183762","KREMEN1","kringle containing transmembrane protein 1","chr22",29077697,29078683,"Intron",4619,0.809233289441613,5.13609297215634e-13,0.0480935066510412,2.78881068998605,0.000664623618789606,1.08006307174905
"chr6_24959325_24959771","ENSG00000111913","RIPOR2","RHO family interacting cell polarization regulator 2","chr6",24959325,24959771,"Intron",82399,-0.650029222676797,1.7257971817447e-07,0.0480935066510412,0.600631110332128,0.00890796451793222,1.09877155044866
"chr10_70503598_70504089","ENSG00000107719","PALD1","phosphatase domain containing paladin 1","chr10",70503598,70504089,"Intron",24777,0.422530324759013,0.00198748636004204,0.048186506997872,3.26297953401704,2.03061958412679e-07,2.99560060064768
"chr3_46948182_46948490","ENSG00000160796","NBEAL2","neurobeachin like 2","chr3",46948182,46948490,"Intron",-31193,0.281998831092928,0.0497843633465733,0.0484227072005694,1.05963133650298,3.09349158340437e-05,1.30711034017578
"chr3_46958895_46959533","ENSG00000160796","NBEAL2","neurobeachin like 2","chr3",46958895,46959533,"Intron",-20150,0.342489772063121,0.0149174877593769,0.0484227072005694,1.05963133650298,0.00146047905666488,1.19587755512532
"chr5_68315634_68315992","ENSG00000145675","PIK3R1","phosphoinositide-3-kinase regulatory subunit 1","chr5",68315634,68315992,"Distal Intergenic",99914,-0.615137346580947,1.13823580970599e-06,0.0488056092859935,0.671524840856281,7.17510740250632e-07,1.35224122617183
"chr5_68378329_68378892","ENSG00000145675","PIK3R1","phosphoinositide-3-kinase regulatory subunit 1","chr5",68378329,68378892,"Distal Intergenic",162609,0.72875511396844,8.55188224203624e-10,0.0488056092859935,0.671524840856281,8.68608088454689e-06,1.21292763557388
"chr5_68519206_68519493","ENSG00000145675","PIK3R1","phosphoinositide-3-kinase regulatory subunit 1","chr5",68519206,68519493,"Distal Intergenic",303486,0.538106370543542,3.94051866852441e-05,0.0488056092859935,0.671524840856281,4.33770211370733e-05,2.85240317080634
"chr5_68540176_68540807","ENSG00000145675","PIK3R1","phosphoinositide-3-kinase regulatory subunit 1","chr5",68540176,68540807,"Distal Intergenic",324456,0.376212741087084,0.00679369733872829,0.0488056092859935,0.671524840856281,0.00114624641115199,1.1316554698224
"chr5_68344524_68345195","ENSG00000145675","PIK3R1","phosphoinositide-3-kinase regulatory subunit 1","chr5",68344524,68345195,"Distal Intergenic",128804,0.394155464640561,0.00431053036154902,0.0488056092859935,0.671524840856281,0.00341138453221454,1.55157150739033
"chr5_68420305_68421096","ENSG00000145675","PIK3R1","phosphoinositide-3-kinase regulatory subunit 1","chr5",68420305,68421096,"Distal Intergenic",204585,0.444301578024547,0.00105112229024932,0.0488056092859935,0.671524840856281,0.00836176089181738,1.10566425944631
"chr5_68277420_68277682","ENSG00000145675","PIK3R1","phosphoinositide-3-kinase regulatory subunit 1","chr5",68277420,68277682,"Intron",61700,0.394798363530099,0.00423712280363535,0.0488056092859935,0.671524840856281,0.00998797861717233,1.40686170089718
"chr13_73879446_73880163","ENSG00000118922","KLF12","Kruppel like factor 12","chr13",73879446,73880163,"Intron",253742,0.33728813559322,0.0166691714690257,0.0489679474063759,1.16165615937355,0.00047734490676597,1.22769078960826
"chr13_73874307_73874646","ENSG00000118922","KLF12","Kruppel like factor 12","chr13",73874307,73874646,"Intron",259259,-0.355581531268264,0.0111408877981191,0.0489679474063759,1.16165615937355,0.00181139806316833,1.07008272572367
"chr13_73961359_73961560","ENSG00000118922","KLF12","Kruppel like factor 12","chr13",73961359,73961560,"Intron",172345,-0.285522240244562,0.0468218235852663,0.0489679474063759,1.16165615937355,0.00933276024637479,1.66925071220557
"chr2_138090363_138090812","ENSG00000150540","HNMT","histamine N-methyltransferase","chr2",138090363,138090812,"Distal Intergenic",126343,0.528711585571571,5.70375126937841e-05,0.049062505241104,5.24258744022113,8.02526641931093e-06,1.76060910795909
"chr2_138028301_138028845","ENSG00000150540","HNMT","histamine N-methyltransferase","chr2",138028301,138028845,"Distal Intergenic",64281,0.527825408483283,5.9009996430852e-05,0.049062505241104,5.24258744022113,2.69713911293114e-05,1.72310111750844
"chr19_14605365_14605637","ENSG00000187912","CLEC17A","C-type lectin domain containing 17A","chr19",14605365,14605637,"Intron",22281,0.767736470498096,3.24096504759931e-11,0.049062505241104,2.92739834667582,0.00241267084855754,1.17174112947327
"chr2_137964016_137964312","ENSG00000150540","HNMT","histamine N-methyltransferase","chr2",137964016,137964312,"Promoter",0,0.501391632024751,0.000158768192270021,0.049062505241104,5.24258744022113,0.00359265115323457,1.67193720571517
"chr2_137969255_137969631","ENSG00000150540","HNMT","histamine N-methyltransferase","chr2",137969255,137969631,"Intron",5235,0.487771219568914,0.000256510020473081,0.049062505241104,5.24258744022113,0.00363486406603795,2.00246606084987
"chr2_138115757_138116087","ENSG00000150540","HNMT","histamine N-methyltransferase","chr2",138115757,138116087,"Distal Intergenic",151737,0.433791676350335,0.00143931330995009,0.049062505241104,5.24258744022113,0.00426950533002983,2.14320414714336
"chr2_137964460_137964680","ENSG00000150540","HNMT","histamine N-methyltransferase","chr2",137964460,137964680,"Promoter",440,0.364302574488684,0.00908502766525692,0.049062505241104,5.24258744022113,0.00755512477445969,1.86086177945914
"chr4_6889570_6889769","ENSG00000132405","TBC1D14","TBC1 domain family member 14","chr4",6889570,6889769,"Distal Intergenic",-19473,-0.367166290453627,0.00848647711883356,0.0492422151689404,0.637971929893764,0.000142959994563397,2.28921786946765
"chr4_6855949_6856150","ENSG00000132405","TBC1D14","TBC1 domain family member 14","chr4",6855949,6856150,"Intron",-53092,-0.56736220799467,1.14652919130048e-05,0.0492422151689404,0.637971929893764,0.00909712118943516,1.84981367432982
"chr19_18496284_18496658","ENSG00000105656","ELL","elongation factor for RNA polymerase II","chr19",18496284,18496658,"Intron",25469,-0.523670368205728,6.91966719091822e-05,0.049832479750315,0.806329606328367,0.00192100062547827,1.29430285233111
